Place,Name Variant,Diocese,Institution,Office,Column_num,Reference
Aachen,"Aquisgran., Aquen.",Leod. dioc.,eccl. s. Adalberti,prepos.,239,
Aachen,"Aquisgran., Aquen.",Leod. dioc.,eccl. s. Adalberti,can.,239,
Aachen,"Aquisgran., Aquen.",Leod. dioc.,eccl. s. Marie,,54,
Aachen,"Aquisgran., Aquen.",Leod. dioc.,eccl. s. Marie,prepos.,"107, 161, 179, 256",
Aachen,"Aquisgran., Aquen.",Leod. dioc.,eccl. s. Marie,decan.,"6, 137",
Aachen,"Aquisgran., Aquen.",Leod. dioc.,eccl. s. Marie,cantor.,325,
Aachen,"Aquisgran., Aquen.",Leod. dioc.,eccl. s. Marie,archipresbyt.,183,
Aachen,"Aquisgran., Aquen.",Leod. dioc.,eccl. s. Marie,dign.,"166, 313",
Aachen,"Aquisgran., Aquen.",Leod. dioc.,eccl. s. Marie,can.,"7, 57, 137, 157, 161, 166, 194, 204, 258, 303, 325, 354, 355",
Aachen,"Aquisgran., Aquen.",Leod. dioc.,eccl. s. Marie,capit.,"107, 161, 179, 256",
Aachen,"Aquisgran., Aquen.",Leod. dioc.,eccl. s. Marie,vic.,"159, 326",
Aachen,"Aquisgran., Aquen.",Leod. dioc.,eccl. s. Marie,capel.,159,
Aachen,"Aquisgran., Aquen.",Leod. dioc.,par. eccl. s. Flori,,217,
Aachen,"Aquisgran., Aquen.",Leod. dioc.,par. eccl. b. Marie,,239,
Aachen,"Aquisgran., Aquen.",Leod. dioc.,capel. s. Salvatoris,,325,
Aachen,"Aquisgran., Aquen.",Leod. dioc.,dom. ord. Carmelit.,,133,
Aachen,"Aquisgran., Aquen.",Leod. dioc.,dom. s. Egidii ord. b. Marie Theuton.,,325,
Aachen,"Aquisgran., Aquen.",Leod. dioc.,,opid.,"54, 217",
Aalen,Aulon,August. dioc.,par. eccl.,,5,
Aargau,Ergoye,Const. dioc.,,archidiacon.,94,
Abcoude,,Traiect. dioc.,,dominus loci,368,
Abstetten,Absteten,Patav. dioc.,par. eccl.,,"76, 358",
Acco,Acconen.,,,ep.,"94, 168",
Aczmanstorff,,,,,,Azmannsdorf
Adensen,"Adenoys, Andenois",Minden. dioc.,par. eccl.,,"361, 376",
Adewoert,,,,,,Adwert
Adlefsen,,,,,,Azum
Admont,,Salzb. dioc.,mon. o. s. B.,,353,
Admont,,Salzb. dioc.,mon. o. s. B.,abb.,353,
Adorf,,Nuemb. dioc.,,castrum,13,
Adriach,,Salzb. dioc.,par. eccl.,,"339, 340",
Adwert,"Adewert, Adewoert",Monast. dioc.,mon. Cist. ord.,monach,"148, 160",
Aemps,,,,,,Ems
Affenhausen,Affhausen,Patav. dioc.,par. eccl.,,353,
Agauen.,,,,,,St. Moritz
Agde,Agaten.,,eccl.,prepos.,300,
St. Ägyden bei Steinbrück,Raczach,Aquil. dioc.,par. eccl.,,313,
Ägina,Egninen.,,,ep.,363,
Agneyum,,? Meten. dioc.,,priorat. o. s. B.,312,
Agram,Zagabien.,,,ep.,284,
Agram,Zagabien.,,eccl.,can.,284,
Agram,Zagabien.,,,dioc.,247,
Aholming,Ohalming,Patav. dioc.,par. eccl.,,385,
Aich,Aych,Aquil. dioc.,par. eccl.,,243,
Aiterhofen,,Ratisp. dioc.,par. eccl.,,284,
Aix,Aquen.,,,dioc.,208,
Alamannia,,,,,,Deutschland
Alba,,,,,,Herrenalb
Albano,Albanen.,,,ep.,201,
Albeins,,Brixin. dioc.,par. eccl.,,119,
Albicastren,,,,ep.,370,
Albrechtsberg,Albrechtzperg,Patav. dioc.,par. eccl. s. Laurentii,,359,
Almaria,,,,,,Alkmaar
Aldenburg,,,,,,Altenburg
Aldensalen. (Aldenzalen),,,,,,Oldenzaal
Alet,Electen.,,,ep.,"162, 357",
Alexandrien,Alexandria,,,op.,305,
Alfeld,Auelden.,Hildesem. dioc.,capel. s. Spiritus,,265,
Algesheim,"Algisheim, Algensheim",Magunt. dioc.,par. eccl.,,274,
Algesheim,"Algisheim, Algensheim",Magunt. dioc.,,campanaria,117,
Alkmaar,Alcmaria,Traiect. dioc.,eccl. secul.,abbat.,264,
Alkmaar,Alcmaria,Traiect. dioc.,par. eccl.,,"136, 137",
Allerheiligen,Omniusanctorum,Wratisl. dioc.,par. eccl. Omniusanctorum,,"284, 29",
Almkerk,Almkerc,Traiect. dioc.,par. eccl.,,372,
Alsleben,,,,,,Groß-Alsleben
Altaich (Altach),,,,,,Ober- resp. Nieder-Altaich
Altdamm,? Damnis,Camin. dioc.,par. eccl. s. Nicolai,,147,
Altdorf,,Argent. dioc.,mon. o. s. B.,monach.,220,
Altdorf,Altdorff al. Engenpach,Ratisp. dioc.,par. eccl.,,91,
Altenburg,Aldenburg,Nuemb. dioc.,eccl. b. Marie Virg. in castro,,46,
Altenburg,Aldenburg,Nuemb. dioc.,eccl. b. Marie Virg. in castro,prepos.,112,
Altenburg,Aldenburg,Nuemb. dioc.,capel. s. Georgii in castro,,46,
Altenmünster,de Hayaualteri al. d. Altomonasterio,Const. dioc.,par. eccl.,,327,
Altenromhilt,,,,,,Römhild
Altstetten,Altsteten,Const. dioc.,eccl. filialis,,140,
Alvensleben,Aluenzleue,Halberst. dioc.,capel.,,143,
Alzei,"Alzeya, Altzeia",Magunt. dioc.,dom. s. Antonii o. s. A.,preceptor,"228, 308",
St. Amarin,de Sanctoameri(a)n,Basil. dioc.,eccl. s. Amerini,prepos.,"73, 237",
St. Amarin,de Sanctoameri(a)n,Basil. dioc.,eccl. s. Amerini,can.,73,
St. Amarin,de Sanctoameri(a)n,Basil. dioc.,eccl. s. Amerini,capit.,237,
Amatia,,,,advocatus,61,
Amberg,Amberga,Ratisp. dioc.,,vicedominus,205,
Amersfoort,Amersforden.,Traiect. dioc.,eccl. s. Georgii,can.,"159, 162, 224",
Amoeneburg,Ameneburg,Magunt. dioc.,eccl.,scolast.,163,
Amoeneburg,Ameneburg,Magunt. dioc.,eccl.,can.,163,
Amsterdam,Aemsterdam,Traiect. dioc.,par. eccl. 62 373. Nieuwe-Zijdskapel (Heiligestede),,373,
Anania,,,,,,Nonsberg
Anasum,,,,,,Enns
Andegauien.,,,,,,Angers
Andelac.,,,,,,Andlau
Andenoys,,,,,,Adensen
Andernach,Andernacen.,Trev. dioc.,capel. s. Michaelis,,227,
Andgardaw,,,,,,Stams
Andlau,"Andello, Andelacen., Vallis-andelache",Argent. dioc.,mon. nullius ord.,monialis,272,
Andlau,"Andello, Andelacen., Vallis-andelache",Argent. dioc.,mon. nullius ord.,alt. in eccl.,43,
Angarien.,,,,,,Enger
Angelsdorf,Angelstorp,Colon. dioc.,par. eccl.,,319,
Angers,Andegavien.,,,dioc.,314,
Anglia,,,,,,England
St. Anne,,? Msn. dioc.,capel. s. Anne hosp. paup.,,245,
Ansbach,"Onelspach, Onalspacen.",Her-bipol. dioc.,eccl. s. Gumperti,,297,
Ansbach,"Onelspach, Onalspacen.",Her-bipol. dioc.,eccl. s. Gumperti,decan.,87,
Ansbach,"Onelspach, Onalspacen.",Her-bipol. dioc.,eccl. s. Gumperti,can.,"87, 92, 120, 165, 181, 311, 334, 346, 349, 400",
Ansbach,"Onelspach, Onalspacen.",Her-bipol. dioc.,eccl. s. Gumperti,vic.,223,
Ansperg,"Onsperg, Omsberg, Homsber, Musberg",Bamberg. dioc.,capel. s. Viti,,"123, 334",
Antiochien,Antiochia,,,patr.,30,
Antiqua Vlissinghen,,,,,,Vlissinghen
Aosta,Augusten.,,,ep.,"49, 147, 242, 330, 361, 366",
Appenheim,,Magunt. dioc.,par. eccl.,,317,
Appenzell,Appenceller,,,rustici,330,
Aquen.,,,,,,"Aachen, Aix"
Aquileja,Aquilegien.,,,patr.,"12, 24, 125, 170, 287, 321, 352",
Aquileja,Aquilegien.,,eccl.,can.,"279, 287",
Aquileja,Aquilegien.,,eccl.,capit.,"278, 321, 352",
Aquileja,Aquilegien.,,eccl.,benef.,279,
Aquileja,Aquilegien.,,,presb.,"125, 278, 284, 321, 340",
Aquileja,Aquilegien.,,,cler.,"110, 192, 375",
Aquileja,Aquilegien.,,,scolar.,236,
Aquileja,Aquilegien.,,,armig.,"128, 176",
Aquileja,Aquilegien.,,,mil.,"42, 50, 107, 110, 167",
Aquileja,Aquilegien.,,,laici,125,
Aquileja,Aquilegien.,,,castella,12,
Aquisgran.,,,,,,Aachen
Aragon,,,,rex,334,
Arberg,,Eystet. dioc.,par. eccl.,,96,
Ardagger,Ardeac.,Patav. dioc.,eccl. s. Margarete,prepos.,170,
Ardagger,Ardeac.,Patav. dioc.,eccl. s. Margarete,can.,321,
Aresdorf,,,,,,Arsdorf
Arezzo,Aretin.,,,ep.,113,
Arezzo,Aretin.,,,civit.,13,
Argentin.,,,,,,Strassburg
Arheiligen,Arheilgen,Magunt. dioc.,capel. b. Marie Virg.,,54,
Arien,,,,ep.,90,
Arimin.,,,,,,Rimini
Armuth,Armud,Magunt. dioc.,capel. s. Catherine,,192,
Arnheim,Arnhemen.,Traiect. dioc.,eccl. s. Walburgis,prepos.,6,
Arnheim,Arnhemen.,Traiect. dioc.,eccl. s. Walburgis,decan.,"100, 258",
Arnheim,Arnhemen.,Traiect. dioc.,eccl. s. Walburgis,can.,"215, 225, 313, 347",
Arni,,Const. dioc.,par. eccl. s. Johannis bapt.,,186,
Arnoldshof,,,,,,Rottweil
Arnoldstein,Arnoldstain,Aquil. dioc.,mon. o. s. B.,,192,
St. Arnual,de Sanctoarnuale,Meten. dioc.,eccl. s. Arnualis,can.,314,
Arsdorf,Aresdorf,Trev. dioc.,par. eccl.,,46,
Arth,Art,Const. dioc.,par. eccl.,,360,
Asbach,Aspach,Patav. dioc.,par. eccl.,,"213, 284",
Aschaffenburg,Aschaffinburg,Magunt. dioc.,eccl. ss. Petri et Alexandri,prepos.,88,
Aschaffenburg,Aschaffinburg,Magunt. dioc.,eccl. ss. Petri et Alexandri,can.,"28, 90, 114, 158, 195, 309, 310",
Aschaffenburg,Aschaffinburg,Magunt. dioc.,eccl. ss. Petri et Alexandri,capit.,88,
Aschaffenburg,Aschaffinburg,Magunt. dioc.,par. eccl. s. Agathe e. m.,,158,
Aschendorf,Asschendorpe,Osnab. dioc.,par. eccl.,,64,
Aschersleben,"Asschersleiben, Aschersleue",Halberst. dioc.,capel. s. Nicolai in castro,,"120, 130, 387",
Asselburg,,,,,,Hasselburg
Assinden.,,,,,,Essen
Assisi,Assisinat.,,mon. s. Petri o. s. B.,abb.,288,
Athesis,,,,,,Etsch
Athyra,Naturen.,,,ep.,110,
Attendorn,,Colon. dioc.,par. eccl.,,355,
Attenheim,Atensheim,Patav. dioc.,capel. hosp. paup.,,324,
Attenhofen,Attelkouen,Ratisp. dioc.,par. eccl.,,367,
Attersdorf,,,,,,Ottersdorf
Atting,Ating,Ratisp. dioc.,par. eccl.,,27,
Au,Ow,Const. dioc.,eccl. s. Georgii,can.,186,
Au,Aw,Frising. dioc.,eccl. filialis,,7,
Au,,,,,,St. Maria in Au
Aub,"Augea, Auwe",Herbipol. dioc.,eccl. s. Marie o. s. A.,prepos.,281,
Aub,"Augea, Auwe",Herbipol. dioc.,mon. o. s. B.,,59,
Audorf,"Ousdorff, Oustorff",Salzb. dioc.,par. eccl.,,"129, 292",
Aue,? Oue,Traiect. dioc.,par. eccl.,,130,
Auerbach,Awrbach,Patav. dioc.,par. eccl.,,"187, 206",
Augea,,,,,,Aub
Augia,,,,,,Breisach
Augia maior,,,,,,Reichenau
Augsburg,Augusten.,,,ep. (el.),"7, 51, 52, 75, 76, 84, 88, 115, 125, 184, 199, 212, 213, 219, 298",
Augsburg,Augusten.,,,vic. episc.,"125, 184, 212",
Augsburg,Augusten.,,,mensa episc.,52,
Augsburg,Augusten.,,eccl.,prepos.,392,
Augsburg,Augusten.,,eccl.,decan.,135,
Augsburg,Augusten.,,eccl.,custod.,"51, 219",
Augsburg,Augusten.,,eccl.,dign.,311,
Augsburg,Augusten.,,eccl.,can.,"52, 88, 93, 96, 121, 135, 207, 212, 219, 311, 359, 376, 392",
Augsburg,Augusten.,,eccl.,capit.,"51, 199, 212",
Augsburg,Augusten.,,eccl.,alt.,212,
Augsburg,Augusten.,,eccl. s. Mauritii,,58,
Augsburg,Augusten.,,eccl. s. Mauritii,prepos.,392,
Augsburg,Augusten.,,eccl. s. Mauritii,decan.,"88, 125, 155, 183, 298",
Augsburg,Augusten.,,eccl. s. Mauritii,can.,"75, 88, 155, 207, 212, 268, 269, 392",
Augsburg,Augusten.,,eccl. s. Mauritii,capit.,155,
Augsburg,Augusten.,,capel. s. Gertrudis,,392,
Augsburg,Augusten.,,capel. s. Ottilie,,58,
Augsburg,Augusten.,,capel. s. Sepulcri,,359,
Augsburg,Augusten.,,mon. ss. Vlrici et Afre o. s. B.,abb.,58,
Augsburg,Augusten.,,mon. s. Vrsi e. m.,,58,
Augsburg,Augusten.,,,presb.,"84, 125, 155, 162, 184, 199, 298, 354, 360, 387",
Augsburg,Augusten.,,,cler.,"51, 62, 73, 84, 149, 189, 210, 219, 268, 269, 298, 303, 387",
Augsburg,Augusten.,,,subcollect.,"155, 212",
Augsburg,Augusten.,,,offic.,88,
Augsburg,Augusten.,,,armig.,298,
Augsburg,Augusten.,,,opid.,268,
Augsburg,Augusten.,,,laici,"51, 75, 362",
Augusten.,,,,,,"Aosta, Augsburg"
Aulon,,,,,,Aalen
Austria,,,,,,Österreich
Autun,Eduen.,,,dioc.,180,
Auwe,,,,,,Aub
Aueld,,,,,,Alfeld
St. Avold,de Sanctonabore,Meten. dioc.,mon. s. Naboris o. s. B.,abb. e. conv.,42,
Aw,,,,,,Au
Awgia,,,,,,Gries
Awrbach,,,,,,Auerbach
Aych,,,,,,Aich
Aycurien.,,,,,,Incourt
Azmannsdorf,Aczmanstorff,Magunt. dioc.,par. eccl.,,247,
Azum,Adlefsen,Halberst. dioc.,,archidiacon.,97,
Babenhausen,Babinhusen,Magunt. dioc.,par. eccl.,,368,
Babylonien,Babilonia,,,soldanus,305,
Baden,,Const. dioc.,hosp. paup.,,59,
Baden,,Const. dioc.,,marchio,"45, 64, 167, 223, 285, 333",
Badenheim,,Magunt. dioc.,par. eccl.,,116,
Baiocen.,,,,,,Bayeux
Balsamgau,Balsamia,Halberst. dioc.,,archidiacon.,105,
Bamberg,,,,ep.,"39, 61, 92, 93, 111, 123, 126, 151, 15, 189, 235, 241, 264",
Bamberg,,,,capellani episc.,123,
Bamberg,,,eccl.,decan.,273,
Bamberg,,,eccl.,can.,"39, 109, 12, 122, 123, 163, 165, 273, 302",
Bamberg,,,eccl.,capit.,"39, 92, 112, 151, 241, 273",
Bamberg,,,eccl.,vic.,"12, 127",
Bamberg,,,eccl.,alt.,"146, 151, 177",
Bamberg,,,eccl. s. Jacobi e. m.,prepos.,123,
Bamberg,,,eccl. s. Jacobi e. m.,decan.,123,
Bamberg,,,eccl. s. Jacobi e. m.,can.,"39, 96",
Bamberg,,,eccl. s. Jacobi e. m.,capit.,"12, 235",
Bamberg,,,eccl. s. Stephani e. m.,,61,
Bamberg,,,eccl. s. Stephani e. m.,prepos.,"61, 105, 123, 241",
Bamberg,,,eccl. s. Stephani e. m.,decan.,"61, 158, 197",
Bamberg,,,eccl. s. Stephani e. m.,can.,"39, 97, 105, 119, 159, 165, 374",
Bamberg,,,eccl. s. Stephani e. m.,capit.,"61, 241",
Bamberg,,,"eccl. b. Marie in Teuerstadt (Teurstat, Tew(e)rstat e. m.)",decan.,151,
Bamberg,,,"eccl. b. Marie in Teuerstadt (Teurstat, Tew(e)rstat e. m.)",vicedecan.,103,
Bamberg,,,"eccl. b. Marie in Teuerstadt (Teurstat, Tew(e)rstat e. m.)",can.,"39, 103, 111, 215",
Bamberg,,,"eccl. b. Marie in Teuerstadt (Teurstat, Tew(e)rstat e. m.)",capit.,103,
Bamberg,,,capel. s. Andree,,311,
Bamberg,,,mon. s. Clare ord. s. Clare,,61,
Bamberg,,,,presb.,"73, 93, 94, 295, 298",
Bamberg,,,,cler.,"39, 91, 110, 163, 241",
Bamberg,,,,collector,"137, 241",
Bamberg,,,,armig.,165,
Bamberg,,,,mil.,375,
Bamberg,,,,laici,"39, 51, 76, 162, 211, 245, 247, 274, 310, 314, 333",
Bar,Barren.,Tullen. dioc.,,dux,106,
Barcholte,,,,,,Borgholz
Bardowieck,Bardewicen. Verden. seu,Halberst. dioc.,eccl. ss. Petri et Pauli,prepos.,389,
Bardowieck,Bardewicen. Verden. seu,Halberst. dioc.,eccl. ss. Petri et Pauli,decan.,"83, 84, 231",
Bardowieck,Bardewicen. Verden. seu,Halberst. dioc.,eccl. ss. Petri et Pauli,can.,"18, 82, 83, 84, 145, 183, 237, 389, 396",
Bardowieck,Bardewicen. Verden. seu,Halberst. dioc.,eccl. ss. Petri et Pauli,capit.,389,
Bardowieck,Bardewicen. Verden. seu,Halberst. dioc.,eccl. ss. Petri et Pauli,vic.,7,
Barendt,Barenthe,Pomezan. dioc.,par. eccl.,,240,
Basel,Basilien.,,,ep. (el.),"14, 16, 42, 78, 91, 181, 260, 332",
Basel,Basilien.,,,vic. gen.,260,
Basel,Basilien.,,eccl.,prepos.,312,
Basel,Basilien.,,eccl.,can.,"67, 73, 90, 114, 149, 181, 208, 319",
Basel,Basilien.,,eccl.,capit.,42,
Basel,Basilien.,,eccl.,alt. (capel.),"237, 312, 319",
Basel,Basilien.,,eccl. s. Petri,archidiacon.,90,
Basel,Basilien.,,eccl. s. Petri,thesaurar.,"90, 260",
Basel,Basilien.,,mon. s. Albani o. s. B.,prior,287,
Basel,Basilien.,,,presb.,259,
Basel,Basilien.,,,cler.,"73, 273",
Basel,Basilien.,,,puella litterata,"78, 272",
Basel,Basilien.,,,collector,"137, 241",
Basel,Basilien.,,,opid.,78,
Basel,Basilien.,,,civit.,337,
Bassel,Baselen,Meten. dioc.,mon. s. Johannis o. s. A.,capel. in eccl.,215,
Bathmen,Batman,Traiect. dioc.,par. eccl.,,351,
Bautzen,Budissin.,Misn. dioc.,eccl. s. Petri,prepos.,"242, 276, 344",
Bautzen,Budissin.,Misn. dioc.,eccl. s. Petri,cantor.,245,
Bautzen,Budissin.,Misn. dioc.,eccl. s. Petri,can.,"176, 181, 274",
Bautzen,Budissin.,Misn. dioc.,eccl. s. Petri,capit.,242,
Bautzen,Budissin.,Misn. dioc.,eccl. s. Petri,vic.,"242, 245, 390, 397",
Bayern,Bauaria,,,provinc. ord. Herem. s. A.,"25, 125, 137",
Bayern,Bauaria,,,dux,"13, 14, 16, 26, 31, 60, 81, 91, 114, 146, 191, 263, 267, 277, 279, 295, 391",
Bayern,Bauaria,,,ducissa,"14, 75, 271",
Bayern,Bauaria,,,vicedom. Inferioris-Bauarie,"160, 304",
Bayern,Bauaria,,,ducatus,267,
Bayeux,Baiocen.,,,el.,216,
Bayreuth,Peyerreut,Bamberg. dioc.,capel. s. Crucis,,304,
Beauvais,Beluacen.,,eccl.,decan.,268,
Beauvais,Beluacen.,,eccl.,can.,268,
Beben.,,,,,,Hilvarenbeek
Bebra,Bebracen.,Magunt. dioc.,eccl. ss. Justi et Clementis,decan.,148,
Bebra,Bebracen.,Magunt. dioc.,eccl. ss. Justi et Clementis,capit.,148,
Bebra,Bebracen.,Magunt. dioc.,eccl. ss. Justi et Clementis,vic.,"148, 225",
Becerie,,,,,,Bessières
Beckum,Beken.,Monast. dioc.,eccl.,thesaurar.,213,
Beckum,Beken.,Monast. dioc.,eccl.,can.,213,
Bedburg,"Beydbur, Beydburreyfercheyt",Colon. dioc.,par. eccl.,,63,
Bedburg,"Beydbur, Beydburreyfercheyt",Colon. dioc.,dom. fr. ord. Herem.,,63,
Bederkesa,,Bremen. dioc.,par. eccl.,,293,
Beenhausen,Benhusen,Magunt. dioc.,par. eccl.,,159,
"Beelhem, Bethlehem","Belheim, Belheem",Traiect. dioc.,mon. o. s. A.,abb. et conv.,351,
"Beelhem, Bethlehem","Belheim, Belheem",Traiect. dioc.,mon. o. s. A.,monach.,140,
Beesd,Beesede,Traiect. dioc.,par. eccl.,,133,
Beeskow,Besekow,Misn. dioc.,eccl.,alt.,324,
Behringen,,,,,,Gross-Behringen
Beinwil,Beinuiler,Basil. dioc.,mon. s. Vincentii o. s. B.,administrator,252,
Beken,,,,,,Beckum
Belbuck,Belbuk,Camin. dioc.,mon. Prem. ord.,monach.,253,
"Belheem, Belheim",,,,,,Beelhem
Belle,,,,,,Buschbell
Belley,Bellilage,Basil. dioc.,mon. o.s.B.(Prem. ord.),abb.,"14, 145",
Belluno-Feltre,Bellunen. et Feltren.,,,mensa episc.,288,
Belluno-Feltre,Bellunen. et Feltren.,,,feuda,288,
Belrebeke,,,,,,Billerbeck
Beluacen.,,,,,,Beauvais
Benhusen,,,,,,Beenhausen
Bentheim,Benthem,Traiect. dioc.,,cometa,145,
Bergungin,,,,,,Birkungen
Berchlande,,,,,,Ferchland
Berchtesgaden,"Berchtersgaden, Pertschaden",Salzb. dioc.,mon. o. s. A.,prepos.,"19, 63, 377",
Berchtesgaden,"Berchtersgaden, Pertschaden",Salzb. dioc.,mon. o. s. A.,capit.,63,
Berg,Monten.,,,dux,23,
Bergbieten,"Bergbuthenem, Berchbutenheim",Argent. dioc.,par. eccl.,,68,
Berge,Berghen,Osnab. dioc.,par. eccl.,,253,
Bergedorf,"Bergerdorpe, Bergherdorpe",Razeb. dioc.,par. eccl.,,"82, 148",
"Bergem, Bergen, Berghen",,,,,,Waldberghem
Berghausen,Berghusen,Spiren. dioc.,capel. s. Pancratii,,195,
Berghe superior,,,,,,Oberberge
Berghem,"Perchen, Percheim al. Talkerchen, Talkirchen",Ratisp. dioc.,par. eccl.,,184,
Berka,,Magunt. dioc.,par. eccl.,,151,
Berlin,,Brandeb. dioc.,eccl. s. Nicolai,,252,
Berlinichen,Noua Berlin,Camin. dioc.,par. eccl.,,86,
Bermatingen,,Const. dioc.,par. eccl.,,"89, 96, 187",
Bernau,Bernow,Brandeb. dioc.,par. eccl.,,130,
Bernbach,Bernspach,August. dioc.,par. eccl.,,5,
Bernburg,Berneburg,Magdeb. dioc.,eccl.,alt.,324,
St. Bernhard,Mons Jouis,Sedun. dioc.,hosp. ss. Bernardi et Nicolai o. s. A.,prepos.,179,
St. Bernhard,Mons Jouis,Sedun. dioc.,hosp. ss. Bernardi et Nicolai o. s. A.,can.,179,
St. Bernhard,Mons Jouis,Sedun. dioc.,hosp. ss. Bernardi et Nicolai o. s. A.,conv.,179,
Bernhardszell,Cellabernhardi,Const. dioc.,par. eccl. s. Martini,,168,
Bernsdorf,Bernstorff,Misn. dioc.,par. eccl.,,276,
Bernstadt,Bernstad,Wratisl. dioc.,par. eccl.,,339,
Bersabea,,,,,,Bir Seba
Berschis,Berschina,Curien. dioc.,par. eccl.,,90,
Bersenbrück,Bersenburghe,Osnab. dioc.,mon. o. s. B.,abb. et conv.,270,
Berssen,Berson,Osnab. dioc.,eccl.,vic.,64,
Besançon,Bisuntin.,,mon. s. Pauli o. s. A.,can.,193,
Besançon,Bisuntin.,,,cler.,335,
Besekow,,,,,,Beeskow
Bessières,Becerie,Xancton. dioc.,dom. s. Antonii o. s. A.,preceptor.,60,
Bethlehem,,,,,,Beelhem
Bettmaringen,Betmaringen,Const. dioc.,par. eccl.,,69,
Beydbur,,,,,,Bedburg
Beydburreyfercheyt,,,,,,Bedburg
Béziers,Biterren.,,par. eccl. s. Stephani Villenoue,,114,
Biberach,Bibracum,Const. dioc.,par. eccl.,,239,
Biberg,Biberc,Bamberg. dioc.,par. eccl.,,163,
Biblis,Bibelos,Magunt. dioc.,par. eccl.,,134,
Bielfeld,Biluelden.,Padeb. dioc.,eccl. b. Marie Nouiopidi,can.,"254, 255",
Bielfeld,Biluelden.,Padeb. dioc.,eccl. b. Marie Nouiopidi,vic.,"162, 221",
Bilk,Bilke,Colon. dioc.,par. eccl.,,38,
Billerbeck,"Bilrebeke, Belrebeke",Monast. dioc.,eccl.,decan.,65,
Billerbeck,"Bilrebeke, Belrebeke",Monast. dioc.,eccl.,capit.,65,
Billerbeck,"Bilrebeke, Belrebeke",Monast. dioc.,eccl.,capel.,65,
Billerbeck,"Bilrebeke, Belrebeke",Monast. dioc.,,archidiacon.,"65, 246",
Bingen,Pingwen.,Magunt. dioc.,eccl. s. Martini,prepos.,"95, 255",
Bingen,Pingwen.,Magunt. dioc.,eccl. s. Martini,decan.,"157, 260",
Bingen,Pingwen.,Magunt. dioc.,eccl. s. Martini,scholast.,250,
Bingen,Pingwen.,Magunt. dioc.,eccl. s. Martini,can.,"100, 116, 117, 157, 192, 243, 251, 260",
Bingen,Pingwen.,Magunt. dioc.,eccl. s. Martini,capit.,"157, 250, 260",
Bingen,Pingwen.,Magunt. dioc.,mon. Montissanciruperti Cist. ord. (o. s. B.),benef. in eccl.,"116, 117",
Binsfeld,Bynsuelt,Colon. dioc.,par. eccl.,,199,
Bintbuch,,,,,,Vimbuch
Bir Seba,Bersabea,,,ep.,174,
Birkungen,Bergungin,Magunt. dioc.,par. eccl.,,29,
Birtirkilch,,,,,,Mengen
Bischhausen,Bischoffeshusen,Magunt. dioc.,par. eccl.,,399,
Bischofstein,Bischofstein,Trev. dioc.,eccl.,can.,234,
Bischofswerda,"Bischofwerde, By-schoffswerde",Misn. dioc.,par. eccl. b. Marie,,"28, 195, 288",
Bischofswerder,Bisschoffwerder,Pomezan. dioc.,par. eccl.,,60,
Bischofszell,Episcopaliscella,Const. dioc.,eccl. s. Pelagii,prepos.,94,
Bischofszell,Episcopaliscella,Const. dioc.,eccl. s. Pelagii,can.,"155, 262, 317",
Bislich,,Colon. dioc.,,curtis et decime,79,
Bislich,,Colon. dioc.,,predium Nouatera,79,
Bislich,,Colon. dioc.,,terra Vpdengrauen,79,
Bisuntin.,,,,,,Besançon
Biterren.,,,,,,Béziers
Blankenberghe,? Scarphout,Tornac. dioc.,par. eccl.,,47,
Blankenheim,Brankenheim,Magunt. dioc.,mon. o. s. A.,magistra et conv.,394,
St. Blasien,in Nigrasilua,Const. dioc.,mon. s. Blasii o. s. B.,abb. et conv.,69,
Blaubeuren,Blauburen,Const. dioc.,mon. o. s. B.,abb. et conv.,191,
Bleckenstedt,Blekenstede,Hildesem. dioc.,par. eccl.,,347,
Bleichenbach,Bleychenbach,Const. dioc.,par. eccl.,,155,
Blidersdorff,,,,,,Plittersdorf
Blisien.,,,,,,Münsterbilsen
Blittersdorf,,,,,,Plittersdorf
Blotnik,Blothmicza,Poznan. dioc.,,villa,357,
Bobenhausen,Bobenhusen,August. dioc.,par. eccl.,,312,
Bochout,,,,,,Bouchout
Böddeken,Budeken,Padeb. dioc.,mon. o. s. A.,prior et fr.,297,
Bodegraven,,Traiect. dioc.,par. eccl.,,"14, 43, 44",
Bodicz,,,,,,Poditz
Bodingen,Boydighen,Colon. dioc.,capel.,,313,
Böhmen,Boemia,,,rex,"23, 98, 111, 342, 375",
Böhmen,Boemia,,,regina,98,
Böhmen,Boemia,,,regnum,"17, 21, 54, 183, 211, 218, 267, 277",
Boffisheim,,,,,,Boofzheim
Bolleschin,Boleszino,Gnezn. dioc.,par. eccl.,,30,
Bologna,Bononien.,,,legatus,70,
Bologna,Bononien.,,studium,,"6, 198, 212",
Bologna,Bononien.,,,mil.,"172, 180",
Bologna,Bononien.,,,domic.,53,
Bologna,Bononien.,,,civit.,"87, 129, 259, 288, 354",
"Bolsanum, Bolza",,,,,,Bozen
Boltesberg,Monsboldensberg,Brandeb. dioc.,capel. b. Marie Virg.,,280,
Bolzum,Boltzem,Hildesem. dioc.,,villa,"71, 138",
Bonn,Bunnen.,Colon. dioc.,eccl. s. Cassii,prepos.,"12, 72, 152, 183, 237, 249, 310, 313",
Bonn,Bunnen.,Colon. dioc.,eccl. s. Cassii,scholast.,173,
Bonn,Bunnen.,Colon. dioc.,eccl. s. Cassii,subthesaurar.,57,
Bonn,Bunnen.,Colon. dioc.,eccl. s. Cassii,can.,"8, 57, 63, 152, 168, 171, 199, 241, 246, 250",
Bonn,Bunnen.,Colon. dioc.,eccl. s. Cassii,capit.,"72, 183, 237, 249, 310",
Bonn,Bunnen.,Colon. dioc.,eccl. s. Cassii,vic.,"231, 232",
Bonn,Bunnen.,Colon. dioc.,par. eccl. s. Remigii,,"72, 232",
Bonn,Bunnen.,Colon. dioc.,dom. leprosorum,,72,
Bonn,Bunnen.,Colon. dioc.,studium,,325,
Bonn,Bunnen.,Colon. dioc.,,civit.,72,
Bononien.,,,,,,Bologna
Bonsidel,,,,,,Wunsiedel
Boofzheim,Boffisheim,Argent. dioc.,par. eccl.,,236,
Boos,Bos,Const. dioc.,par. eccl. s. Valentini,,211,
Bopfingen,Boppfingen,August. dioc.,par. eccl.,,184,
Borgestad,,,,,,Bürgstadt
Borgholz,"Barcholte, Borcholte",Padeb. dioc.,par. eccl.,,148,
Bork,,Wratisl. dioc.,par. eccl.,,17,
Borken,,Monast. dioc.,par. eccl.,,"252, 265, 350",
Born,,Colon. dioc.,,dominus loci,166,
Born,,Magunt. dioc.,par. eccl.,,192,
Bortschetum,,,,,,Burtscheid
Borzanczino,,? Poznan. dioc.,par. eccl.,,232,
Bos,,,,,,Boos
Bosau,Posow,Nuemb. dioc.,mon. o. s. B.,abb.,168,
Bosau,Posow,Nuemb. dioc.,mon. o. s. B.,capel.,168,
Bosau,Posow,Nuemb. dioc.,mon. o. s. B.,hosp.,168,
Bönsell,Bozensele,Monast. dioc.,par. eccl.,,"109, 263",
Bouchout,Bochout,Traiect. dioc.,par. eccl.,,291,
Boydnghen,,,,,,Bodingen
Bozanzen,,Poznan. dioc.,par. eccl.,,49,
Bozen,"Bolsanum, Bolza",Trident. dioc.,capel. ss. Triumregum,,394,
Bozen,"Bolsanum, Bolza",Trident. dioc.,,civit.,138,
Braach,Brache,Magunt. dioc.,par. eccl.,,394,
Brabant,Brabantia,Leod. dioc.,,archidiacon.,"187, 228",
Brabant,Brabantia,Leod. dioc.,,custod. ord. Min.,354,
Brabant,Brabantia,Leod. dioc.,,dux,6,
Brake,Brak,Minden. dioc.,par. eccl.,,174,
Brakel,,Padeb. dioc.,par. eccl.,,390,
Brambach,,,,,,Brombach
Bramberg,Pramberg,Salzb. dioc.,par. eccl. s. Laurentii,,"129, 324",
Bramstedt,Bramstede,Bremen. dioc.,par. eccl.,,236,
Brandenburg,Brandeburgen.,,,ep.,"52, 70, 115",
Brandenburg,Brandeburgen.,,eccl.,capit.,70,
Brandenburg,Brandeburgen.,,,cler.,201,
Brandenburg,Brandeburgen.,,,marchio,"26, 142, 252, 342",
Brankenheim,,,,,,Blankenheim
Braunenweiler,Brunenwiler,Const. dioc.,par. eccl. s. Pancratii,,19,
Braunschweig,Brunswicen. Halberst. et,Hildesem. dioc.,eccl. s. Blasii,prepos.,"107, 248",
Braunschweig,Brunswicen. Halberst. et,Hildesem. dioc.,eccl. s. Blasii,decan.,"64, 71, 156, 386",
Braunschweig,Brunswicen. Halberst. et,Hildesem. dioc.,eccl. s. Blasii,scholast.,264,
Braunschweig,Brunswicen. Halberst. et,Hildesem. dioc.,eccl. s. Blasii,can.,"83, 264",
Braunschweig,Brunswicen. Halberst. et,Hildesem. dioc.,eccl. s. Blasii,capit.,"64, 71, 107, 156, 248, 386",
Braunschweig,Brunswicen. Halberst. et,Hildesem. dioc.,eccl. s. Blasii,vic.,"64, 144, 156, 357",
Braunschweig,Brunswicen. Halberst. et,Hildesem. dioc.,eccl. Montissanticiaci e. m.,decan.,"64, 386",
Braunschweig,Brunswicen. Halberst. et,Hildesem. dioc.,eccl. Montissanticiaci e. m.,capit.,"64, 386",
Braunschweig,Brunswicen. Halberst. et,Hildesem. dioc.,eccl. Montissanticiaci e. m.,vic.,64,
Braunschweig,Brunswicen. Halberst. et,Hildesem. dioc.,par. eccl. s. Andree,,"71, 207",
Braunschweig,Brunswicen. Halberst. et,Hildesem. dioc.,par. eccl. s. Blasii,,71,
Braunschweig,Brunswicen. Halberst. et,Hildesem. dioc.,par. eccl. s. Catherine,,71,
Braunschweig,Brunswicen. Halberst. et,Hildesem. dioc.,par. eccl. s. Ciriaci e. m.,,71,
Braunschweig,Brunswicen. Halberst. et,Hildesem. dioc.,par. eccl. s. Magni,,71,
Braunschweig,Brunswicen. Halberst. et,Hildesem. dioc.,par. eccl. s. Martini,,71,
Braunschweig,Brunswicen. Halberst. et,Hildesem. dioc.,par. eccl. s. Michaelis,,71,
Braunschweig,Brunswicen. Halberst. et,Hildesem. dioc.,par. eccl. s. Odolrici,,"64, 71, 155, 156",
Braunschweig,Brunswicen. Halberst. et,Hildesem. dioc.,par. eccl. s. Petri,,"64, 71",
Braunschweig,Brunswicen. Halberst. et,Hildesem. dioc.,par. eccl. . . .,,71,
Braunschweig,Brunswicen. Halberst. et,Hildesem. dioc.,capel. s. Bartholomei,,64,
Braunschweig,Brunswicen. Halberst. et,Hildesem. dioc.,capel. s. Jacobi,,64,
Braunschweig,Brunswicen. Halberst. et,Hildesem. dioc.,mon. s. Egidii,abb. et conv.,386,
Braunschweig,Brunswicen. Halberst. et,Hildesem. dioc.,,cler.,71,
Braunschweig,Brunswicen. Halberst. et,Hildesem. dioc.,,dux,"64, 295, 392",
Braunschweig,Brunswicen. Halberst. et,Hildesem. dioc.,,ducissa,64,
Braunschweig,Brunswicen. Halberst. et,Hildesem. dioc.,,civit.,"64, 71, 386",
Bredenes,,,,,,Bröns
Bregen,,,,,,Brieg
Bregenzer Wald,,,,,,Schwarzenberg
Breisach,Brisac.,Const. dioc.,mon. Augie s. Marie Cist. ord. e. m. abbat.,,78,
Breisach,Brisac.,Const. dioc.,,decan.,70,
Breisach,Brisac.,Const. dioc.,,magistercivium etc.,70,
Breisgau,Brisgaudia,Const. dioc.,,archidiacon.,115,
Breisig,Briseke,Colon. dioc.,par. eccl.,,231,
Bremen,,,,aep.,"70, 146, 158, 175, 189, 216, 244, 246, 247, 271, 293, 330, 367",
Bremen,,,eccl.,prepos.,98,
Bremen,,,eccl.,scholast.,"150, 293, 349",
Bremen,,,eccl.,thesaurar.,248,
Bremen,,,eccl.,can.,"8, 23, 95, 124, 150, 217, 227, 248",
Bremen,,,eccl.,capit.,"70, 146, 158, 175, 216, 244, 246, 247, 293, 367",
Bremen,,,eccl.,vic.,"57, 240, 256, 349",
Bremen,,,eccl. s. Anscharii,can.,247,
Bremen,,,eccl. s. Anscharii,vic.,247,
Bremen,,,eccl. s. Petri,vic.,330,
Bremen,,,eccl. s. Willehadi,prepos.,203,
Bremen,,,eccl. s. Willehadi,capit.,203,
Bremen,,,eccl. s. Willehadi,vic.,"246, 247",
Bremen,,,,presb.,"168, 330",
Bremen,,,,cler.,"98, 158, 160, 207, 237, 286, 290, 323, 345, 346",
Bremen,,,,fr. ord. Pred.,295,
Bremen,,,,provincia,59,
Bremen,,,dom. s. Antoni o. s. A.,,271,
Bremen,,,,dioc.,140,
Bremen,,,,nuntius,66,
Bremen,,,,collector,"66, 194, 226, 267",
Bremen,,,,subcollect.,"148, 236",
Bremen,,,,armig.,337,
Bremen,,,,mil.,337,
Bremen,,,,laici,104,
Bremen,,,,civit.,246,
Brenich,,Colon. dioc.,par. eccl.,,"109, 182",
Brenken,,Padeb. dioc.,,obedientia,269,
Brenberg,Bruberg,Magunt. dioc.,,castrum,99,
Brescia,Brixien.,,,dioc.,124,
Breslau,Wratislavièn.,,,ep.,"30, 41, 48, 56, 60, 76, 82, 132, 133, 191, 198, 276, 281, 284, 289, 295, 336, 344, 353, 357, 358, 363, 375",
Breslau,Wratislavièn.,,,vic. gen.,344,
Breslau,Wratislavièn.,,,not. episc.,282,
Breslau,Wratislavièn.,,,cap. episc.,282,
Breslau,Wratislavièn.,,eccl.,prepos.,"81, 82, 113, 260, 282",
Breslau,Wratislavièn.,,eccl.,archidiacon.,"22, 51, 82, 173, 277, 282",
Breslau,Wratislavièn.,,eccl.,decan.,82,
Breslau,Wratislavièn.,,eccl.,cantor.,282,
Breslau,Wratislavièn.,,eccl.,custod.,"17, 66",
Breslau,Wratislavièn.,,eccl.,cancellaria,"168, 344",
Breslau,Wratislavièn.,,eccl.,can.,"5, 17, 20, 28, 31, 49, 51, 66, 82, 99, 113, 132, 139, 141, 142, 164, 168, 173, 183, 198, 229, 240, 244, 247, 251, 254, 257, 260, 282, 286, 293, 298, 308, 318, 353, 357, 358, 360, 364, 366",
Breslau,Wratislavièn.,,eccl.,capit.,"41, 48, 56, 60, 113, 132, 198, 284, 289, 336, 353, 358",
Breslau,Wratislavièn.,,eccl.,vic.,"31, 401",
Breslau,Wratislavièn.,,eccl.,alt. (capel.),"42, 127, 256, 260, 276, 376",
Breslau,Wratislavièn.,,eccl. Corporis Christi e. m.,,78,
Breslau,Wratislavièn.,,eccl. s. Crucis,prepos.,48,
Breslau,Wratislavièn.,,eccl. s. Crucis,decan.,334,
Breslau,Wratislavièn.,,eccl. s. Crucis,cantor.,186,
Breslau,Wratislavièn.,,eccl. s. Crucis,succustod.,376,
Breslau,Wratislavièn.,,eccl. s. Crucis,can.,"17, 82",
Breslau,Wratislavièn.,,eccl. s. Crucis,capit.,"48, 376",
Breslau,Wratislavièn.,,eccl. s. Elizabethis,alt.,"260, 276",
Breslau,Wratislavièn.,,par. eccl. ss. Dorothee et Nicolai e. m.,,"289, 294, 353",
Breslau,Wratislavièn.,,par. eccl. s. Marie Magdalene,,"17, 319",
Breslau,Wratislavièn.,,mon. s. Clare ord. s. Clare,abbat. et conv.,"113, 186, 276, 376",
Breslau,Wratislavièn.,,mon. b. Marie o. s. A. in Arena e. m.,abb.,"185, 308",
Breslau,Wratislavièn.,,mon. b. Marie o. s. A. in Arena e. m.,can.,"58, 185",
Breslau,Wratislavièn.,,mon. b. Marie o. s. A. in Arena e. m.,conv.,"185, 308",
Breslau,Wratislavièn.,,mon. s. Vincentii Prem. ord. e. m.,abb.,"24, 76, 77, 376",
Breslau,Wratislavièn.,,mon. s. Vincentii Prem. ord. e. m.,prepos.,376,
Breslau,Wratislavièn.,,mon. s. Vincentii Prem. ord. e. m.,conv.,"76, 376",
Breslau,Wratislavièn.,,hosp. s. Sepulcridomini,,376,
Breslau,Wratislavièn.,,,presb.,"191, 238, 247, 279, 281, 282, 287, 310, 352, 363, 397",
Breslau,Wratislavièn.,,,cler.,"50, 164, 167, 289, 295, 334, 375, 385",
Breslau,Wratislavièn.,,,dioc.,375,
Breslau,Wratislavièn.,,,collector,"51, 173",
Breslau,Wratislavièn.,,,subcollect.,257,
Breslau,Wratislavièn.,,,armig.,"65, 133, 161, 233, 281, 282, 316, 326",
Breslau,Wratislavièn.,,,mil.,"64, 221, 260, 292, 293, 294",
Breslau,Wratislavièn.,,,domic.,"31, 354",
Breslau,Wratislavièn.,,,laici,"51, 58, 59, 69, 78, 113, 129, 147, 216, 220, 221, 238, 272, 284, 287, 309, 311",
Breslau,Wratislavièn.,,,opid.,"206, 209, 236, 245, 292, 318, 364, 375",
Bretzen,,,,,,Treuenbrietzen
Breusch,,,,,,Strassburg
Brieg,"Briga, Bregen.",Wratisl. dioc.,eccl. s. Hedwigis,can.,344,
Brieg,"Briga, Bregen.",Wratisl. dioc.,eccl. s. Hedwigis,vic.,"156, 256",
Brieg,"Briga, Bregen.",Wratisl. dioc.,dom. s. Antonii o. s. A.,preceptor.,"222, 310",
Brielle,Briellen.,Traiect. dioc.,eccl. s. Katherine,can.,213,
Brisac.,,,,,,Breisach
Briseke,,,,,,Breisig
Brisgaudia,,,,,,Breisgau
Brixen,Brixinen.,,,ep.,"48, 116, 119, 126",
Brixen,Brixinen.,,,mensa episc.,116,
Brixen,Brixinen.,,eccl.,can.,"119, 126, 285",
Brixen,Brixinen.,,eccl.,capit.,"48, 126",
Brixen,Brixinen.,,eccl.,advocatus,116,
Brixen,Brixinen.,,eccl.,alt. (capel.),"8, 107, 119, 162",
Brixen,Brixinen.,,eccl b. Marie in ambitu,prepos.,48,
Brixen,Brixinen.,,eccl b. Marie in ambitu,can.,"107, 119, 126, 162, 181",
Brixen,Brixinen.,,eccl b. Marie in ambitu,capit.,48,
Brixen,Brixinen.,,capel. s. Catherine in Runcoda,,181,
Brixen,Brixinen.,,,cler.,333,
Brixen,Brixinen.,,,collector,359,
Brixen,Brixinen.,,,armig.,"129, 271, 275",
Brixen,Brixinen.,,,mil.,106,
Brixen,Brixinen.,,,domic.,106,
Brixen,Brixinen.,,,laici,103,
Brixenthal,Brixintal,Chiem. dioc.,par. eccl. s. Martini,,129,
Brixien,,,,,,Brescia
Broke,,,,,,zum Bruche
Brombach,Brambach,Const. dioc.,par. eccl.,,69,
Brondolo,Brondulum,Clugien. dioc.,mon. Cist. ord.,abb.,6,
Bronnbach,Brunbach,Herbipol. dioc.,mon. Cist. ord.,abb.,178,
Bröns,Bredenes,Ripen. dioc.,par. eccl.,,48,
Bruberg,,,,,,Brenberg
zum Bruche,de Broke,Bremen. dioc.,par. eccl.,,253,
Bruck,,Salzb. dioc.,capel. s. Georgii,,312,
Bruck,Prugk in Stiria,Salzb. dioc.,par. eccl. s. Dionisii in monte,,234,
Brügge,Brugen.,Tornac. dioc.,eccl. s. Donatiani,prepos.,185,
Brügge,Brugen.,Tornac. dioc.,eccl. s. Donatiani,can.,"127, 128, 188",
Brügge,Brugen.,Tornac. dioc.,eccl. s. Donatiani,capit.,185,
Brumby,,Magdeb. dioc.,par. eccl.,,402,
Brunbach,,,,,,Brunnbach
Brunenwiler,,,,,,Braunenweiler
Brunswicen.,,,,,,Braunschweig
Brusca,,,,,,Strassburg
Brüssel,Bruxellen.,Camerac. dioc.,eccl. b. Marie supra Zabulum,,304,
Buch,Puch,Bamberg. dioc.,,decima,61,
Buchau,Buochow,Const. dioc.,mon.,abb.,239,
Büchel,Pucchel,Patav. dioc.,par. eccl.,,367,
Büchenbach,Buchembach,Bamberg. dioc.,par. eccl. s. Viti,,73,
Buchkirchen,Puchkirchen al. Mawrkirchen,Patav. dioc.,par. eccl.,,292,
Buchloe,Buchlon,August. dioc.,par. eccl.,,294,
Bücken,Bucen.,Bremen. dioc.,eccl. s. Nicolai,prepos.,160,
Bücken,Bucen.,Bremen. dioc.,eccl. s. Nicolai,can.,231,
Bücken,Bucen.,Bremen. dioc.,eccl. s. Nicolai,capit.,160,
Buczowen.,,,,,,Bützow
Budeken,,,,,,Böddeken
Büdesheim,"Budisheim, Budinsheim",Magunt. dioc.,capel. s. Oswaldi in Drybilshem prope B.,,"78, 286",
Budissin,,,,,,Bautzen
Bündheim,Bunthen,Halberst. dioc.,par. eccl.,,217,
Bünigheim,Bunig,Const. dioc.,mon. Cist. ord.,monialis,"51, 78",
Bunnen.,,,,,,Bonn
Buochow,,,,,,Buchau
Burg,Burc,Colon. dioc.,par. eccl.,,245,
Burgbernheim,Burckbernheim,Herbipol. dioc.,par. eccl.,,164,
Burgebrach,Burchebrach,Herbipol. dioc.,par. eccl.,,151,
Bürgstadt,Borgestad prope Miltenberg,Magunt. dioc.,par. eccl.,,243,
Burgstall,Purgstall,Trident. dioc.,capel. Triumregum,,389,
Burgund (Burgundia),,,,,,"Bauaria, dux, ducissa"
Burtscheid,Bortschetum,Leod. dioc.,mon. o. s. B.,abb. et conv.,107,
Buschbell,Belle,Colon. dioc.,par. eccl.,,80,
Buscoducis,,,,,,Herzogenbusch
Busendorf,Pusendorff,Salzb. dioc.,par. eccl.,,276,
Büsum,Bussen,Bremen. dioc.,par. eccl.,,"82, 83, 84, 395",
Butzbach,,Magunt. dioc.,par. eccl.,,"10, 52, 254, 301, 302",
Bützow,Buczowen.,Zwerin. dioc.,eccl.,prepos.,"160, 283",
Bützow,Buczowen.,Zwerin. dioc.,eccl.,can.,"91, 226, 347",
Buxtehude,,Verden. dioc.,eccl.,vic.,255,
Cabilonen.,,,,,,Châlons s. S
Caldarium,,,,,,Kaltern
Caluusmons,,,,,,Kahlberg
Cambia,,,,,,Cham
Cambrai,Cameracen.,,eccl. s. Crucis,can.,97,
Cambrai,Cameracen.,,eccl. s. Gaugerici,can.,97,
Cambrai,Cameracen.,,,presb.,324,
Cambrai,Cameracen.,,,cler.,323,
Cambrai,Cameracen.,,,dioc.,"60, 203, 307",
Cambrai,Cameracen.,,,legatus,306,
Caminiec,"Kamenecen., Camiensen.",,,ep.,"47, 303",
Cammin,Caminen.,,,ep.,"8, 9, 22, 144, 270, 271",
Cammin,Caminen.,,eccl.,decan.,105,
Cammin,Caminen.,,eccl.,can.,"65, 105, 194, 237, 285",
Cammin,Caminen.,,eccl.,capit.,"8, 74, 144",
Cammin,Caminen.,,eccl.,vic.,16,
Cammin,Caminen.,,,presb.,"284, 293",
Cammin,Caminen.,,,cler.,"174, 348, 401",
Cammin,Caminen.,,,dioc.,341,
Cammin,Caminen.,,,nuntius,66,
Cammin,Caminen.,,,collector,"194, 226, 267",
Cammin,Caminen.,,,vicedom.,105,
Cammin,Caminen.,,,opid.,74,
Cammin,Caminen.,,,laici,61,
Campagna,Campania,,,provincia,227,
Campen.,,,,,,Kampen
Campidona,,,,,,Kempten
Campinia,,,,,,Kempen
Capella,,,,,,Kappel
Cappirnick,,,,,,Köppernig
Capua,,,,aep.,124,
Caputferrarum,,,,,,Thierhaupten
Carelburg,,,,,,Karlb urg
Carelstad,,,,,,Karlstadt
Carlow,Karlow,Rzeb. dioc.,par. eccl.,,312,
Carnoten.,,,,,,Chartres
Casiacum,,,,,,Chézy-sur-Marne
Cassel,Casleten.,Morinen. dioc.,eccl. s. Petri,prepos.,13,
Cassel,Casleten.,Morinen. dioc.,eccl. s. Petri,can.,"13, 127, 128",
Cathalaun.,,,,,,Châlons s. M
Caub,Cuba,Trev. dioc.,par. eccl.,,203,
Cellabernhardi,,,,,,Bernhardszell
Celle,,,,,,Zell
Cembra,"Cymbria, Zimbria",Trident. dioc.,par. eccl. s. Marie,,"165, 394",
Cempniczen.,,,,,,Chemnitz
Cernay,,,,,,Vaux-de-Cernay
Cerpen.,,,,,,Kerpen
Cesarea,,,,,,Kaisheim
Châlons s. M,Cathalaun.,,capel. in eccl.,,"12, 117, 118",
Châlons s. M,Cathalaun.,,,dioc.,"180, 371",
Châlons s. S,Cabilonen.,,,dioc.,179,
Cham,Cambia,Ratisp. dioc.,par. eccl. s. Jacobi,,74,
Chammünster,Chammunster,Ratisp. dioc.,par. eccl.,,86,
Chartres,Carnoten.,,eccl.,dign.,102,
Chartres,Carnoten.,,eccl.,can.,102,
Chelmce,Chelmcze,Gnezn. dioc.,par. eccl.,,310,
Chemnitz,"Cempniczen, Kempnicz",Misn. dioc.,mon. b. Marie o. s. B.,abb.,297,
Chemnitz,"Cempniczen, Kempnicz",Misn. dioc.,,archidiacon.,27,
Chemnitz,"Cempniczen, Kempnicz",Misn. dioc.,,opid.,37,
Chézy-sur-Marne,Casiacum,Suession. dioc.,mon. o. s. B.,,313,
Chiems,,,,,,Kiens
Chiemsee,Chiemen.,,,presb.,129,
Chochem,,,,,,Kochem
Chocz,,,,,,Kötsch
Chodwicum,,,,,,Göttweih
Chrems,,,,,,Krems
Chremsmunster,,,,,,Kremsmiünster
Christianopolis,Cristinopolitan.,,,ep.,130,
Chrut,,,,,,Krut
Chrzumczütz,Crempschicz,Wratisl. dioc.,par. eccl.,,397,
Chulich,,,,,,Kilb
Chur,Curien.,,,ep. (el.),"99, 168",
Chur,Curien.,,eccl.,can.,"89, 101, 168, 189, 317, 388",
Chur,Curien.,,eccl.,capit.,99,
Chur,Curien.,,,subdiacon.,331,
Chur,Curien.,,,cler.,328,
Chur,Curien.,,,collector,359,
Cicz,,,,,,Seitsch
Ciczen.,,,,,,Zeitz
Cilli,Cilia,,,comes,"53, 118, 170, 227, 278, 321",
Citrum,Citren.,,,ep.,17,
Cividale,Ciuitasaustrie,Aquil. dioc.,eccl. b. Marie,can.,228,
Città di Castello,Ciuitascastelli,,,. ep.,63,
Clarauallis,,,,,,Georgenthal
Clarendal,,,,,,Klarenthal
Cleve,Cliuen.,Colon. dioc.,,com.,"79, 130",
Clingen,,Magunt. dioc.,par. eccl.,,187,
Clingenberg,,,,,,Klingenberg
"Clodawa, Clodobea",,,,,,Klodawa
Cloppe,,,,,,Klopp
Coblenz,Confluentia,Trev. dioc.,eccl. s. Castoris,can.,"7, 57, 132",
Coblenz,Confluentia,Trev. dioc.,eccl. s. Florini,can.,132,
Colbatz,Colbast.,Camin. dioc.,mon. Cist. ord.,abb.,147,
Coldicz,,MIsn. dioc.,,baron.,"28, 41",
Cölln,Colen,Brandeb. dioc.,par. eccl.,,"349, 401",
Colmar,Columbarien.,Basil. dioc.,eccl. s. Martini,can.,259,
Colmar,Columbarien.,Basil. dioc.,eccl. s. Martini,alt.,259,
Colmar,Columbarien.,Basil. dioc.,mon. in Subtilia o. s. A.,soror,143,
Cöln,Colonien.,,,aep. (el.),"6, 12, 16, 63, 70, 79, 93, 106, 115, 132, 152, 179, 180, 232, 233, 297, 319, 346, 347, 348, 356",
Cöln,Colonien.,,,chorepisc.,179,
Cöln,Colonien.,,,vic. in spirit.,252,
Cöln,Colonien.,,,offic.,"63, 79, 80, 106",
Cöln,Colonien.,,eccl.,,"6, 9",
Cöln,Colonien.,,eccl.,prepos.,"80, 347, 390",
Cöln,Colonien.,,eccl.,decan.,"60, 171",
Cöln,Colonien.,,eccl.,archidiacon.,80,
Cöln,Colonien.,,eccl.,scholast.,182,
Cöln,Colonien.,,eccl.,subdiacon.,10,
Cöln,Colonien.,,eccl.,can.,"12, 79, 105, 135, 149, 171, 179, 299, 318, 346, 347, 348",
Cöln,Colonien.,,eccl.,capit.,"12, 70, 79, 93, 132, 171, 233",
Cöln,Colonien.,,eccl.,vic. (alt.),"15, 16, 18, 38, 137, 217, 233, 234, 316, 317",
Cöln,Colonien.,,eccl. s. Andree,,80,
Cöln,Colonien.,,eccl. s. Andree,prepos.,"12, 196",
Cöln,Colonien.,,eccl. s. Andree,decan.,"109, 182, 264",
Cöln,Colonien.,,eccl. s. Andree,dign.,372,
Cöln,Colonien.,,eccl. s. Andree,can.,"13, 38, 66, 80, 127, 128, 132, 135, 161, 162, 234, 241, 348, 349, 370, 372",
Cöln,Colonien.,,eccl. s. Andree,capit.,196,
Cöln,Colonien.,,eccl. s. Andree,vic.,"79, 198, 264, 315, 398",
Cöln,Colonien.,,eccl. ss. Apostol.,prepos.,12,
Cöln,Colonien.,,eccl. ss. Apostol.,decan.,"80, 183, 261",
Cöln,Colonien.,,eccl. ss. Apostol.,can.,"12, 38, 93, 132, 136, 137, 171, 177, 194, 195, 199, 214, 261, 325, 372, 374",
Cöln,Colonien.,,eccl. ss. Apostol.,capit.,80,
Cöln,Colonien.,,eccl. ss. Apostol.,vic.,"16, 193",
Cöln,Colonien.,,eccl. ss. Apostol.,alt.,"231, 232",
Cöln,Colonien.,,eccl. s. Cecilie,abbat.,"109, 182",
Cöln,Colonien.,,eccl. s. Cecilie,vic. in eccl.,252,
Cöln,Colonien.,,eccl. s. Cuniberti,prepos.,"12, 16",
Cöln,Colonien.,,eccl. s. Cuniberti,decan.,"45, 258",
Cöln,Colonien.,,eccl. s. Cuniberti,can.,"15, 16, 20, 25, 45, 196, 246",
Cöln,Colonien.,,eccl. s. Cuniberti,vic.,"198, 316, 317",
Cöln,Colonien.,,eccl. s. Georgii,prepos.,"12, 80, 194",
Cöln,Colonien.,,eccl. s. Georgii,decan.,193,
Cöln,Colonien.,,eccl. s. Georgii,can.,"149, 193",
Cöln,Colonien.,,eccl. s. Georgii,vic.,16,
Cöln,Colonien.,,eccl. s. Gereonis,prepos.,"12, 38, 70, 152, 221, 233, 350, 374",
Cöln,Colonien.,,eccl. s. Gereonis,scholast.,"77, 182",
Cöln,Colonien.,,eccl. s. Gereonis,can.,58,
Cöln,Colonien.,,eccl. s. Gereonis,capit.,"38, 70, 152, 233, 350, 374",
Cöln,Colonien.,,eccl. s. Gereonis,vic.,"10, 171",
Cöln,Colonien.,,eccl. b. Marie ad Gradius,prepos.,12,
Cöln,Colonien.,,eccl. b. Marie ad Gradius,decan.,"234, 235, 346",
Cöln,Colonien.,,eccl. b. Marie ad Gradius,dign.,374,
Cöln,Colonien.,,eccl. b. Marie ad Gradius,can.,"11, 12, 16, 117, 118, 171, 204, 223, 233, 234, 237, 241, 317, 346, 374",
Cöln,Colonien.,,eccl. s. Seuerini,prepos.,"12, 71",
Cöln,Colonien.,,eccl. s. Seuerini,decan.,132,
Cöln,Colonien.,,eccl. s. Seuerini,can.,"10, 13, 44, 45, 57, 127, 128, 132, 161, 173, 229, 241, 246, 254, 255, 309",
Cöln,Colonien.,,eccl. s. Seuerini,capit.,71,
Cöln,Colonien.,,eccl. s. Seuerini,vic.,169,
Cöln,Colonien.,,eccl. 1100 Virginum,abbat.,346,
Cöln,Colonien.,,eccl. 1100 Virginum,can.,65,
Cöln,Colonien.,,eccl. 1100 Virginum,capit.,346,
Cöln,Colonien.,,eccl. 1100 Virginum,vic.,198,
Cöln,Colonien.,,par. eccl. s. Columbe,,328,
Cöln,Colonien.,,par. eccl. s. Laurentii,,216,
Cöln,Colonien.,,capel. s. Noetburgis,,370,
Cöln,Colonien.,,mon. b. Marie in Capitolio o. s. B.,,370,
Cöln,Colonien.,,mon. b. Marie in Capitolio o. s. B.,abbat.,"10, 346",
Cöln,Colonien.,,mon. b. Marie in Capitolio o. s. B.,conv.,346,
Cöln,Colonien.,,mon. s. Martini o. s. B.,abb.,"109, 182",
Cöln,Colonien.,,mon. s. Martini o. s. B.,benef. in eccl.,107,
Cöln,Colonien.,,mon. s. Panthaleonis o. s. B.,abb. et conv.,241,
Cöln,Colonien.,,studium,,"46, 109, 182",
Cöln,Colonien.,,,presb.,"63, 135, 137, 174, 232, 242, 385, 390, 393",
Cöln,Colonien.,,,subdiacon.,170,
Cöln,Colonien.,,,cler.,"16, 18, 19, 21, 24, 45, 50, 57, 77, 91, 103, 109, 117, 130, 134, 135, 136, 146, 152, 159, 161, 163, 165, 166, 171, 174, 176, 177, 182, 185, 187, 196, 201, 202, 207, 209, 215, 218, 223, 225, 236, 239, 240, 249, 250, 253, 255, 264, 270, 271, 303, 310, 316, 325, 336, 347, 348, 350, 366, 393, 394, 402",
Cöln,Colonien.,,,fr. dom. Carthusian.,299,
Cöln,Colonien.,,,scolar.,"16, 47, 109, 130",
Cöln,Colonien.,,,provincia,"271, 290, 307, 348, 365",
Cöln,Colonien.,,dom. s. Antonii,,"159, 221",
Cöln,Colonien.,,,dioc.,"23, 115, 362",
Cöln,Colonien.,,,legatus,"21, 106, 306",
Cöln,Colonien.,,,nuntius,"180, 291",
Cöln,Colonien.,,,collector,"38, 45, 135, 234, 254",
Cöln,Colonien.,,,armig.,233,
Cöln,Colonien.,,,mil.,"104, 180, 231, 272, 332",
Cöln,Colonien.,,,domic.,"84, 108, 347, 391",
Cöln,Colonien.,,,opid.,"37, 38, 84, 90, 135, 164",
Cöln,Colonien.,,,laici,"37, 38, 63, 69, 86, 100, 107, 139, 146, 166, 278, 280, 337",
Cöln,Colonien.,,,civit.,"10, 337",
Colocen.,,,,,,Kalocsa
Columbarien.,,,,,,Colmar
Concheyum,,,,,,Conneux
Concordia,Concordien.,,,castella etc.,12,
Confluentia,,,,,,Coblenz
Congestorp,,,,,,Groß-Königsdorf
Conneux,? Concheyum,Leod. dioc.,par. eccl.,,187,
Constantia,Constantianen.,,,ep.,"135, 147, 155",
Constantien.,,,,,,Konstanz
Corbien.,,,,,,Korvey
Cornelimünster,Inden.,Colon. dioc.,mon. s. Cornelii o. s. B.,,187,
Cornelimünster,Inden.,Colon. dioc.,mon. s. Cornelii o. s. B.,abb. et conv.,325,
Cornelimünster,Inden.,Colon. dioc.,mon. s. Cornelii o. s. B.,novicius,303,
Coswig,Coswicen.,Brandeb. dioc.,eccl. b. Marie,can.,282,
Cottbus,Kothebus,Misn. dioc.,par. eccl. s. Nicolai,,98,
Cottbus,Kothebus,Misn. dioc.,,opid.,274,
Cracovien.,,,,,,Krakau
Crailheim,Krewelsheim,Herbipol. dioc.,par. eccl.,,87,
Cralouiez,,,,,,Kralowitz
Crempé,,Bremen. dioc.,par. eccl.,,207,
Crempschicz,,,,,,Chrzumczütz
Creuzburg,Cruczeborchis,Magunt. dioc.,par. eccl. b. Marie,,151,
Cristinopolitan.,,,,,,Christianopolis
Crölpa,Krolip,Magunt. dioc.,par. eccl.,,334,
Cronenberg,,,,,,Kronenberg
Cropelen,,,,,,Kröpelin
Croton,,,,marchio,"63, 285",
Cruczeborchis,,,,,,Creuzburg
Cruczenacum,,,,,,Kreuznach
"Cruszwicien., Cruschuicen.",,,,,,Kruschwitz
Crutzlingen,,,,,,Konstanz
Cuba,,,,,,Caub
Culm,,,,ep.,"190, 208",
Culm,,,,cler.,"121, 390",
Culm,,,,collector,"22, 51, 67, 261, 399",
Culm,,,,laici,150,
Culm(u)ach,,,,,,Kulmbach
Cunnewalde,Cunewalde,Misn. dioc.,par. eccl.,,242,
Curien.,,,,,,Chur
Curland,Queronen.,,,plebanus,43,
Curten,,,,,,Kürten
Curzelouien.,,,,,,Kurzelow
Cycen.,,,,,,Zeitz
Cymbria,,,,,,Cembra
Czabelstein,,,,,,Zabelstein
Czaken,,,,,,(Kl.) Zacken
Czarnotzin,,,,,,Schwarzhof
Czegenhals,,,,,,Ziegenhals
Czel,,,,,,Ried
Czelking,,,,,,Zelking
Czeolfinghen,,,,,,Zeholfing
Czicen.,,,,,,Zeitz
Czolrn,,,,,,Zollern
Czwentendorff,,,,,,Zwentendorf
Czwetel,,,,,,Zwettl
Czwickow,,,,,,Zwickau
Czwifaltingen,,,,,,Zwiefalten
Dagne,Dognen.,,,el.,322,
Dalen,,Traiect. dioc.,par. eccl.,,132,
Dalheim,Dalen,Magunt. dioc.,mon. Cist. ord.,abbat. et conv.,368,
Dalheim,Dalen,Magunt. dioc.,mon. Cist. ord.,vic. (capel.) in eccl.,"75, 367",
Damm,Damis,Misn. dioc.,par. eccl. b. Marie,,282,
Dammis,,,,,,"Altdamm, Damm"
Danczk,,,,,,Danzig
Dänemark,Dacia,,,. rex,8,
Dänemark,Dacia,,,regina,336,
Dänemark,Dacia,,,regnum,"21, 267",
St. Daniel,de Sanctodaniele,Aquil. dioc.,par. eccl. s. Michaelis,,53,
Dankirchen,,,,,,Thannkirchen
Dannenberg,,Magunt. dioc.,capel. castri,,230,
Danzig,Danczk,Wladisl. dioc.,mon. in suburbio s. Saluatoris,,10,
Dardesheim,Derdessen[m],Halberst. dioc.,,archidiacon.,"72, 120",
Dauentrien.,,,,,,Deventer
Deck,,,,,,Teck
Deizisau,Diczisow,Const. dioc.,par. eccl.,,112,
Deizisau,Diczisow,Const. dioc.,,opid.,112,
Deizisau,Diczisow,Const. dioc.,,villa,112,
Dellingen,,,,,,Dillingen
Delmenhorst,,,,comes,"231, 290",
Delve,Delff,Bremen. dioc.,par. eccl.,,103,
St. Denis,de Sancto Dionisio,Paris. dioc.,mon. o. s. B.,monach.,275,
Derdessen(m),,,,,,Dardesheim
Deutschland,Alamania,,,,"17, 21, 46, 47, 51, 52, 53, 54, 60, 61, 62, 63, 66, 70, 76, 77, 113, 114, 149, 180, 182, 185, 190, 193, 203, 205, 211, 218, 223, 242, 243, 267, 271, 285, 286, 306, 309, 311, 321, 335, 350, 362, 365, 368, 392",
Deutschland,Alamania,,hosp. s. Johannis Jerusal.,,"38, 70",
Deutschland,Alamania,,,provincia fr. ord. Carmel.,154,
Deutz,Tuicien.,Colon. dioc.,par. eccl.,,29,
Deutz,Tuicien.,Colon. dioc.,mon. s. Heriberti o. s. B.,abb. et conv.,109,
Deventer,Dauentrien.,Traiect. dioc.,eccl. s. Lebuini,prepos.,"5, 57, 99, 173, 277",
Deventer,Dauentrien.,Traiect. dioc.,eccl. s. Lebuini,decan.,"106, 402",
Deventer,Dauentrien.,Traiect. dioc.,eccl. s. Lebuini,dign.,344,
Deventer,Dauentrien.,Traiect. dioc.,eccl. s. Lebuini,can.,"20, 132, 173, 344",
Deventer,Dauentrien.,Traiect. dioc.,eccl. s. Lebuini,capit.,"5, 57",
Deventer,Dauentrien.,Traiect. dioc.,eccl. s. Lebuini,vic.,"120, 132, 136, 185, 267, 277",
Deventer,Dauentrien.,Traiect. dioc.,eccl. s. Lebuini,alt. (capel.),"99, 263",
Deventer,Dauentrien.,Traiect. dioc.,eccl. b. Marie,vic.,132,
Deventer,Dauentrien.,Traiect. dioc.,,opid.,308,
Dewang,"Tenwangen, Thenuangen",August. dioc.,par. eccl. b. Marie,,124,
Diczisow,,,,,,Deizisau
St. Dié,de Sanctodeodato,Tullen. dioc.,eccl. s. Deodati,prepos.,85,
St. Dié,de Sanctodeodato,Tullen. dioc.,eccl. s. Deodati,can.,"85, 215, 315, 336",
Dieburg,"Dieppurg, Dyppurg",Magunt. dioc.,par. eccl.,,"96, 192",
Diedenhofen,"Theonisuilla, Thimonis- uilla",Meten. dioc.,par. eccl.,,"234, 235, 342",
Diembach,,,,,,Dimbach
Dietkirchen,"Dietkerken, Dyetkerken, Dytkirchen e. m. Bnnen.",Colon. dioc.,mon. o. s. B.,subdiacon.,169,
Dietkirchen,"Dietkerken, Dyetkerken, Dytkirchen e. m. Bnnen.",Colon. dioc.,mon. o. s. B.,can.,"104, 232",
Dietkirchen,"Dietkerken, Dyetkerken, Dytkirchen e. m. Bnnen.",Colon. dioc.,mon. o. s. B.,vic. in eccl.,"254, 255",
Dietlingen,Tietlingen,Const. dioc.,par. eccl.,,221,
Dietramszell,Dyttramczell,Frising. dioc.,mon. s. Martini o. s. A.,prep. et conv.,354,
Dikninge,Dyckennighen,Traiect. dioc.,mon. b. Marie o. s. B.,abb.,145,
Dikninge,Dyckennighen,Traiect. dioc.,mon. b. Marie o. s. B.,statuta,145,
Dillingen,"Dilingen, Dellingen",August. dioc.,par. eccl.,,"199, 212, 392",
Dimbach,Diembach,Herbipol. dioc.,capel. b. Marie,,"80, 100",
Dingolfing,,Ratisp. dioc.,,pleban.,110,
Dingolshausen,,Herbipol. dioc.,par. eccl.,,208,
Dinkelsbühl,Dinkelspuhel,August. dioc.,par. eccl.,,125,
St. Dionysen,de Sanctodyonisio,Salzb. dioc.,par. eccl. s. Dionisii,,182,
Dittelsheim,,Magunt. dioc.,par. eccl.,,157,
Dobberlawen.,,,,,,Dobrilugk
Döbeln,Dobelin,Misn. dioc.,par. eccl. s. Nicolai,,101,
Dobiza,,Gnezn. dioc.,par. eccl.,,338,
Dobrilugk,Dobberlawen.,Misn. dioc.,mon. Cist. ord.,abb. et conv.,195,
Doeveren,Doueren,Traiect. dioc.,par. eccl.,,133,
Dognen.,,,,,,Dagne
Dohna,Donyn,Misn. dioc.,par. eccl.,,175,
Dölzig,Dolczig,Merseb. dioc.,par. eccl.,,94,
Domslau,Domeslaw,Wratisl. dioc.,par. eccl.,,188,
Donaueschingen,Tunaweschingen,Const. dioc.,par. eccl.,,213,
Donsbach,Donsebeke,Colon. dioc.,par. eccl.,,317,
Donyn,,,,,,Dohna
Dorla,Dorlacen.,Magunt. dioc.,eccl.,prep. et capit.,168,
Dorpat,Tarbat.,,ep. (el.) 150 162 346 349 350 400 eccl.,thesarar.,353,
Dorpat,Tarbat.,,ep. (el.) 150 162 346 349 350 400 eccl.,can.,"349, 350, 353",
Dorpat,Tarbat.,,,dioc.,"349, 350",
Dorsten,Dursten,Colon. dioc.,par. eccl.,,255,
Dortmund,Tremonia,Colon. dioc.,eccl. s. Reynoldi,alt.,40,
Dortmund,Tremonia,Colon. dioc.,,civit.,356,
Dossenheim,Dossenheim,Argent. dioc.,par. eccl.,,335,
Dotzheim,,Magunt. dioc.,par. eccl.,,108,
Doueren,,,,,,Doeeren
Drais b. Müntzenberg,Dreyse subtu castrum Mintzenberg,Magunt. dioc.,par. eccl.,,248,
Dramburg,Drauenborch,Camin. dioc.,eccl.,vic.,86,
Drebnitz,Drebenitz,Misn. dioc.,par. eccl.,,28,
Drenthe,Drenthia,Traiect. dioc.,,terra,145,
Dreyse,,,,,,Drais
Dringenburg,Dringhenborgh,Padeb. dioc.,capel. in castro,,221,
Drontheim,Nidrosien.,,eccl.,can.,196,
Drybilshem,,,,,,Büdisheim
Duderstadt,,Magunt. dioc.,par. eccl. s. Ciriaci,,167,
Duersteden,,,,,,Duurstede
Duiveland,Duelandia,Traiect. dioc.,par. eccl.,,62,
Dülmen,Dulmen,Monast. dioc.,eccl. s. Victoris,can.,236,
Dunhausen,"Dunnenhusen, Dunhusen",Argent. dioc.,,villa,"64, 333",
Dunsdorf,Tumstorff,Bamberg. dioc.,par. eccl.,,298,
Düren,Duren,Colon. dioc.,,civit.,229,
Dürnten,Turnten,Const. dioc.,par. eccl.,,331,
Dürren,Duren,Herbipol. dioc.,par. eccl.,,310,
Dursten,,,,,,Dorsten
Durstede,,,,,,Duurstede
Düsseldorf,Dusseldorpen.,Colon. dioc.,eccl. b. Marie,prepos.,45,
Düsseldorf,Dusseldorpen.,Colon. dioc.,eccl. b. Marie,vic.,20,
Duurstede,Du[e]rsteden,Traiect. dioc.,,dominus,368,
Duurstede,Du[e]rsteden,Traiect. dioc.,,civit.,357,
Duurstede,Du[e]rsteden,Traiect. dioc.,,s. a. Wijk,,
Duuelandia,,,,,,Duiveland
Dyckennighen,,,,,,Dikninge
"Dyetkerken, Dytkirchen",,,,,,Dietkirchen
Dypburg,,,,,,Dieburg
Dyttramczell,,,,,,Dietramszell
Dzerstow,,Gnezn. dioc.,par. eccl.,,310,
Eberbach,Erbach,Magunt. dioc.,mon. Cist. ord.,monach.,130,
Ebern,,Herbipol. dioc.,par. eccl.,,201,
Ebersbach,Eberspach,Bamberg. dioc.,,canon,61,
Ebersbach,Eberspach,Bamberg. dioc.,,villa,61,
Ebersbach,Eberspach,Misn. dioc.,par. eccl.,,386,
Ebersberg,Ebersperg,Herbipol. dioc.,capel.,,158,
Ebersdorf,Eberstorff,Misn. dioc.,par. eccl.,,312,
Eberstein,,,,comes,81,
Ebettingen,,,,,,Ewattingen
Ebra,,Magunt. dioc.,,curia,186,
Ebrach,,Herbipol. dioc.,mon. Cist. ord.,abb.,91,
Ebronen.,,,,,,Hebron
Echternach,Epternac.,Traiect. dioc.,mon. s. Willibordi o. s. B.,abb. et conv.,110,
Echzell,Echtzel,Magunt. dioc.,par. eccl.,,399,
Eck,Ekk,Aquil. dioc.,par. eccl. s. Michaelis,,"228, 278, 354",
Eckartsau,"Eckertzaw, Eckharzaw",Patav. dioc.,,baron.,262,
Eckirchen,,,,,,Ehekirchen
Ecknach,Eknach,August. dioc.,par. eccl.,,10,
Eduen.,,,,,,Autun
Eger,Egra,Ratisp. dioc.,,opid.,111,
Eglossheim,Eglosheim,Ratisp. dioc.,par. eccl.,,193,
Egmond,Egmonda,Traiect. dioc.,par. eccl.,,206,
Egmond,Egmonda,Traiect. dioc.,capel. (eccl. colleg.) de Reminghem,,206,
Egmond,Egmonda,Traiect. dioc.,mon. s. Adalberti o. s. B.,abb. et conv.,"107, 136, 206",
Egmond,Egmonda,Traiect. dioc.,mon. s. Adalberti o. s. B.,eccl.,277,
Egmond,Egmonda,Traiect. dioc.,,baron.,206,
Egninen,,,,,,Ägina
Ehekirchen,Eckkirchen,August. dioc.,par. eccl.,,10,
Ehingen,,August. dioc.,par. eccl.,,7,
Ehenheim,,,,,,Nieder-Ehnheim
Eibergen,Eycbergh,Monast. dioc.,par. eccl.,,345,
Eichstädt,Eysteten.,,,ep.,"39, 92, 115, 189, 238, 271",
Eichstädt,Eysteten.,,eccl.,prepos.,372,
Eichstädt,Eysteten.,,eccl.,decan.,"249, 361, 372",
Eichstädt,Eysteten.,,eccl.,custod.,"249, 361",
Eichstädt,Eysteten.,,eccl.,dign.,"302, 311",
Eichstädt,Eysteten.,,eccl.,can.,"11, 86, 88, 92, 94, 96, 109, 128, 218, 249, 255, 301, 302, 311, 334, 361, 372, 388",
Eichstädt,Eysteten.,,eccl.,capit.,"39, 109, 238",
Eichstädt,Eysteten.,,eccl.,vic.,283,
Eichstädt,Eysteten.,,eccl. b. Marie Nouicolegii,can.,"210, 238",
Eichstädt,Eysteten.,,mon. s. Crucis Scotorum e. m.,,88,
Eichstädt,Eysteten.,,,presb.,"42, 92, 205, 238, 359",
Eichstädt,Eysteten.,,,cler.,"20, 39, 153, 230, 244, 328, 401",
Eichstädt,Eysteten.,,,armig.,"334, 368",
Eichstädt,Eysteten.,,,mil.,111,
Eichstädt,Eysteten.,,,laici,39,
Einsiedeln,"Eynsidel, Heremitarum",Const. dioc.,capel. b. Marie ad Heremitas 79,mon. o. s. B.: custod.,363,
Einsiedeln,"Eynsidel, Heremitarum",Const. dioc.,capel. b. Marie ad Heremitas 79,monach.,362,
Eisenach,Isenac.,Magunt. dioc.,eccl. b. Marie,vic.,"45, 150, 311",
Eisleben,"Iserleue, Isleyben",Halberst. dioc.,,archidiacon.,"120, 387",
Eitenhofen,Eytenhouen,Eystet. dioc.,par. eccl.,,249,
Ekk,,,,,,Eck
Eknach,,,,,,Ecknach
Elbing,Elbingen,Warmien. dioc.,,opid.,270,
Eldena,Hilda,Camin. dioc.,mon. Cist. ord.,abb. et conv.,85,
Electen.,,,,,,Alet
Ellenbach,Ellempach,Frising. dioc.,par. eccl.,,7,
Ellwangen,Elwangen,August. dioc.,mon. o. s. B.,abb.,244,
Elsass,Elsacia,,,bona eccl.,188,
Eltmann,Eltmein,Herbipol. dioc.,par. eccl.,,158,
Eltville,Eltuil,Magunt. dioc.,par. eccl.,,189,
Elver,Eluer,Paderb. dioc.,,ploghete seu additamentum,269,
Embrach,"Imbrac., Imbriacen., Emmeracen.",Const. dioc.,eccl. s. Petri,prepos.,239,
Embrach,"Imbrac., Imbriacen., Emmeracen.",Const. dioc.,eccl. s. Petri,can.,"73, 96, 226, 233",
Embricen.,,,,,,Emmerich
Emde,Emeda,Monast. dioc.,par. eccl.,,358,
Emerfeld,"Emeruelt, Emeuelt",Const. dioc.,par. eccl.,,"147, 226",
Emmel,,Trev. dioc.,par. eccl.,,215,
Emmeracen.,,,,,,Embrach
Emmerich,Embricen.,Traiect. dioc.,eccl. s. Martini,decan.,"25, 317",
Emmerich,Embricen.,Traiect. dioc.,eccl. s. Martini,can.,"25, 104, 316, 317",
Emmingen,Emmyngen,Const. dioc.,par. eccl.,,287,
Empre,,,,,,Hentern
Ems,Aemps,Curien. dioc.,par. eccl.,,317,
Endorf,Endorff,Ratisp. dioc.,mon. o. s. B.,monach.,27,
Engel,Engelde,Magunt. dioc.,,curia,186,
Engenpach,,,,,,Altdorf
Enger,Angarien.,Osnab. dioc.,eccl. s. Dionysii,,50,
Enger,Angarien.,Osnab. dioc.,eccl. s. Dionysii,can.,"44, 71, 106, 246, 327",
England,Anglia,,studium,,5,
England,Anglia,,,terra,"173, 185",
Enneberg,Enybergs,Brixin. dioc.,par. eccl.,,181,
Enns,Anasum,Patav. dioc.,par. eccl.,,"261, 262, 300",
Enslingen,Ensling,Eystet. dioc.,par. eccl. b. Marie Virg.,,110,
Enus,,,,,,Inn
Enybergs,,,,,,Enneberg
Enzersdorff,,,,,,Groß-Enzersdorff
Episcopaliscella,,,,,,Bischofszell
Eppendorf,Eppendorpe,Bremen. dioc.,par. eccl.,,201,
Eppstein,Eppensteyn,Magunt. dioc.,,castrum,396,
Epternac.,,,,,,Echternach
Erclens,,,,,,Erkelenz
Erfurt,"Erfford, Erfordia",Magunt. dioc.,eccl. b. Marie,,11,
Erfurt,"Erfford, Erfordia",Magunt. dioc.,eccl. b. Marie,prepos.,"151, 230, 11, 24, 56, 97, 154, 156, 174, 192, 19, 225, 230, 243, 264, 346, 349, 355",
Erfurt,"Erfford, Erfordia",Magunt. dioc.,eccl. b. Marie,capit.,"151, 247",
Erfurt,"Erfford, Erfordia",Magunt. dioc.,eccl. b. Marie,vic.,"141, 142, 143, 157, 17, 217, 230, 253",
Erfurt,"Erfford, Erfordia",Magunt. dioc.,eccl. s. Seueri,prepos.,"89, 151, 230, 242, 243, 247, 296, 339, 343, 344, 35, 374",
Erfurt,"Erfford, Erfordia",Magunt. dioc.,eccl. s. Seueri,decan.,"96, 97",
Erfurt,"Erfford, Erfordia",Magunt. dioc.,eccl. s. Seueri,can.,"96, 97, 142, 143, 154, 195, 243, 315, 343, 34, 374",
Erfurt,"Erfford, Erfordia",Magunt. dioc.,eccl. s. Seueri,capit.,"151, 230, 374",
Erfurt,"Erfford, Erfordia",Magunt. dioc.,eccl. s. Seueri,vic.,"8, 389",
Erfurt,"Erfford, Erfordia",Magunt. dioc.,par. eccl. s. Andree,,132,
Erfurt,"Erfford, Erfordia",Magunt. dioc.,par. eccl. s. Bartholomei,,"89, 339",
Erfurt,"Erfford, Erfordia",Magunt. dioc.,par. eccl. s. Laurentii,,355,
Erfurt,"Erfford, Erfordia",Magunt. dioc.,par. eccl. s. Pauli,,374,
Erfurt,"Erfford, Erfordia",Magunt. dioc.,capel. b. Marie Magdalene,,355,
Erfurt,"Erfford, Erfordia",Magunt. dioc.,mon. Nouioperis (Neuwerk),priorissa et conv.,199,
Erfurt,"Erfford, Erfordia",Magunt. dioc.,mon. Nouioperis (Neuwerk),vic. in eccl.,"4, 156",
Erfurt,"Erfford, Erfordia",Magunt. dioc.,studium,,"6, 97",
Erfurt,"Erfford, Erfordia",Magunt. dioc.,,offic. seu provisor (provisor alld. aepisc.),"40, 89",
Erfurt,"Erfford, Erfordia",Magunt. dioc.,,opid.,"40, 137",
Erfurt,"Erfford, Erfordia",Magunt. dioc.,,domus,281,
Ergoye,,,,,,Aargau
Erharting,Erhardinga,Patav. dioc.,par. eccl.,,359,
Erich,,,,,,Groß-Erich
Erkelenz,Erclens,Leod. dioc.,par. eccl.,,18,
Erlach,,Herbipol. dioc.,par. eccl.,,94,
Ermland,Warmien.,,,ep.,"50, 56, 60, 125, 126, 270, 277, 289",
Ermland,Warmien.,,eccl.,can.,"30, 41, 48, 49, 50, 56, 121, 288, 332, 353",
Ermland,Warmien.,,eccl.,capit.,"50, 56, 60, 125, 126, 277, 289, 363",
Ermland,Warmien.,,eccl.,vic.,"30, 42, 60, 90, 121, 208, 220, 363",
Ermland,Warmien.,,eccl.,alt.,125,
Ermland,Warmien.,,,cler.,"50, 56, 166, 277, 290, 392",
Ermland,Warmien.,,,laici,64,
Erpel,,Colon. dioc.,,alt. b. Marie,370,
Erstein,Ersthein,Argent. dioc.,par. eccl.,,"120, 192, 340",
Erstein,Ersthein,Argent. dioc.,mon. o. s. A. (o. s. B.),abb. et conv.,192,
Erstein,Ersthein,Argent. dioc.,mon. o. s. A. (o. s. B.),can.,"192, 340",
Erstein,Ersthein,Argent. dioc.,mon. o. s. A. (o. s. B.),capel.,"120, 202",
Eschau,"Eschowe, Escowe",Argent. dioc.,mon. o. s. B.,,37,
Eschau,"Eschowe, Escowe",Argent. dioc.,mon. o. s. B.,can.,200,
Eschenbergen,Esschinberg,Magunt. dioc.,capel. b. Marie,,357,
Eschershausen,Escerhusen,Magunt. dioc.,par. eccl.,,225,
Eschweiler,Eschwilre,Colon. dioc.,par. eccl.,,390,
Escow,,,,,,Eschau
Esplingerode,Espelingherode,Magunt. dioc.,capel.,,168,
Essen,Assinden.,Colon. dioc.,secul. eccl.,abbat.,"99, 272, 326, 328",
Essen,Assinden.,Colon. dioc.,secul. eccl.,prepos.,99,
Essen,Assinden.,Colon. dioc.,secul. eccl.,can.,"93, 99, 326",
Essen,Assinden.,Colon. dioc.,secul. eccl.,capit.,"326, 328",
Essen,Assinden.,Colon. dioc.,secul. eccl.,alt.,72,
Essen,Assinden.,Colon. dioc.,par. eccl. s. Johannis bapt.,,326,
Esslingen,Esszlingen,Const. dioc.,hosp. paup.,,112,
Etsch,Athesis,,,flumen,356,
Ettendorf,Ettendorff,Argent. dioc.,par. eccl.,,118,
Eutin,Oytin,Lubic. dioc.,eccl.,can.,190,
Everstein,Euersteyn,Traiect. dioc.,,castrum,115,
Ewattingen,Ebettingen,Const. dioc.,,decan.,115,
Eycbergh,,,,,,Eibergen
Eyfflie,,,,,,Münstereifel
Eysteten.,,,,,,Eichstädt
Faenza,Faventin.,,,ep.,25,
Fahr,Varemonasterium,Const. dioc.,mon. o. s. B.,prepos.,363,
Famenne,,Leod. dioc.,,archidiacon.,173,
Fano,Fani,,,. civit.,399,
Farrnbach,Farenbach,Bamberg. dioc.,par. eccl.,,93,
Faventin.,,,,,,Faenza
Feistritz,Fewstritz,Salzb. dioc.,par. eccl.,,291,
Feitzhochheim,,,,,,Veitshöchheim
Feltren.,,,,,,Belluno
Ferchland,Berchlande,Havelb. dioc.,par. eccl.,,275,
Feuchtwangen,"Fewhewangen, Fewchwang, Fewhtwang, Fewhwacen.",August. dioc.,eccl. b. Marie,decan.,150,
Feuchtwangen,"Fewhewangen, Fewchwang, Fewhtwang, Fewhwacen.",August. dioc.,eccl. b. Marie,can.,"96, 109",
Feuchtwangen,"Fewhewangen, Fewchwang, Fewhtwang, Fewhwacen.",August. dioc.,eccl. b. Marie,capit.,150,
Feuchtwangen,"Fewhewangen, Fewchwang, Fewhtwang, Fewhwacen.",August. dioc.,eccl. b. Marie,vic.,150,
Feuchtwangen,"Fewhewangen, Fewchwang, Fewhtwang, Fewhwacen.",August. dioc.,par. eccl. s. Johannes,,205,
Fewstritz,,,,,,Feistritz
Filehne,Velen al. Lacus s. Marie,Poznan. dioc.,mon. Cist. ord.,,357,
Fischbachau,Vischpachaw,Frising. dioc.,mon. o. s. B.,,7,
Fischhausen,Vischusen,Sambien. dioc.,par. eccl. s. Nicolai,,358,
Fischlingen,,,,,,Klein-Fischlingen
Flandern,Flandria,Traiect. dioc.,,4 officia,291,
Flechtdorf,"Fleichtorp, Vlechtorp",Padeb. dioc.,mon. o. s. B.,monach.,"141, 206",
Flensburg,Vlensborch,Sleswic. dioc.,,civit.,337,
Fliess,Flies,Brixin. dioc.,par. eccl.,,126,
Floreffe,Floreffien.,Leod. dioc.,mon. Prem. ord.,abb.,77,
Florenz,Florentin.,,mon. s. Salvatoris de Septimo Cist. ord.,monach.,360,
Florenz,Florentin.,,studium,,6,
Florenz,Florentin.,,,miles,47,
Florenz,Florentin.,,,domic.,335,
Florenz,Florentin.,,,mercator,"49, 52, 61, 85, 163, 164, 209, 223, 268, 277, 348, 366",
Florenz,Florentin.,,,opid.,"53, 182, 209",
Florenz,Florentin.,,,civit.,"52, 171, 321",
St. Florian,de Sanctofloriano,Patav. dioc.,mon. s. Floriani,prepos.,17,
St. Florian,de Sanctofloriano,Patav. dioc.,mon. s. Floriani,can.,17,
St. Florian,de Sanctofloriano,Patav. dioc.,mon. s. Floriani,capit.,17,
St. Florian,de Sanctofloriano,Patav. dioc.,mon. s. Floriani,benef.,364,
Fonsdorf,Vanstorff,Salzb. dioc.,par. eccl.,,"201, 238",
Fonssalutis,,,,,,Heilsbronn
Forchheim,Vorheim,Bamberg. dioc.,eccl. s. Martini,can.,"39, 103, 274",
Föring,Voring,Salzb. dioc.,par. eccl. s. Marie,,260,
Formbach,Wormpach,Patav. dioc.,mon. o. s. B.,abb.,"329, 365",
Forstenwalde,,,,,,Fürstenwalde
Fosse,Fossen.,Leod. dioc.,eccl. s. Foilani,can.,154,
le Fousseret,Fosseretum,Ruien. dioc.,par. eccl.,,325,
Francia,,,,,,Frankreich
Frankenhausen,Franckenhusen,Magunt. dioc.,eccl. s. Jacobi,vic.,248,
Frankenstein,Frankenstein,Wratisl. dioc.,par. eccl.,,295,
Frankenuorde,,,,,,Frankfurt a. O
Frankfurt a. M,Fran(c)kford,Magunt. dioc.,eccl. s. Bartholomei,prepos.,"95, 273",
Frankfurt a. M,Fran(c)kford,Magunt. dioc.,eccl. s. Bartholomei,decan.,22,
Frankfurt a. M,Fran(c)kford,Magunt. dioc.,eccl. s. Bartholomei,scholast.,114,
Frankfurt a. M,Fran(c)kford,Magunt. dioc.,eccl. s. Bartholomei,can.,"75, 137",
Frankfurt a. M,Fran(c)kford,Magunt. dioc.,eccl. s. Bartholomei,capit.,273,
Frankfurt a. M,Fran(c)kford,Magunt. dioc.,eccl. s. Bartholomei,vic.,"211, 273, 274",
Frankfurt a. M,Fran(c)kford,Magunt. dioc.,eccl. s. Leonardi,capit.,203,
Frankfurt a. M,Fran(c)kford,Magunt. dioc.,eccl. b. Marie in Monte,decan.,"211, 273, 274",
Frankfurt a. M,Fran(c)kford,Magunt. dioc.,eccl. b. Marie in Monte,can.,"211, 274",
Frankfurt a. M,Fran(c)kford,Magunt. dioc.,eccl. b. Marie in Monte,capit.,"273, 274",
Frankfurt a. M,Fran(c)kford,Magunt. dioc.,eccl. bb. Marie et Georgii,decan.,203,
Frankfurt a. M,Fran(c)kford,Magunt. dioc.,eccl. bb. Marie et Georgii,can.,211,
Frankfurt a. M,Fran(c)kford,Magunt. dioc.,eccl. bb. Marie et Georgii,capit.,203,
Frankfurt a. M,Fran(c)kford,Magunt. dioc.,eccl. bb. Marie et Georgii,vic.,251,
Frankfurt a. M,Fran(c)kford,Magunt. dioc.,capel. s. Antonii,,327,
Frankfurt a. M,Fran(c)kford,Magunt. dioc.,mon. s. Catherine Nouiopidi,alt.,85,
Frankfurt a. M,Fran(c)kford,Magunt. dioc.,,civit.,"304, 337",
Frankfurt a. O,Frankenuorde,Lubuc. dioc.,eccl.,alt.,324,
Frankreich,Francia,,,rex,"28, 267",
Frankreich,Francia,,,regnum,"21, 61, 63, 114, 203, 325",
Frascati,Tusculan.,,,ep.,323,
Frasslau,"Fratzlauia, Frasslaw",Aquil. dioc.,par. eccl.,,"24, 25, 125",
Frauenaurach,Frauwenaurach,Herbi-pol. dioc.,mon. o. s. A.,capel. in eccl.,87,
Frauenchiemsee,Nunnenberd,Salz. dioc.,mon. o. s. B.,abbat. et conv.,293,
Frauenchiemsee,Nunnenberd,Salz. dioc.,mon. o. s. B.,alt. in eccl.,293,
Frehlinghausen,Vralinchusen,Hilsem. dioc.,mon.,prepos.,361,
Freiberg,Fribergh,Misn. dioc.,par. eccl.,,344,
Freiburg i. Br,"Friburgh, Friborg Fryburg, Friburgum",Const. dioc.,par. eccl.,,140,
Freiburg i. Br,"Friburgh, Friborg Fryburg, Friburgum",Const. dioc.,dom. fr. ord. Min.,,115,
Freiburg i. Br,"Friburgh, Friborg Fryburg, Friburgum",Const. dioc.,dom. fr. ord. Pred.,prior,310,
Freiburg i. Br,"Friburgh, Friborg Fryburg, Friburgum",Const. dioc.,dom. Montissanctiohannis bap. Carthus. ord.,,115,
Freiburg i. Br,"Friburgh, Friborg Fryburg, Friburgum",Const. dioc.,,civit.,"115, 389",
Freising,Frisingen.,,,ep. (el.),"7, 53, 59, 80, 112, 153, 170, 261, 267, 378",
Freising,Frisingen.,,eccl.,prepos.,214,
Freising,Frisingen.,,eccl.,decan.,"119, 223",
Freising,Frisingen.,,eccl.,can.,"15, 19, 121, 128, 184, 205, 207, 211, 213, 214, 228, 262, 298, 361, 376, 378, 388, 392",
Freising,Frisingen.,,eccl.,cap.,"7, 59, 170, 211",
Freising,Frisingen.,,eccl. s. Andree,prepos.,"152, 153, 205, 273",
Freising,Frisingen.,,eccl. s. Andree,can.,"15, 92, 152, 153, 389",
Freising,Frisingen.,,eccl. s. Johannis Montisfrisingen,prepos.,170,
Freising,Frisingen.,,eccl. s. Viti e. m.,prepos.,170,
Freising,Frisingen.,,capel. s. Benedicti,,261,
Freising,Frisingen.,,,presb.,"94, 106, 206, 209, 245, 262, 354, 375, 392",
Freising,Frisingen.,,,cler.,"123, 244, 261, 275, 316, 359",
Freising,Frisingen.,,,subcollect.,"153, 298, 378",
Freising,Frisingen.,,,domic.,42,
Freistadt,"ob d. Ens, Freynstät",Patav. dioc.,par. eccl. s. Jacobi in Nouoforo,,12,
Frequentin.,,,,,,Frigento
Frescha,,,,,,Friesland
Freynstät,,,,,,Freistadt
Fribergh,,,,,,Freiberg
"Friborch, Friburgh, Friburgum",,,,,,Freiburg i. Br
Friesach,Frisacen.,Salzb. dioc.,eccl. s. Bartholomei,prepos.,115,
Friesach,Frisacen.,Salzb. dioc.,eccl. s. Bartholomei,can.,"15, 152, 153, 388",
Friesenhofen,"Friesenhouen, Friesenhouen",Const. dioc.,par. eccl.,,"26, 181, 257",
Friesland,"Frisia, Frescha",,,terra,"145, 337",
Frigento,Frequentin.,,,ep.,178,
Frisacen.,,,,,,Friesach
Frisenhoven,,,,,,Friesenhofen
Frisia,,,,,,Friesland
Fritzlar,Vritzlarien.,Magunt. dioc.,eccl. s. Petri,prepos.,8,
Fritzlar,Vritzlarien.,Magunt. dioc.,eccl. s. Petri,decan.,268,
Fritzlar,Vritzlarien.,Magunt. dioc.,eccl. s. Petri,can,"143, 150, 221, 243, 254, 299",
Fritzlar,Vritzlarien.,Magunt. dioc.,eccl. s. Petri,capit.,"8, 268",
Fritzlar,Vritzlarien.,Magunt. dioc.,eccl. s. Petri,vic.,"141, 142, 150",
Fritzlar,Vritzlarien.,Magunt. dioc.,capel. s. Johannis,,"65, 68",
Frommershausen,Frommershusen,Magunt. dioc.,par. eccl.,,159,
Fryburg,,,,,,Freiburg i. Br
Fügenstall,Fugenstal,Eystet. dioc.,par. eccl.,,"78, 346",
Fulda,Herbipol. seu,Magunt. dioc.,mon. o. s. B.,abb. et conv.,"143, 150, 248",
Fulda,Herbipol. seu,Magunt. dioc.,mon. o. s. B.,capel. (vic.),169,
Fulgenstadt,Fulgenstat,Const. dioc.,par. eccl.,,193,
Fünfkirchen,Quinqueecclesien.,,eccl.,prepos.,"242, 251",
Fünfkirchen,Quinqueecclesien.,,,dioc.,115,
Fürholzen,Furholtz,Frising. dioc.,par. eccl.,,256,
Furnes,Furnen.,Morin. dioc.,eccl. s. Walburgis,can.,"117, 118",
Fürstenwalde,Forstenwalde,Lubic. dioc.,eccl.,vic.,195,
Gabene,,,,,,Gavnö
Gabsheim,Geispisheim,Magunt. dioc.,par. eccl.,,224,
Gadow,Gadaw,Misn. dioc.,par. eccl.,,"390, 397",
Gaesdonk,Gaesdunck prope Goch,Colon. dioc.,mon. o. s. A.,prior et conv.,297,
Gail,Gila,Aquil. dioc.,,villa,192,
St. Gallen,de Sanctogallo,Const. dioc.,eccl. s. Leonardi e. m.,,"168, 186",
St. Gallen,de Sanctogallo,Const. dioc.,par. eccl. s. Laurentii,,101,
St. Gallen,de Sanctogallo,Const. dioc.,mon. s. Galli o. s. B.,,"124, 140, 141",
St. Gallen,de Sanctogallo,Const. dioc.,mon. s. Galli o. s. B.,abb.,155,
St. Gallen,de Sanctogallo,Const. dioc.,mon. s. Galli o. s. B.,capel.,155,
St. Gallen,,Salzb. dioc.,hosp. s. Galli,,65,
Gallepaltental,,,,,,Paltental
Gamundien.,,,,,,Gmünd
Gand,? Ghan,Salzb. dioc.,par. eccl.,,14,
Gand,Ganden.,Tornac. dioc.,par. eccl. s. Johannis,,291,
Ganden.,,,,,,Gmünd
Gandersheim,Gandersem,Hildesem. dioc.,mon.,abbat. et conv.,196,
Gandersheim,Gandersem,Hildesem. dioc.,mon.,can. in eccl.,160,
Gap,Vapincen.,,,ep.,199,
Gap,Vapincen.,,eccl.,capit.,199,
Garda-See,lacus Garda,Trident. dioc.,,ius piscandi,124,
Gargnano,G. Rippie,Trident. dioc.,,civit.,124,
Gaspolthofen,"Gaspoltzhouen, Kas-paldshouen",Patav. dioc.,par. eccl.,,"90, 259",
Gassaw,,,,,,Gossau
Gatersleben,Gatirsleuben,Halberst. dioc.,,archidiacon.,274,
Gaudiacum,,,,,,Jouy sur Morin
Gavno,Gabene,Roskild. dioc.,mon. s. Agnetis in insula maris,,124,
Gawbatsch,,,,,,Krut
Gebesee,Gebese,Magunt. dioc.,eccl. s. Crucis,vic.,339,
Geervliet,Ghe[e]ruliet,Traiect. dioc.,eccl. b. Marie,dec. ac capit.,255,
Geervliet,Ghe[e]ruliet,Traiect. dioc.,eccl. b. Marie,can.,"255, 402",
Geich,Geych,Colon. dioc.,capel. s. Nicolai,,182,
Geiern,Geyrn,Eystet. dioc.,capel. s. Bartholomei in castro,,"124, 368",
Geisenfeld,Geysenueit,Ratisp. dioc.,par. eccl. s. Emmerami,,222,
Geisenfeld,Geysenueit,Ratisp. dioc.,mon. o. s. B.,abb. et conv.,222,
Geisenhausen,Geysenhawsen,Frising. dioc.,par. eccl.,,"93, 135",
Geismar,Gheismaer e. m. Gottinghen.,Magunt. dioc.,par. eccl.,,160,
Geispisheim,,,,,,Gabsheim
Geispolsheim,Gheyspolshem,Argent. dioc.,par. eccl.,,361,
Geistingen,Geystingen,Colon. dioc.,par. eccl.,,313,
Geldern,Gelria,,,dux,"106, 188, 235, 327",
Gengenbach,,Argent. dioc.,mon. o. s. B.,abb.,81,
Gensen,,,,,,Jeinsen
Genstall,,Ratisp. dioc.,par. eccl.,,388,
St. Georgen,Hartkilich,Const. dioc.,par. eccl.,,115,
Georgenthal,Vallissanctigeorgii al. Clarauallis,Magunt. dioc.,mon. Cist. ord.,,357,
Gerblingerode,Gerwelingherode,Magunt. dioc.,capel. s. Anne,,168,
Gerlachshausen,,Herbipol. dioc.,par. eccl.,,127,
Gernrode,Gherenrode,Halberst. dioc.,eccl.,abbat. et capit.,"225, 322, 343",
Gernrode,Gherenrode,Hildesem. dioc.,par. eccl.,,"100, 131",
Gerwelingherode,,,,,,Gerblingerode
Gerzen,Gertzen,Ratisp. dioc.,par. eccl.,,323,
Geseke,Ghes[c]ke,Colon. dioc.,eccl. s. Ciriaci,abbat. et conv.,385,
Geseke,Ghes[c]ke,Colon. dioc.,eccl. s. Ciriaci,can.,385,
Geseke,Ghes[c]ke,Colon. dioc.,eccl. s. Ciriaci,vic.,326,
Getz,,Poznan. dioc.,par. eccl.,,396,
Geul,Goele,Leod. dioc.,par. eccl.,,169,
Gewitsch,Gewiczka,Olomuc. dioc.,dom. ord. Herem. s. A.,,25,
Geych,,,,,,Geich
Geynsen,,,,,,Jeinsen
Geyrn,,,,,,Geiern
Geysmar,,,,,,Hofgeismar
Ghan,,,,,,Gand
Gheeruliet,,,,,,Geervliet
Gheismaer,,,,,,"Geismar, Hofgeismar"
Gherenrode,,,,,,Gernrode
Gheruliet,,,,,,Geervliet
Gheske,,,,,,Geseke
Gheueldehusen,,,,,,Gieboldehausen
Gheyspolshem,,,,,,Geispolshem
Ghisenkirchen,,,,,,Giesenkirchen
Ghrebukesrode,,,,,,Gräfenroda
Gieboldehausen,Gheueldehusen,Magunt. dioc.,par. eccl.,,195,
Giengen,,August. dioc.,par. eccl.,,75,
Giengen,,August. dioc.,dom. apud. cimeterium o. s. B.,,75,
Giengen,,August. dioc.,,civit.,167,
Giesenain,Gisenheim,Magunt. dioc.,par. eccl.,,285,
Giesenkirchen,Ghisenkirchen,Colon. dioc.,par. eccl.,,174,
Giessen-Oudkerk,Oudeghiessen,Traiect. dioc.,par. eccl.,,129,
Giethoorn,Giethorn,Traiect. dioc.,par. eccl.,,400,
Gila,,,,,,Gail
Gimingem,Gymunghen,Meten. dioc.,par. eccl.,,283,
Gisenheim,,,,,,Giesenain
Glan,,Magunt. dioc.,,archipresbyt.,108,
Glandières,Glanderien.,Meten. dioc.,mon. o. s. B.,abb.,"86, 87",
Glandières,Glanderien.,Meten. dioc.,mon. o. s. B.,custod.,87,
Glandières,Glanderien.,Meten. dioc.,mon. o. s. B.,monach.,"86, 87",
Glandières,Glanderien.,Meten. dioc.,mon. o. s. B.,conv.,86,
Glane,,Osnab. dioc.,par. eccl.,,104,
Glarus,Vallis Claronen.,Const. dioc.,,"incole, decime",361,
Gleichen,Glichen,Herbipol. dioc.,,castrum,158,
"Glogau, Gross-",Glogouia maior,Wratisl. dioc.,eccl. b. Marie,,271,
"Glogau, Gross-",Glogouia maior,Wratisl. dioc.,,prepos.,279,
"Glogau, Gross-",Glogouia maior,Wratisl. dioc.,,scholast.,82,
"Glogau, Gross-",Glogouia maior,Wratisl. dioc.,,can.,"8, 41, 127, 257, 290",
"Glogau, Gross-",Glogouia maior,Wratisl. dioc.,,capit.,279,
"Glogau, Ober-",Glogouia superior,Wratisl. dioc.,eccl. s. Bartholomei,vic.,14,
Glossenberg,,,,,,Neuenstadt
Gluschin,"Gluschinen., Glusernia",Poznan. dioc.,eccl. s. Jacobi,prepos.,249,
Gluschin,"Gluschinen., Glusernia",Poznan. dioc.,eccl. s. Jacobi,can.,45,
Gmünd,"Gamundien., Ganden.",August. dioc.,hosp. s. Spiritus.,,124,
Gmünd,"Gamundien., Ganden.",August. dioc.,,civit.,124,
Gnesen,"Gneznen., Gniznen.",,,aep.,"47, 133, 199, 222, 281, 289, 294, 339",
Gnesen,"Gneznen., Gniznen.",,,administrator,47,
Gnesen,"Gneznen., Gniznen.",,,mensa aepisc.,"199, 222",
Gnesen,"Gneznen., Gniznen.",,eccl.,prepos.,"46, 133, 243, 294, 308",
Gnesen,"Gneznen., Gniznen.",,eccl.,decan.,"52, 309",
Gnesen,"Gneznen., Gniznen.",,eccl.,cantor.,314,
Gnesen,"Gneznen., Gniznen.",,eccl.,dign.,"37, 49, 102, 289, 338",
Gnesen,"Gneznen., Gniznen.",,eccl.,can.,"5, 37, 43, 47, 49, 69, 101, 102, 103, 133, 198, 288, 289, 294, 308, 333, 338, 339",
Gnesen,"Gneznen., Gniznen.",,eccl.,capit.,"47, 199, 294, 339",
Gnesen,"Gneznen., Gniznen.",,eccl.,vic.,"45, 47, 101, 244, 338, 339",
Gnesen,"Gneznen., Gniznen.",,eccl.,alt.,"42, 47, 101, 294, 309, 339, 358",
Gnesen,"Gneznen., Gniznen.",,eccl. s. Georgii in castro,,42,
Gnesen,"Gneznen., Gniznen.",,par. eccl. Laurentii in suburbio,,101,
Gnesen,"Gneznen., Gniznen.",,mon. s. Johannis o. s. A. e. m.,prepos.,322,
Gnesen,"Gneznen., Gniznen.",,,presb.,"37, 232, 322, 396",
Gnesen,"Gneznen., Gniznen.",,,cler.,"79, 101, 183, 233, 243, 244, 289, 302, 303, 309, 311, 314, 339",
Gnesen,"Gneznen., Gniznen.",,,collector,"22, 51, 57, 261, 399",
Gnesen,"Gneznen., Gniznen.",,,dioc.,"98, 281",
Gnesen,"Gneznen., Gniznen.",,,armig.,101,
Gnesen,"Gneznen., Gniznen.",,,mil.,"186, 284, 294, 357",
Goch,,Colon. dioc.,,civit.,297,
Göda,Godow,Misn. dioc.,par. eccl.,,28,
Godesberg,Gudesberg,Colon. dioc.,capel. superior castri,,348,
Goele,,,,,,Geul
Goes,,Traiect. dioc.,par. eccl.,,"27, 343",
Goldberg,Goltberg,Wratisl. dioc.,par. eccl.,,364,
Gollhofen,Golnhouen,Herbipol. dioc.,par. eccl.,,218,
Gonobitz,"Gonobicz, Gonwitz",Aquil. dioc.,par. eccl. s. Georgii,,321,
Göritz,Goritz,Lubuc. dioc.,eccl. b. Marie,,134,
Görlitz,Gorlicz,Misn. dioc.,par. eccl. s. Nicolai e. m.,,134,
Görlitz,Gorlicz,Misn. dioc.,,civit.,134,
Görschen,Gorszen,Merseb. dioc.,par. eccl.,,274,
Görz,Goricia,,,comes,"19, 192, 210",
Gorze,"Gorzien., Gorsien.",Meten. dioc.,mon. o. s. B.,abb.,"158, 159, 196, 371",
Gorze,"Gorzien., Gorsien.",Meten. dioc.,mon. o. s. B.,monach.,"158, 159, 196",
Gorze,"Gorzien., Gorsien.",Meten. dioc.,mon. o. s. B.,conv.,"158, 159, 196",
Goslar,,Hildesem. dioc.,eccl. ss. Symonis et Jude,prepos.,172,
Goslar,,Hildesem. dioc.,eccl. ss. Symonis et Jude,decan.,150,
Goslar,,Hildesem. dioc.,eccl. ss. Symonis et Jude,can.,"133, 237, 349",
Goslar,,Hildesem. dioc.,eccl. ss. Symonis et Jude,capit.,172,
Gossau,Gassaw prope Gruenigen,Const. dioc.,par. eccl.,,331,
Gotha,Gothen.,Magunt. dioc.,eccl.,can.,"96, 150, 151",
Gottesthal,Vallis Dei,Basil. dioc.,mon. o. s. B.,,92,
Göttingen,Göttinghen,Magunt. dioc.,par. eccl. s. Johannes,,160,
Göttingen,Göttinghen,Magunt. dioc.,,civit.,160,
Göttweih,Chodwicum,Patav. dioc.,mon. o. s. B.,abb. et conv.,352,
Gourlis,?,,,dux,6,
Grabau,Grabaw,Gnezn. dioc.,par. eccl. Omniumsanctorum,,98,
Grabow,,Razeb. dioc.,capel. s. Spiritus,,172,
Graedwein,,,,,,Gratwein
Gräfenroda,? Ghrebukesrode,Magunt. dioc.,capel.,,198,
Gräfenthal,Vallis comitis,Colon. dioc.,mon. Cist. ord.,abb. et conv.,232,
Grafentraubach,,,,,,Traubach
Grammastetten,Gremthartsteten,Patav. dioc.,par. eccl.,,352,
Gras,Grassa,Magunt. dioc.,capel.,,163,
Grath,Grate prope Loss,Leod. dioc.,par. eccl. bb. Marie et Johannis,,"169, 177",
Gratianopolis,,,,,,Grenoble
Gratwein,Graedwein,Salzb. dioc.,par. eccl.,,339,
Grebming,Grebmik,Salzb. dioc.,par. eccl.,,352,
Greiffenstein,"Grifenstein, Greyffenst.",Wratisl. dioc.,,castrum,281,
Greifswald,Gripeswoldis,Camin. dioc.,par. eccl. s. Marie 85. (par.) eccl. s. Nicolai,,85,
Greifswald,Gripeswoldis,Camin. dioc.,,prepos.,137,
Gremthartsteten,,,,,,Grammastetten
Grenoble,Gratianopol.,,,dioc.,212,
Grenzsen,,,,,,Grzendzin
Greussen,"Marcgruczen, Grussen., Gruszen.",Magunt. dioc.,,cap. b. Marie e. m.,"16, 175, 187",
Grevesmühlen,Greuesmolen,Razeb. dioc.,par. eccl.,,312,
Gries,,Salzb. dioc.,par. eccl.,,17,
"Gries, St. Maria in Au","prope Bolzam, Awgia",Trident. dioc.,par. eccl.,,"59, 170",
"Gries, St. Maria in Au","prope Bolzam, Awgia",Trident. dioc.,mon. o. s. A.,,"59, 138",
"Gries, St. Maria in Au","prope Bolzam, Awgia",Trident. dioc.,mon. o. s. A.,prepos.,"77, 138",
"Gries, St. Maria in Au","prope Bolzam, Awgia",Trident. dioc.,,castrum apud villam,59,
Grieskirchen,,Patav. dioc.,par. eccl.,,88,
Grifenstein,,,,,,Greiffenstein
Gripeswoldis,,,,,,Greifswald
Grissaw,,,,,,Grüssau
Groden,Gruden.,Bremen. dioc.,par. eccl.,,216,
Grodzisko,,Poznan. dioc.,par. eccl.,,351,
Groenlo,"Gronlo, Gronllo",Monast. dioc.,par. eccl.,,"132, 198",
Groenlo,"Gronlo, Gronllo",Monast. dioc.,,opid.,106,
Groningen,Groninghen,Traiect. dioc.,par. eccl. s. Martini,,"149, 393",
Gross-Alsleben,Magnaalsleuen,Halberst. dioc.,par. eccl.,,89,
Gross-Behringen,Maiorberingen,Magunt. dioc.,par. eccl. s. Petri,,387,
(Gross-) Enzersdorf,Maior Enczesdorff,Patav. dioc.,par. eccl.,,229,
Gross-Erich,Erich,Magunt. dioc.,par. eccl.,,99,
Gross-Königsdorf,Congestorp,Colon. dioc.,mon.,,80,
Gross-Königsdorf,Congestorp,Colon. dioc.,,villa,80,
Gross-Mohnau,Magnamana,Wratisl. dioc.,par. eccl. s. Andree,,270,
Grossenmohnra,Maiormanre,Magunt. dioc.,par. eccl.,,344,
Gross-Salze,Magnasalina,Magdeb. dioc.,capel. castri,,175,
Gruden,,,,,,Groden
Grünberg,Vrunebec,Magunt. dioc.,,preceptor. s. Antonii,355,
Grüningen,Grueningen,Const. dioc.,,villa,331,
Grünhofen,? Grunshouen,Frising. dioc.,par. eccl.,,"20, 238",
Grüssau,Grissaw,Wratisl. dioc.,mon. Cist. ord.,abb.,281,
"Grussen., Gruszen.",,,,,,Greussen
Grzegorzew,"Grzegorzewo, Gyegoizewo",Gnezn. dioc.,par. eccl.,,"338, 339",
Grzendzin,Grenzen,Wratisl. dioc.,par. eccl.,,401,
Guben,Gubinen.,Misn. dioc.,capel. s. Spiritus e. m.,,48,
Gudesberg,,,,,,Godesberg
Gugenheim,,,,,,Jugenheim
Gülzow,Gulczow,Camin. dioc.,,castrum,9,
Guntering,? Guntmaringen,August. dioc.,par. eccl.,,216,
Güntzburg,Guntzburg,August. dioc.,par. eccl. s. Martini,,392,
Günz,"Guncz, Guntz",August. dioc.,par. eccl.,,"84, 298",
Gurk,Gurcen.,,,ep. (el.),"80, 112",
Gurkfeld,Gurguelt,Aquil. dioc.,par. eccl. b. Marie Virg.,,170,
Güsten,Gusten.,Colon. dioc.,par. eccl.,,336,
Güstrow,Gustrowen.,Camin. dioc.,eccl.,prepos.,329,
Güstrow,Gustrowen.,Camin. dioc.,eccl.,can.,"91, 145",
Güstrow,Gustrowen.,Camin. dioc.,par. eccl.,,172,
Güstrow,Gustrow,Zwerin. dioc.,par. eccl.,,235,
Güstrow,Gustrowe,,dominus terre,,"60, 192",
Güttingen,Guttingen,Const. dioc.,par. eccl.,,331,
Guttstadt,Gutenstat,Warmien. dioc.,eccl. s. Saluatoris et Omniumsanctorum,can.,166,
Gyegoizewo,,,,,,Grzegorzewo
Gymunghen,,,,,,Gimingen
Haag,Hag,Frising. dioc.,,baron.,125,
Haag,Hagha,Traiect. dioc.,par. eccl. s. Jacobi,,139,
Haag,Hagha,Traiect. dioc.,,fraternitas b. Marie Virg.,139,
Hadeln,"Hadelene, Haderia",Bremen. dioc.,,archidiacon.,"82, 95",
Hadmansdorff,Hadmansdorff,Herbi-pol. dioc.,par. eccl.,,"78, 311, 346",
Haenau,,,,,,Hanau
Haesbeen,,,,,,Heesbeen
Hag,,,,,,Haag
Hagen,,Traiect. dioc.,ecc. (capel.) b. Marie,decan.,"62, 373",
Hagen,,Traiect. dioc.,ecc. (capel.) b. Marie,can.,131,
Hagen,,Traiect. dioc.,ecc. (capel.) b. Marie,capit.,"62, 373",
Hagenau,Haghenow,Argent. dioc.,mon. antiquum Prem. ord.,,139,
Hagenau,Haghenow,Argent. dioc.,,opid.,139,
Hagestein,Haghensteyn,Traiect. dioc.,eccl.,alt.,"43, 44",
Hagha,,,,,,Haag
Haibach,Haybach,Ratisp. dioc.,par. eccl. s. Laurentii,,93,
Haidelfing,Haydolffing,Ratisp. dioc.,par. eccl.,,161,
Haimertingen,,,,,,Heimertingen
Haina,Hayna,Misn. dioc.,mon. s. Marie Magdalene o. s. A.,prepos.,211,
Haindorf,Haindorff,Patav. dioc.,par. eccl.,,260,
Halberstadt,Halberstaden.,,,ep. (el.),"39, 139, 204, 227, 269, 271",
Halberstadt,Halberstaden.,,eccl.,prepos.,"39, 120, 349, 387",
Halberstadt,Halberstaden.,,eccl.,decan.,21,
Halberstadt,Halberstaden.,,eccl.,scholast.,147,
Halberstadt,Halberstaden.,,eccl.,portenarius,295,
Halberstadt,Halberstaden.,,eccl.,dign.,"18, 105",
Halberstadt,Halberstaden.,,eccl.,can.,"18, 72, 105, 120, 130, 147, 193, 204, 274, 295, 387",
Halberstadt,Halberstaden.,,eccl.,capit.,"39, 139, 227, 269",
Halberstadt,Halberstaden.,,eccl.,vic.,"160, 197, 198, 226, 269, 395",
Halberstadt,Halberstaden.,,eccl. s. Bonifacii,prepos.,5,
Halberstadt,Halberstaden.,,eccl. s. Bonifacii,can.,"89, 225",
Halberstadt,Halberstaden.,,eccl. s. Bonifacii,vic.,89,
Halberstadt,Halberstaden.,,eccl. b. Marie,prepos.,227,
Halberstadt,Halberstaden.,,eccl. b. Marie,can.,"72, 217",
Halberstadt,Halberstaden.,,eccl. b. Marie,capit.,227,
Halberstadt,Halberstaden.,,eccl. b. Marie,vic.,"154, 395",
Halberstadt,Halberstaden.,,eccl. s. Pauli,can.,160,
Halberstadt,Halberstaden.,,,presb.,276,
Halberstadt,Halberstaden.,,,cler.,"197, 198, 226, 227, 343",
Halberstadt,Halberstaden.,,,domic.,322,
Hadelene,,,,,,Hadeln
Halicz,Halicien.,,,el.,"37, 281, 289",
Halicz,Halicien.,,,dioc.,310,
Halle,Hallen.,Magdeb. dioc.,eccl. Nouioperis e. m.,prepos.,139,
Halle,Hallen.,Magdeb. dioc.,capel. s. Crucis in viridario,,140,
Halle,Hallen.,Magdeb. dioc.,,archidiacon.,139,
Halle,Hallen.,Magdeb. dioc.,,comes salinarii,138,
Halle,Hallen.,Magdeb. dioc.,,civit.,138,
Halle i. Br,,Minden. dioc.,par. eccl.,,148,
Halle,,,,,,Schwäbisch-Hall
Hallein,Salina,Salzb. dioc.,par. eccl. s. Antonii,,238,
Hallermund,Halremunt,Hildesem. dioc.,capel. b. Marie in castro,,264,
Hallermund,Halremunt,Hildesem. dioc.,,com.,376,
Hallgarten,Heilgarten,Magunt. dioc.,par. eccl.,,373,
Hallstadt,Halstat,Bamberg. dioc.,par. eccl.,,228,
Halsprunn,,,,,,Heilsbronn
Haltingen,Haltingem,Const. dioc.,par. eccl.,,252,
Hamburg,Hamborgen.,Bremen. dioc.,eccl. s. Katherine,vic.,"72, 227",
Hamburg,Hamborgen.,Bremen. dioc.,eccl. b. Marie,prepos.,"19, 40, 83, 203, 207, 246, 247, 375, 389",
Hamburg,Hamborgen.,Bremen. dioc.,eccl. b. Marie,decan.,201,
Hamburg,Hamborgen.,Bremen. dioc.,eccl. b. Marie,scolast.,119,
Hamburg,Hamborgen.,Bremen. dioc.,eccl. b. Marie,can.,"183, 196, 201, 207, 256, 347, 390",
Hamburg,Hamborgen.,Bremen. dioc.,eccl. b. Marie,capit.,"40, 83, 201, 203, 246, 247, 375, 389",
Hamburg,Hamborgen.,Bremen. dioc.,eccl. b. Marie,vic.,"201, 207, 333, 345, 390",
Hamburg,Hamborgen.,Bremen. dioc.,eccl. s. Nicolai,vic.,333,
Hamburg,Hamborgen.,Bremen. dioc.,eccl. s. Petri,vic.,"175, 390",
Hamburg,Hamborgen.,Bremen. dioc.,,civit.,140,
Hameln,Hamelen.,Minden. dioc.,eccl. s. Bonifacii,prepos.,248,
Hameln,Hamelen.,Minden. dioc.,eccl. s. Bonifacii,can.,"56, 70, 174",
Hameln,Hamelen.,Minden. dioc.,eccl. s. Bonifacii,capit.,248,
Hameln,Hamelen.,Minden. dioc.,eccl. s. Bonifacii,vic.,193,
Hameln,Hamelen.,Minden. dioc.,capel. hosp. paup. s. Spiritus,,265,
Hamm,Hammonen.,Colon. dioc.,par. eccl.,,"104, 217",
Hanau,Hanow,Argent. dioc.,par. eccl.,,93,
Hanau,Haenow,Magunt. dioc.,,baron.,107,
Hannonia,,,,,,Hennegau
Hannover,"Hanuorien., Hanoueren.",Minden. dioc.,par. eccl. ss. Jacobi et Georgii,,179,
Hannover,"Hanuorien., Hanoueren.",Minden. dioc.,,opid.,"222, 223",
Harbeyßen,,,,,,Herbitzheim
Hardehausen,Herswideshusen,Padeb. dioc.,mon. Cist. ord.,monach.,206,
Harggerswiler,,,,,,Hergensweiler
Harlebeke,Harlebecen.,Tornac. dioc.,eccl. s. Saluatoris,prepos.,16,
Harsefeld,"Hersfelde, Roselde, Rosseueld",Bremen. dioc.,mon. o. s. B.,,41,
Harsefeld,"Hersfelde, Roselde, Rosseueld",Bremen. dioc.,mon. o. s. B.,abb.,240,
Harsefeld,"Hersfelde, Roselde, Rosseueld",Bremen. dioc.,mon. o. s. B.,monach.,240,
Hartberg,Hartperg,Salzb. dioc.,,mons,324,
Hartkilich,,,,,,St. Georgen
"Hasbengau, Hasbain",Hasuan.,Leod. dioc.,,archidiacon.,29,
Haselau,Hazelow,Bremen. dioc.,par. eccl.,,207,
Haselünne,Haselunne,Osnab. dioc.,par. eccl.,,"214, 253",
Haslach,"Haselacen., Hasselowe",Ar-gent. dioc.,eccl. s. Florentii (Florini),decan.,73,
Haslach,"Haselacen., Hasselowe",Ar-gent. dioc.,eccl. s. Florentii (Florini),celeraria,73,
Haslach,"Haselacen., Hasselowe",Ar-gent. dioc.,eccl. s. Florentii (Florini),can.,"73, 189, 215",
Haslach,"Haselacen., Hasselowe",Ar-gent. dioc.,eccl. s. Florentii (Florini),capit.,73,
Hasselburg,Asselburg,Halberst. dioc.,capel. b. Marie,,217,
Hasselt,,Leod. dioc.,par. eccl.,,135,
Hassia,,,,,,Hessen
Hasungen,Hasunghen,Magunt. dioc.,mon. o. s. B.,abb.,342,
Hasuan.,,,,,,Hasbengau
Hattenheim,,Magunt. dioc.,par. eccl.,,362,
Haug,,,,,,Würzburg
Haus,,Salzb. dioc.,par. eccl.,,119,
Havelberg,,,,ep.,"118, 142, 299",
Havelberg,,,eccl. Prem. ord.,,142,
Havelberg,,,,prepos.,118,
Havelberg,,,,can.,118,
Havelberg,,,,capit.,142,
Havelberg,,,,alt.,118,
Havelberg,,,par. eccl.,,118,
Havelberg,,,,cler.,"247, 396",
Havixbeck,Haeukesbeke,Monast. dioc.,par. eccl.,,"100, 136",
de Hayaualteri,,,,,,Altenmünster
Haydeck,,,,,,Heideck
Haydolffing,,,,,,Haidelfing
Hazelow,,,,,,Haselau
Hebron,Ebronen.,,,ep.,80,
Hedwangen,,,,,,Herdwangen
Heelsprunna,,,,,,Heilbronn
s’Heerhendrikskinderen,Therheynrix- kinder,Traiect. dioc.,par. eccl.,,311,
Heesbeen,Haesbeen,Traiect. dioc.,capel. b. Marie super Aggere in parochia H.,,133,
Heflein,,,,,,Höflein
Heideck,Haydeck,Eystet. dioc.,,baron.,213,
Heidelberg,Heydelberg,Wormat. dioc.,studium,,352,
Heidelberg,Heydelberg,Wormat. dioc.,,civit.,13,
Heilbronn,"Heylprun, Heelprunna Her.",bipol. dioc.,par. eccl.,,"208, 254",
Heilgarten,,,,,,Hallgarten
Heilgenthal,Hilghendal,Verden. dioc.,mon. Prem. ord.,prep. et conv.,40,
Heiligenstadt,Heilgenstad.,Magunt. dioc.,eccl. s. Martini,prepos.,7,
Heiligenstadt,Heilgenstad.,Magunt. dioc.,eccl. s. Martini,can.,151,
Heilighestede,,,,,,Amsterdam
Heilsbronn,"Heilsprun, Halsprunn, Fonssalutis",Eystet. dioc.,mon. Cist. ord.,abb.,"54, 55, 172, 295, 387",
Heilsbronn,"Heilsprun, Halsprunn, Fonssalutis",Eystet. dioc.,mon. Cist. ord.,prepos.,55,
Heilsbronn,"Heilsprun, Halsprunn, Fonssalutis",Eystet. dioc.,mon. Cist. ord.,camerar.,266,
Heilsbronn,"Heilsprun, Halsprunn, Fonssalutis",Eystet. dioc.,mon. Cist. ord.,conv.,"172, 295, 387",
Heimertingen,Haimertingen,Const. dioc.,par. eccl.,,9,
Heinrichau,Henrichow,Wratisl. dioc.,mon. Cist. ord.,abb.,282,
Heinsberg,Heynsbergen.,Leod. dioc.,eccl.,can.,"20, 210",
Heinsberg,Heynsbergen.,Leod. dioc.,,dominus,221,
Heisterkirch,Hesterkirch,Const. dioc.,par. eccl.,,"188, 261",
Heldburg,Helpurg,Herbipol. dioc.,par. eccl.,,132,
Helmeringhausen,Helmelinchusen,Padeb. dioc.,,obediencia,363,
Hemelum,Hemele,Traiect. dioc.,mon. s. Nicolai o. s. B.,prepos.,178,
Hemelum,Hemele,Traiect. dioc.,mon. s. Nicolai o. s. B.,monach.,177,
Hemmersbach,Hemersbach,Colon. dioc.,par. eccl.,,182,
Hemmingstedt,Hemmegstede,Bremen. dioc.,par. eccl.,,"203, 322",
Henneberg,Hennenberg,Herbipol. dioc.,,comes,154,
Hennegau,Hannonia,,,. com.,"31, 60, 114, 271, 279",
Henrichow,,,,,,Heinrichau
Hentern,Emptre,Trev. dioc.,par. eccl.,,258,
Herberchtingen,,,,,,Herbrechtingen
Herbertshausen,Herbericzhusen Fri.,sing. dioc.,par. eccl.,,92,
Herbipolen.,,,,,,Würzburg
Herbitzheim,"Harbeysen, Herbotsen",Meten. dioc.,par. eccl.,,80,
Herbitzheim,"Harbeysen, Herbotsen",Meten. dioc.,mon. o. s. B.,abbat.,80,
Herbolzheim,Herwolczheim,Herbipol. dioc.,par. eccl.,,294,
Herbrechtingen,Herberchtingen,August. dioc.,mon. o. s. A.,,167,
Herchesheim,Hergesheim,Spiren. dioc.,par. eccl.,,195,
Herdern,prope Friburgum,Const. dioc.,par. eccl.,,389,
Herdwangen,Hedwangen,Const. dioc.,par. eccl.,,104,
Heremitarum,,,,,,Einsiedeln
Herford,Heruorden.,Padeb. dioc.,eccl. secul.,abbat.,"37, 51, 55, 177, 202, 400",
Herford,Heruorden.,Padeb. dioc.,eccl. secul.,capit.,"37, 55, 177, 400",
Herford,Heruorden.,Padeb. dioc.,eccl. ss. Johannis et Dionisii,,51,
Herford,Heruorden.,Padeb. dioc.,eccl. ss. Johannis et Dionisii,can.,220,
Herford,Heruorden.,Padeb. dioc.,eccl. ss. Johannis et Dionisii,vic.,"19, 44, 70",
Herford,Heruorden.,Padeb. dioc.,par. eccl. s. Johannis,,"51, 64",
Herford,Heruorden.,Padeb. dioc.,capel. b. Catherine Nouioperis,,"119, 205",
Herford,Heruorden.,Padeb. dioc.,capel. dom. Walderi,,217,
Hergensweiler,Harggerswiler,Const. dioc.,par. eccl.,,94,
Hergesheim,,,,,,Herchesheim
Herischdorf,Heroldisdorf,Wratisl. dioc.,,bona,281,
Herisien.,,,,,,Neuen-Heerse
Hermagor,de Sanctoermachore prope Gilam,Aquil. dioc.,par. eccl. s. Ermachore,,192,
Hermstedt,Hermstete,Magunt. dioc.,par. eccl.,,393,
Heroldisdorf,,,,,,Herischdorf
Herrenalb,Alba,Spiren. dioc.,mon. Cist. ord.,abb.,90,
Herrieden,Herriden.,Eystet. dioc.,eccl. s. Viti,can.,"109, 189, 223",
Hersbruck,Herspruck,Bamberg. dioc.,par. eccl.,,93,
Hersfeld,,Magunt. dioc.,mon. o. s. B.,"abb., dec. et conv.",150,
Hersfelde,,,,,,Harsefeld
Herswideshusen,,,,,,Hardehausen
Herten,,Colon. dioc.,par. eccl.,,319,
Herwen,,Traiect. dioc.,par. eccl.,,347,
Hervolczheim,,,,,,Herbolzheim
Herzberg,Hertzeberg,Misp. dioc.,capel. Corporis Jesu Christi,,177,
Herzberg,Hertzeberg,Misp. dioc.,,civit.,329,
Herzogenbusch,Buscoducis,Leod. dioc.,eccl. s. Johannis,can.,11,
Herzogenbusch,Buscoducis,Leod. dioc.,par. eccl.,,347,
Hessen,Hassia,,,lantgr.,268,
Hesterkirch,,,,,,Heisterkirch
Heylprun,,,,,,Heilbronn
Hieropolis,Jeropolitan.,,,ep.,27,
Hilbershem,,,,,,Waldhilbersheim
Hilda,,,,,,Eldena
Hildesheim,Hildesem.,,,ep.,"18, 23, 56, 70, 131, 156, 157, 178, 200, 248, 264, 265, 269, 271, 355",
Hildesheim,Hildesem.,,eccl.,prepos.,"96, 131, 192",
Hildesheim,Hildesem.,,eccl.,thesaurar.,"18, 95, 141, 142",
Hildesheim,Hildesem.,,eccl.,dign.,"100, 158",
Hildesheim,Hildesem.,,eccl.,can.,"100, 130, 141, 142, 158, 264, 295, 349",
Hildesheim,Hildesem.,,eccl.,capit.,"18, 23, 56, 70, 95, 131, 154, 156, 178, 200, 248, 265, 269",
Hildesheim,Hildesem.,,eccl.,vic.,"23, 198, 248, 265, 269",
Hildesheim,Hildesem.,,eccl.,capel.,"44, 70",
Hildesheim,Hildesem.,,eccl. s. Andree,prepos.,105,
Hildesheim,Hildesem.,,eccl. s. Andree,decan.,264,
Hildesheim,Hildesem.,,eccl. s. Andree,can.,"156, 157, 178",
Hildesheim,Hildesem.,,eccl. s. Andree,alt.,144,
Hildesheim,Hildesem.,,eccl. s. Crucis,prepos.,"100, 265",
Hildesheim,Hildesem.,,eccl. s. Crucis,decan.,72,
Hildesheim,Hildesem.,,eccl. s. Crucis,can.,66,
Hildesheim,Hildesem.,,eccl. s. Crucis,capit.,"72, 178, 265",
Hildesheim,Hildesem.,,eccl. s. Crucis,vic.,266,
Hildesheim,Hildesem.,,eccl. s. Johannis e. m.,can.,131,
Hildesheim,Hildesem.,,eccl. b. Marie,can.,264,
Hildesheim,Hildesem.,,eccl. Montissanctimauritii e. m.,prepos.,266,
Hildesheim,Hildesem.,,eccl. Montissanctimauritii e. m.,scolast.,144,
Hildesheim,Hildesem.,,eccl. Montissanctimauritii e. m.,dign.,159,
Hildesheim,Hildesem.,,eccl. Montissanctimauritii e. m.,can.,"18, 144, 159, 200, 220, 250, 266",
Hildesheim,Hildesem.,,eccl. Montissanctimauritii e. m.,capit.,266,
Hildesheim,Hildesem.,,eccl. Montissanctimauritii e. m.,off.,18,
Hildesheim,Hildesem.,,capel. s. Anne in ambitu (cimiterio),,141,
Hildesheim,Hildesem.,,mon. s. Michaelis o. s. B.,abb.,40,
Hildesheim,Hildesem.,,,archidiacon.,"105, 178",
Hildesheim,Hildesem.,,,presb.,"156, 158",
Hildesheim,Hildesem.,,,cler.,"131, 144, 145, 155, 157, 195, 196, 200, 266, 349, 391",
Hildesheim,Hildesem.,,,subcollect.,265,
Hildesheim,Hildesem.,,,mil.,148,
Hilghendal,,,,,,Heilgenthal
Hillerse,Hildesse,Magunt. dioc.,par. eccl.,,67,
Hilvarenbeek,? Beben.,Leod. dioc.,eccl. s. Petri,alt.,237,
Himmelsforte,Portaceli,Const. dioc.,mon. Prem. ord.,,145,
Hippo,Yponen.,,,ep.,281,
Hirsau,Hirsaw,Spiren. dioc.,mon. o. s. B.,abb.,125,
Hirschberg,Hirsberg,Wratisl. dioc.,,districtus,281,
Hirschhorn,Hirshoren,Salzb. dioc.,par. eccl.,,128,
Höchheim,Hocheim,Herbipol. dioc.,capel. s. Martini,,175,
Hoeven,Hoeuen.,Colon. dioc.,,vic.,131,
Hofen,,Argent. dioc.,par. eccl.,,166,
Hofgeismar,"Gheismar, Geysmar.",Pa-deb. dioc.,eccl. b. Marie Veteris,prepos.,166,
Hofgeismar,"Gheismar, Geysmar.",Pa-deb. dioc.,eccl. b. Marie Veteris,administrator,166,
Hofgeismar,"Gheismar, Geysmar.",Pa-deb. dioc.,eccl. b. Marie Veteris,pleban.,166,
Hofheim,Houhem,Magunt. dioc.,par. eccl.,,16,
Höflein,"Hofflein, Heflein",Patav. dioc.,par. eccl. s. Margarete,,244,
Hohenburg,H. superior.,Argent. dioc.,mon. o. s. A.,abbat.,280,
Hohenburg,H. superior.,Argent. dioc.,mon. o. s. A.,custod.,280,
Hohenburg,H. superior.,Argent. dioc.,mon. o. s. A.,monial.,280,
Hohenburg,H. superior.,Argent. dioc.,mon. o. s. A.,benef. in eccl.,250,
Hohenstadt,Hohenstat,Bamberg. dioc.,eccl.,premissaria,87,
Holland,Holandia,,,com.,"31, 131, 271",
Holland,Holandia,,,miles,267,
Holstein,"Holczacia, Holsacia",Lubic. dioc.,,comes,"156, 190, 336",
Holzen,Holtzen,Frising. dioc.,par. eccl.,,245,
Holztraubach,,,,,,Traubach
Holzweiler,Holtzwilre,Colon. dioc.,par. eccl.,,393,
Homsber,,,,,,Ansperg
Horn,,Const. dioc.,par. eccl. s. Johannis bapt.,,"101, 186",
Hornbach,"Hornbacen., Hornbacum, Hornebagh",Meten. dioc.,eccl. s. Fabiani,can.,"204, 314",
Hornbach,"Hornbacen., Hornbacum, Hornebagh",Meten. dioc.,mon. s. Pirmini o. s. B.,abb.,"122, 204, 292",
Hornbach,"Hornbacen., Hornbacum, Hornebagh",Meten. dioc.,mon. s. Pirmini o. s. B.,monach.,204,
Hornbach,"Hornbacen., Hornbacum, Hornebagh",Meten. dioc.,mon. s. Pirmini o. s. B.,conv.,"122, 204, 292",
Hornburg,Horneborghum,Halberst. dioc.,capel.,,143,
Hosskirch,Hosskilch,Const. dioc.,par. eccl.,,97,
Hottorf,Hotorff,Colon. dioc.,capel.,,121,
Hougaerde,Hugardien.,Leod. dioc.,eccl. s. Gorgoni,can.,131,
Houhem,,,,,,Hofheim
Höxter,Huxarien.,Padeb. dioc.,eccl. s. Petri,can.,"148, 178, 240, 343",
Höxter,Huxarien.,Padeb. dioc.,eccl. s. Petri,vic.,240,
Höxter,Huxarien.,Padeb. dioc.,par. eccl. s. Kilians,,93,
Hoya,,,,comes,"15, 112, 160",
Hoyen.,,,,,,Huy
Hude,,Bremen. dioc.,mon. Cist. ord.,abb. resp. monach.,327,
Hugard,,,,,,Hougaerde
Hulst,,Traiect. dioc.,par. eccl.,,304,
Hunderdorf,Hunderdorff,Ratisp. dioc.,par. eccl. s. Nicolai,,234,
Hünfeld,Hunfeld,Herbipol. dioc.,,locus,158,
Hungaria,,,,,,Ungarn
Hüttlingen,Hutlingen,August. dioc.,par. eccl.,,244,
Huxarien.,,,,,,Höxter
Huy,Hoyen.,Leod. dioc.,eccl. b. Marie,can.,"11, 13, 127, 128, 325",
Jagdberg,Jagberg,Curien. dioc.,par. eccl.,,388,
Jauer,Jawraw,Wratisl. dioc.,par. eccl.,,85,
Ibbs,,,,,,Ybbs
Ibsa,,,,,,Ips
Jechaburg,Jecheburg,Magunt. dioc.,eccl. s. Petri,can.,99,
Jegheleue,,,,,,Ingeleben
Jeinsen,"Gensen, Geynsen",Minden. dioc.,par. eccl.,,"57, 124",
Jena,"Jhene, Maior Jene",Magunt. dioc.,par. eccl. s. Michaelis,,"53, 143",
Jena,"Jhene, Maior Jene",Magunt. dioc.,dom. ord. Montecarmel.,,332,
Jeropolitan.,,,,,,Hieropolis
Jesendorf,Jesendorp,Zwerin. dioc.,eccl.,vic.,172,
Jhene,,,,,,Jena
Ilfeld,Ilueld,Magunt. dioc.,mon. Prem. ord.,,186,
Illergau,Ylergoye,Const. dioc.,,archidiacon.,233,
Ill-Wickersheim,Illewickersheim,Argent. dioc.,capel. s. Oswaldi,,139,
Imbr(i)ac.,,,,,,Embrach
Immenhausen,Ymmenhusen,Magunt. dioc.,par. eccl.,,230,
Immenstaad,"Imenstad, Ymestat",Const. dioc.,"par. eccl. (capel.) b. Marie Virg., s. Jodoci et Omniumsanctorum",,"187, 234",
Immenstaad,"Imenstad, Ymestat",Const. dioc.,,civit.,187,
Incourt,Aycurien.,Leod. dioc.,eccl. s. Petri,decan.,203,
Inden.,,,,,,Cornelimünster
Indicen.,,,,,,Innichen
Inferioraltha,,,,,,Niederaltaich
Inferior Bauaria,,,,,,Bayern
Inferior Ingelnheim,,,,,,Nieder-Ingelheim
Inferior-Steinach,,,,,,(Unter-)Steinach
Inferior Trebere,,,,,,Nieder-Trebra
Ingeleben,Jegheleue,Verden. dioc.,par. eccl. b. Marie,,122,
Ingelheimerhausen,Ingelheimershusen,Magunt. dioc.,mon. o. s. A.,vic. in eccl.,318,
Ingelnheim,,,,,,Ober- u. Nieder-I
Inn,Enus,,,flumen,302,
Innichen,"Indicen., Inticen.",Brixin. dioc.,eccl. s. Candidi,prepos.,170,
Innichen,"Indicen., Inticen.",Brixin. dioc.,eccl. s. Candidi,can.,"129, 181, 279, 330, 354",
Innsbruck,Inspruck,Brixin. dioc.,capel. s. Marie et s. Dorothee,,188,
Insa,,,,,,Ybbs
Insula b. Marie,,,,,,Marienwaard
Inticen.,,,,,,Innichen
Jork,Jorke,Verden. dioc.,par. eccl.,,204,
Jouy sur Morin,Gaudiacum,Meten. dioc.,par. eccl.,,229,
Iphofen,Ippenhouen,Herbipol. dioc.,,archidiacon.,"7, 8",
Ips,Ibsa,Patav. dioc.,par. eccl.,,"331, 332",
Irschen,Vrs,Salzb. dioc.,par. eccl. s. Dionisii (s. Johannis),,354,
Iselsteyn,,,,,,Isselstein
Isen,Ysen,Frising. dioc.,eccl. s. Zenonis,prepos.,"170, 298",
Isen,Ysen,Frising. dioc.,eccl. s. Zenonis,can.,262,
Isenac.,,,,,,Eisenach
Isenburg,,,,baron.,346,
Isenheim,"Isenheym, Ysenhem",Basil. dioc.,dom. s. Antonii o. s. A.,preceptor.,219,
Isenhofen,,Patav. dioc.,par. eccl.,,188,
Iserleue,,,,,,Eisleben
Iserloen,Iserenloen,Colon. dioc.,par. eccl.,,136,
Isleyben,,,,,,Eisleben
Isny,Isnina,Const. dioc.,par. eccl. (s. Nicolai),,"181, 257",
Isny,Isnina,Const. dioc.,mon. o. s. B.,,"181, 257",
Isny,Isnina,Const. dioc.,mon. o. s. B.,abb. et conv.,330,
Isonzo,Ysontius,,,flumen,278,
Isselstein,"Iselsteyn, Yselsteyn",Traiect. dioc.,mon. Cist. ord.,monach.,179,
Isselstein,"Iselsteyn, Yselsteyn",Traiect. dioc.,,baron.,206,
Italien,Italia,,,,"51, 53, 61, 70, 113, 182, 218, 264, 285, 362",
Judenburg,,Salzb. dioc.,par. eccl.,,58,
Juditten,Judenkirche,Sambien. dioc.,par. eccl. b. Marie,,257,
Jugenheim,Gugenheym,Magunt. dioc.,par. eccl.,,230,
Jülich,Juliacen.,,,dux,"188, 235, 327",
Jüterbock,Juterbook,Brandeb. dioc.,par. eccl. s. Nicolai,,282,
Ivoix-Carignan,Yuodien. Leod. seu,Trev. dioc.,eccl. b. Marie,decan.,"85, 166, 263",
Ivoix-Carignan,Yuodien. Leod. seu,Trev. dioc.,eccl. b. Marie,alt.,"97, 212",
K//////re,,? Traiect. dioc.,,castrum,115,
Kahlberg,Calu[us]mons,Patav. dioc.,par. eccl.,,398,
Kaiserstuhl,Kayserstul,Const. dioc.,,civit.,300,
Kaisheim,Cesarea,August. dioc.,mon. Cist. ord.,abb.,"191, 259",
Kaisheim,Cesarea,August. dioc.,mon. Cist. ord.,conv.,259,
Kaliess,Kalyc,Poznan. dioc.,eccl.,vic.,86,
Kalisch,Kalisien.,Gnezn. dioc.,eccl.,prior,47,
Kalisch,Kalisien.,Gnezn. dioc.,,castellanus,"186, 202",
Kalocsa,Colocen.,,,aep.,47,
Kaltern,Caldarium,Trident. dioc.,par. eccl.,,356,
Kalyc,,,,,,Kaliess
Kamenecen.,,,,,,Caminiecz
Kampen,Campen,Traiect. dioc.,par. eccl.,,"74, 162, 266",
Kampen,Campen,Traiect. dioc.,capel. ss. Marie Magdalene et Catharine e. m.,,74,
Kampen,Campen,Traiect. dioc.,capel. apud hosp. b. Gertrudis,,74,
Kampen,Campen,Traiect. dioc.,,civit.,74,
Kappel,"Capella, Villacapelle",Argent. dioc.,par. eccl.,,94,
Kappel,Villakeppel,Traiect. dioc.,par. eccl.,,277,
Karburg,Carelburg,Herbipol. dioc.,,castrum,189,
Karlow,,,,,,Carlow
Karlstadt,"Karelstat, Carelstad",Herbipol. dioc.,,archidiacon.,350,
Karlstadt,"Karelstat, Carelstad",Herbipol. dioc.,,civit.,189,
Kärnten,Karinthia,,,,116,
Kaspaldshouen,,,,,,Gaspoltzhoven
"Katernbach, Maternbach",,? Patav. dioc.,par. eccl.,,291,
Katzbach,Katzbauch,Eystet. dioc.,par. eccl.,,91,
Katzenelnbogen,Katzenelinbogin,,,comes,199,
Keeken,"Keken, Kelken",Colon. dioc.,par. eccl.,,"135, 232",
Kehl,Kenle,Argent. dioc.,par. eccl.,,203,
Kelcze,,,,,,Kielce
Kelheim,Kelham,Ratisp. dioc.,par. eccl.,,266,
Kelheim,Kelham,Ratisp. dioc.,,libera capel. s. Johannis,102,
Kempen,,Colon. dioc.,par. eccl.,,241,
Kempen,,Colon. dioc.,hosp. paup. et capel.,,197,
Kempen,,Colon. dioc.,,magistercivium etc.,197,
Kempen,Campinia,Leod. dioc.,,archidiacon.,169,
Kempnicz,,,,,,Chemnitz
Kempten,Campidona August. et,Const. dioc.,par. eccl. ss. Magni et Vdalrici,,"9, 76",
Kempten,Campidona August. et,Const. dioc.,capel. s. Leonardi e. m.,,116,
Kempten,Campidona August. et,Const. dioc.,capel. b. Marie,,116,
Kempten,Campidona August. et,Const. dioc.,capel. s. Michaelis in cimiterio,,76,
Kempten,Campidona August. et,Const. dioc.,mon. o. s. B.,,9,
Kempten,Campidona August. et,Const. dioc.,mon. o. s. B.,abb.,"12, 76, 116",
Kempten,Campidona August. et,Const. dioc.,mon. o. s. B.,conv.,76,
Kempten,Campidona August. et,Const. dioc.,hosp.,,76,
Kempten,Campidona August. et,Const. dioc.,,civit.,"9, 76",
Kenle,,,,,,Kehl
Kerpen,Cerpen.,Colon. dioc.,eccl. s. Martini,can.,"20, 104, 204, 210",
Kesselstadt,Kesselstad,Magunt. dioc.,par. eccl.,,91,
Kiel,Kiil,Bremen. dioc.,,opid.,266,
Kielce,Kelcze,Cracov. dioc.,eccl. b. Marie,custod.,142,
Kiens,Chiems,Patav. dioc.,par. eccl.,,74,
Kilb,Chulich,Patav. dioc.,par. eccl.,,397,
Kindelbrück,Kindelbrucke,Magunt. dioc.,par. eccl.,,374,
Kinding,Kintingen,Eystet. dioc.,par. eccl. b. Marie Virg.,,78,
Kinzig,Kintzich,Colon. dioc.,capel.,,336,
Kippenhausen,Kyppenhusen,Const. dioc.,par. eccl.,,"330, 331",
Kirchberg,,,,comes,61,
Kirchbichl,Kirchpuhel,Salzb. dioc.,par. eccl. b. Marie Virg.,,245,
Kirchheim,Kirchen,August. dioc.,mon. Cist. ord.,abbat.,184,
Kirchheim,Kirchen,Herbipol. dioc.,par. eccl.,,167,
Kiritz,,,,,,Kyritz
Kitzingen,,Herbipol. dioc.,mon. o. s. B. e. m.,,94,
Kitzingen,,Herbipol. dioc.,mon. o. s. B. e. m.,capel. in eccl.,94,
Klarenthal,Clarendal,Magunt. dioc.,mon. o. s. Clare,,108,
Klein-Fischlingen,Minorfreschelingen,Spiren. dioc.,par. eccl.,,211,
Klein-Lafferde,Minor Lafferde,Hildesem. dioc.,par. eccl.,,172,
Klingenberg,Clingenberg,Magunt. dioc.,capel. b. Marie et Omniumsanctorum,,95,
Klodawa,"Clodawa, Clodobea Gnezn. seu",Cracov. dioc.,par. eccl.,,"50, 102, 332",
Klopp,Cloppe,Magunt. dioc.,capel. s. Nicolai in castro,,116,
Klosterneuburg,"Newnburg, Newburgaclustralis, Newburga Claustralis",Patav. dioc.,mon. o. s. A.,prepos.,"45, 352, 364, 398",
Klosterneuburg,"Newnburg, Newburgaclustralis, Newburga Claustralis",Patav. dioc.,mon. o. s. A.,can.,"45, 244",
Klosterneuburg,"Newnburg, Newburgaclustralis, Newburga Claustralis",Patav. dioc.,mon. o. s. A.,conv.,"45, 352, 364, 398",
Klosterneuburg,"Newnburg, Newburgaclustralis, Newburga Claustralis",Patav. dioc.,par. eccl. s. Martini,,244,
Kluftern,Klufteren,Const. dioc.,par. eccl.,,249,
Knittelfeld,Knutelueld,Seccov. dioc.,par. eccl.,,182,
Koburg,,Herbipol. dioc.,par. eccl. s. Mauritii mart.,,79,
Koburg,,Herbipol. dioc.,capel. s. Crucis e. m.,,79,
Koburg,,Herbipol. dioc.,hosp. paup.,,79,
Koburg,,Herbipol. dioc.,,civit.,79,
Kochem,Chochem,Colon. dioc.,par. eccl.,,232,
Kochendorf,Kochendoru,Herbipol. dioc.,par. eccl.,,100,
Königsberg,Kunigsperg,Herbipol. dioc.,par. eccl.,,302,
Königsbrunn,Kungzbrunnen,August. dioc.,mon. Cist. ord.,abb. et conv.,162,
Königsdorff,Kungsdorff,Patav. dioc.,par. eccl.,,170,
Königsfelden,Kungsuelt,Const. dioc.,mon. o. s. Clare.,monialis,38,
Königslutter,Regalisutter,Halberst. dioc.,mon. ss. Petri et Pauli o. s. B.,abb. et conv.,145,
Konstanz,Constantien.,,,ep. (el.),"30, 38, 41, 70, 96, 114, 141, 165, 191, 214, 227, 271, 300, 309, 326, 327, 329, 360, 362, 369, 386, 389",
Konstanz,Constantien.,,,administrator,"162, 357",
Konstanz,Constantien.,,,vic. gen.,"326, 360",
Konstanz,Constantien.,,,mensa episc.,41,
Konstanz,Constantien.,,eccl.,prepos.,"180, 239",
Konstanz,Constantien.,,eccl.,decan.,104,
Konstanz,Constantien.,,eccl.,cantor.,104,
Konstanz,Constantien.,,eccl.,custod.,"330, 331",
Konstanz,Constantien.,,eccl.,dign.,"100, 101",
Konstanz,Constantien.,,eccl.,can.,"30, 89, 90, 94, 100, 101, 104, 147, 214, 233, 239, 287, 295, 300, 309, 314, 330, 331, 362, 399",
Konstanz,Constantien.,,eccl.,capit.,"227, 369",
Konstanz,Constantien.,,eccl.,alt. (capel.),"97, 180, 294",
Konstanz,Constantien.,,eccl. s. Pauli,vic.,262,
Konstanz,Constantien.,,eccl. s. Stephani,can.,"92, 147, 326, 331",
Konstanz,Constantien.,,par. eccl. s. Johannis bapt.,,101,
Konstanz,Constantien.,,par. eccl. s. Stephani,,"41, 248, 300",
Konstanz,Constantien.,,mon. Ibernicorum o. s. B. e. m.,abb.,98,
Konstanz,Constantien.,,mon. o. s. A. e. m. in Kreuzlingen (Cruczlingen),,99,
Konstanz,Constantien.,,mon. o. s. B. e. m. in Petershausen (Petridomo),abb. et conv.,95,
Konstanz,Constantien.,,dom. s. Antonii o. s. A.,,98,
Konstanz,Constantien.,,capel. hosp. paup. Pontisreni,,"273, 361",
Konstanz,Constantien.,,,presb.,"19, 20, 25, 43, 93, 94, 96, 101, 168, 216, 221, 223, 229, 233, 234, 239, 249, 262, 273, 284, 291, 294, 317, 326, 330, 340, 360, 371",
Konstanz,Constantien.,,,subdiacon.,331,
Konstanz,Constantien.,,,cler.,"10, 25, 30, 67, 73, 95, 96, 101, 111, 123, 138, 165, 180, 186, 201, 208, 211, 214, 227, 262, 287, 309, 326, 386",
Konstanz,Constantien.,,,offic.,271,
Konstanz,Constantien.,,,collector,359,
Konstanz,Constantien.,,,subcollect.,"92, 111, 147, 226, 330, 331",
Konstanz,Constantien.,,,scolar.,268,
Konstanz,Constantien.,,,armig.,"177, 328",
Konstanz,Constantien.,,,mil.,"138, 140, 205, 331",
Konstanz,Constantien.,,,domic.,138,
Konstanz,Constantien.,,,laici,"80, 93, 99, 107, 127, 222, 250, 257, 271, 318, 320, 327, 329, 360, 367, 373",
Konstanz,Constantien.,,,opid.,"228, 329",
Konstanz,Constantien.,,,civit.,"114, 207, 227, 369, 395",
Köppernig,Coppirnick,Wratisl. dioc.,par. eccl.,,389,
Körlin,Korlim,Camin. dioc.,,castrum,9,
Korvey,Corbien.,Padeb. dioc.,par. eccl.,,240,
Korvey,Corbien.,Padeb. dioc.,mon. o. s. B.,abb.,"98, 332, 342",
Korvey,Corbien.,Padeb. dioc.,mon. o. s. B.,monach.,94,
Korvey,Corbien.,Padeb. dioc.,mon. o. s. B.,conv.,"332, 342",
Kothebus,,,,,,Cottbus
Kötsch,Chocz,Aquil. dioc.,par. eccl. s. Georgii,,"24, 125, 340",
Kötsch,Chocz,Aquil. dioc.,,archidiacon.,125,
Krakau,Cracov.,,,ep.,"39, 49, 102, 133, 307, 310, 338",
Krakau,Cracov.,,ecl.,decan.,"49, 308",
Krakau,Cracov.,,ecl.,archidiacon.,43,
Krakau,Cracov.,,ecl.,custod.,398,
Krakau,Cracov.,,ecl.,dign.,"37, 289, 308",
Krakau,Cracov.,,ecl.,can.,"37, 49, 127, 233, 256, 288, 307, 308, 309, 338, 341, 398",
Krakau,Cracov.,,ecl.,capit.,"49, 102, 310, 338",
Krakau,Cracov.,,ecl.,alt.,"127, 288, 302, 308",
Krakau,Cracov.,,ecl. s. Barbare,alt.,310,
Krakau,Cracov.,,ecl. s. Floriani e. m.,prepos.,102,
Krakau,Cracov.,,ecl. s. Floriani e. m.,decan.,102,
Krakau,Cracov.,,,par. ecl. s. Martini,285,
Krakau,Cracov.,,studium,,"289, 304",
Krakau,Cracov.,,,presb.,302,
Krakau,Cracov.,,,cler.,322,
Krakau,Cracov.,,,dioc.,"43, 183, 281, 289, 303, 397",
Krakau,Cracov.,,,collector,399,
Krakau,Cracov.,,,subcollect.,43,
Krakau,Cracov.,,,opid.,280,
Krakau,Cracov.,,,laici,285,
Kralowitz,Cralouiez,Prag. dioc.,,par. ecl. s. Stephani,117,
Kreitz,,,,,,Gross-Kreutz
Krems,Chrems,Patav. dioc.,,par ecl.,"273, 392",
Kremsmünster,Chremsmunster,Patav. dioc.,mon. o. s. B.,abb. et conv.,"50, 290",
Kreussen,Kreusen,Bamberg. dioc.,,par. ecl.,103,
Kreuzlingen,,,,,,Konstanz
Kreuznach,Cruczenacum,Magunt. dioc.,,par. ecl.,95,
Krewelsheim,,,,,,Crailsheim
Krolip,,,,,,Crölpa
Kronenberg,Cronenberg,Magunt. dioc.,,par. ecl.,28,
Kronmetz,Medeziumcorone,Trident. dioc.,,par. ecl.,279,
Kröpelin,Cropelen,Rzeb. dioc.,,par. ecl.,285,
Kruschwitz,"Cruszwicien., Cruschuic.",Wladisl. dioc.,ecl. s. Petri,can.,"200, 290",
Krut,Gawbatsch al. Chrut,Patav. dioc.,,par. ecl.,401,
Kübach,Kubach,August. dioc.,mon. s. Magni o. s. B.,,10,
Kulm,Rauhen et Schlechtin Kulm.,Ratisp. dioc.,,castra,111,
Kulmbach,Culm[u]ach,Bamberg. dioc.,par. eccl.,,235,
Kulmbach,Culm[u]ach,Bamberg. dioc.,dom. ord. Herem. e. m.,,98,
Kungsdorf,,,,,,Königsdorf
Kungsuelt,,,,,,Königsfelden
Kungzbrunnen,,,,,,Königsbrunn
Kunigsperg,,,,,,Königsberg
Kürten,Curtan,Colon. dioc.,par. eccl.,,264,
Kurzelow,Curzelouien.,Gnezn. dioc.,eccl.,decan.,309,
Küssaburg,Kussenberg,Const. dioc.,,castrum,41,
Kynast,,Wratisl. dioc.,,castrum,281,
Kyppenhusen,,,,,,Kippenhausen
Kyritz,Kiritz,Havelb. dioc.,par. eccl.,,"142, 275",
Laakirchen,Lakchirchen,Salzb. dioc.,par. eccl. s. Marie,,88,
Laberweinting,Laberwengting,Ratisp. dioc.,par. eccl.,,"354, 360",
Lacus s. Marie,,,,,,Filehne
Lafferde,,,,,,Klein-Lafferde
Lak,,Aquil. dioc.,par. eccl. s. Georgii,,110,
Lakchirchen,,,,,,Laakirchen
St. Lambert,de Sanctolamberto,Salzb. dioc.,mon. s. Lamberti o. s. B.,,257,
St. Lambert,de Sanctolamberto,Salzb. dioc.,,abb.,"312, 323",
St. Lambert,de Sanctolamberto,Salzb. dioc.,,conv.,312,
Lancicia,,,,,,Lentschitz
Landsbergen,Landesberghen,Minden. dioc.,par. eccl.,,193,
Landsberg a. W,Noualandesberghen,Camin. dioc.,par. eccl.,,86,
Langenpreising,Langenpreisingen,Frising. dioc.,par. eccl.,,149,
Langen-Weddingen,Weddinge,Magdeb. dioc.,,archidiacon.,175,
Langenzenn,Langenczenn,Herbipol. dioc.,mon. o. s. A.,,230,
Langenzenn,Langenczenn,Herbipol. dioc.,mon. o. s. A.,prepos.,230,
Langenzenn,Langenczenn,Herbipol. dioc.,mon. o. s. A.,eccl.,259,
Langenzenn,Langenczenn,Herbipol. dioc.,par. eccl. b. Marie Virg.,,230,
Langherke,,,,,,Lengerich
Langres,Lingon.,,eccl.,can.,180,
Langres,Lingon.,,,cler.,229,
Langres,Lingon.,,,dioc.,336,
Lanstein superior,,,,,,Oberlahnstein
Lanthenans,,Bisuntin. dioc.,,priorat. o. s. A.,193,
Laon,Laudunen.,,,dioc.,335,
Latinne,Latines,Leod. dioc.,eccl.,alt.,167,
Lathcoch,,? Const. dioc.,par. eccl.,,21,
Laudunen.,,,,,,Laon
Laufen,Lowfen,Salzb. dioc.,par. eccl.,,261,
Lauingen,Lauingen,August. dioc.,dom. Cist. ord.,,259,
Laupheim,Lopham,Const. dioc.,par. eccl.,,160,
Lausanne,,,,ep.,"266, 368",
Lautenbach,Ludenbac.,Basil. dioc.,eccl.,can.,237,
Lauterbach,Luterbach,Misn. dioc.,par. eccl.,,28,
Lautern,Lutrin,August. dioc.,par. eccl.,,124,
Lavant,Lavantin.,,,armig.,269,
Lavour,Vauren.,,eccl.,prepos.,228,
Leberau,Lebraha,Argent. dioc.,,priorat. o. s. B.,275,
Lebus,Lubucen.,,,ep.,"17, 48, 174, 190",
Lebus,Lubucen.,,eccl.,prepos.,324,
Lebus,Lubucen.,,eccl.,cantor.,48,
Lebus,Lubucen.,,eccl.,can.,318,
Lebus,Lubucen.,,eccl.,vic.,174,
Ledro,,,,,,Valle di Ledro
Legnicen.,,,,,,Liegnitz
Leinach,Linach,Herbipol. dioc.,par. eccl.,,167,
Leipzig,"Lipczen., Lipczk",Merseb. dioc.,studium,,"13, 21",
Lengerich bei Tecklenburg,Langherke prope Tekeneborch,Osnab. dioc.,par. eccl.,,220,
Lengestorp,,? Colon. dioc.,,villa,80,
"Lentschitz, Lenzitz",Lancicia,Gnezn. dioc.,eccl. b. Marie,prepos.,"243, 307, 309",
"Lentschitz, Lenzitz",Lancicia,Gnezn. dioc.,eccl. b. Marie,dign.,49,
"Lentschitz, Lenzitz",Lancicia,Gnezn. dioc.,eccl. b. Marie,can.,"43, 49, 308, 309",
"Lentschitz, Lenzitz",Lancicia,Gnezn. dioc.,par. eccl.,,229,
Leoben,Lewben,Patav. dioc.,capel. s. Quirini,,262,
Leobendorf,Lewbenstorff,Patav. dioc.,par. eccl.,,258,
Leodien.,,,,,,"Lüttich, Pont-à-Mousson"
Leodri,,,,,,Valle di Ledro
Leslau,Wladislauien.,,,ep.,"133, 190, 290, 336, 375",
Leslau,Wladislauien.,,,mensa episc.,49,
Leslau,Wladislauien.,,eccl.,prepos.,"49, 288",
Leslau,Wladislauien.,,eccl.,custod.,"200, 290",
Leslau,Wladislauien.,,eccl.,dign.,"49, 102, 338",
Leslau,Wladislauien.,,eccl.,can.,"18, 49, 69, 102, 173, 200, 308, 338, 398",
Leslau,Wladislauien.,,eccl.,capit.,"49, 336",
Leslau,Wladislauien.,,,presb.,165,
Leslau,Wladislauien.,,,nuntius,67,
Leslau,Wladislauien.,,,subcollect.,121,
Leslau,Wladislauien.,,,dioc.,"281, 311, 314",
Leslau,Wladislauien.,,,laici,"133, 319",
Leubs,Lewbs,Patav. dioc.,par. eccl.,,75,
Leubus,Lubens,Wratisl. dioc.,mon. Cist. ord.,abb. et conv.,"181, 263",
Leuczenprunn,,,,,,Leuzenbronn
Leukenthal,Lewkental,Chiem. dioc.,par. eccl. s. Johannis bapt.,,"129, 279",
Leutkirch,Lutkirch,Const. dioc.,par. eccl.,,196,
Leutschach,,Salzb. dioc.,par. eccl.,,339,
Leuzenbronn,"Luczenprunn, Leuczenprunn",Herbipol. dioc.,par. eccl.,,109,
Leven,Lewen,Colon. dioc.,par. eccl.,,372,
Lewben,,,,,,Leoben
Lewbënsdorff,,,,,,Leobendorf
Lewbs,,,,,,Leubs
Lewenberg,,,,,,Löwenberg
Lewkental,,,,,,Leukenthal
Lewna,,? Salzb. dioc.,capel. ss. Benedicti et Erhardi,,61,
Lexouien.,,,,,,Lisieux
Leyden,,Traiect. dioc.,eccl. s. Pankratii,can.,180,
Leyden,,Traiect. dioc.,eccl. s. Pankratii,vic.,180,
Leyden,,Traiect. dioc.,,burchgravius,321,
Leyden,,Traiect. dioc.,,vicecom.,348,
Leyden,,Traiect. dioc.,,domus,180,
Leyderdorp,,Traiect. dioc.,par. eccl.,,180,
Leyerswilr,,? Magunt. dioc.,capel. b. Marie,,8,
Lich,Li[i]che,Magunt. dioc.,eccl. s. Marie,prepos.,157,
Lich,Li[i]che,Magunt. dioc.,eccl. s. Marie,can.,248,
Lich,Li[i]che,Magunt. dioc.,eccl. s. Marie,capit.,157,
Lich,Li[i]che,Magunt. dioc.,par. eccl. b. Marie,,248,
Lichtenthal,Lucidauallis,Spiren. dioc.,mon. Cist. ord.,monialis,272,
Lichtenwerden,Liechtenberd,Salzb. dioc.,par. eccl. s. Jacobi,,262,
Liden.,,,,,,Lydda
Liebenstadt,Libenstate,Patav. dioc.,par. eccl. b. Marie.,,164,
Liebenthal,Libental,Wratisl. dioc.,mon. o. s. B.,prepos.,282,
Liechtenberd,,,,,,Lichtenwerden
Liegnitz,"Lignicz, Legnicen.",Wratisl. dioc.,eccl. s. Sepulcri Dominici,archidiacon.,"28, 82, 260, 298, 351",
Liegnitz,"Lignicz, Legnicen.",Wratisl. dioc.,eccl. s. Sepulcri Dominici,can.,"28, 125, 344",
Liegnitz,"Lignicz, Legnicen.",Wratisl. dioc.,eccl. s. Sepulcri Dominici,capit.,263,
Liegnitz,"Lignicz, Legnicen.",Wratisl. dioc.,par. eccl. s. Marie,,"18, 56",
Liegnitz,"Lignicz, Legnicen.",Wratisl. dioc.,,dux,263,
Lieskow,Lisko,Misn. dioc.,par. eccl.,,245,
Liiche,,,,,,Lich
Linach,,,,,,Leinach
Lindau,"Lindow, Lindawgien.",Const. dioc.,eccl.,can.,94,
Lindau,"Lindow, Lindawgien.",Const. dioc.,par. eccl.,,221,
Lindenau,Lindenow,Wratisl. dioc.,par. eccl.,,357,
Lindinen,,,,ep.,206,
Linz,"Lincza, Lyncz",Patav. dioc.,par. eccl.,,"364, 365, 366",
"Lipczen., Lipczk",,,,,,Leipzig
Lippa,,Prag. dioc.,,baron.,59,
Lippe,Lippia,Colon. dioc.,par. eccl.,,385,
Lipprichhausen,Lippurghusen,Herbi-pol. dioc.,par. eccl.,,167,
Lisieux,Lexouien.,,,ep.,249,
Lisko,,,,,,Lieskow
Liszkowo,Liscowo,Gnezn. dioc.,par. eccl.,,233,
Littauen,Litwania,,,dux,"285, 369",
Livland,Liunionia,,,,67,
Lo,,,,,,Lohe
Löbau,Lobaw,Culm. dioc.,par. eccl.,,208,
Lobeda,Lobda,Nuemb. dioc.,par. eccl.,,288,
Löben,Lobin,Wratisl. dioc.,par. eccl.,,232,
Lohe,Lo,Minden. dioc.,,archidiacon.,12,
Lombardei,Lombardia,,,,70,
Longawola,,,,,,Wola
Lontzen,,Leod. dioc.,par. eccl.,,"161, 317",
Lopham,,,,,,Laupheim
Lorch,Lorche,Magunt. dioc.,par. eccl.,,"100, 238, 255",
Lörrach,Lorrach,Const. dioc.,par. eccl.,,287,
Loslau,Wladislauien.,Wratisl. dioc.,eccl.,can.,173,
Loss,,,,,,Grath
Lossow,,Lubuc. dioc.,par. eccl.,,174,
Löwen,Louanien.,Leod. dioc.,eccl. s. Petri,can.,11,
Löwenberg,Lewenberg,Colon. dioc.,,dominus,221,
Lowfen,,,,,,Laufen
Lowitz,Lowicz,Gnezn. dioc.,par. eccl. s. Marie,,"101, 333",
Lübbecke,Lubecen.,Minden. dioc.,eccl. s. Andree,decan.,174,
Lübbecke,Lubecen.,Minden. dioc.,eccl. s. Andree,can.,174,
Lübbecke,Lubecen.,Minden. dioc.,eccl. s. Andree,capit.,174,
Lübbecke,Lubecen.,Minden. dioc.,eccl. s. Andree,vic.,131,
Lübeck,Lubicen.,,,ep.,"17, 22, 149, 175, 190, 196, 210, 254, 333",
Lübeck,Lubicen.,,eccl.,prepos.,"7, 8, 66, 67, 263, 350, 386, 400",
Lübeck,Lubicen.,,eccl.,decan.,263,
Lübeck,Lubicen.,,eccl.,archidiacon.,"21, 252",
Lübeck,Lubicen.,,eccl.,can.,"7, 8, 21, 55, 66, 72, 82, 83, 84, 91, 95, 106, 173, 190, 196, 227, 236, 288, 323, 349, 372, 375, 390",
Lübeck,Lubicen.,,eccl.,capit.,"22, 149, 175, 196, 210, 254, 263, 333",
Lübeck,Lubicen.,,eccl.,vic.,"142, 148, 255, 256, 285, 288, 328, 346",
Lübeck,Lubicen.,,par. eccl. s. Jacobi,,330,
Lübeck,Lubicen.,,par. eccl. b. Marie,,"82, 83, 84, 148, 345",
Lübeck,Lubicen.,,par. eccl. s. Petri,,"237, 272",
Lübeck,Lubicen.,,par. eccl.,,17,
Lübeck,Lubicen.,,dom. fr. ord. Pred.,,179,
Lübeck,Lubicen.,,,presb.,"83, 312",
Lübeck,Lubicen.,,,cler.,"222, 266, 293, 395",
Lübeck,Lubicen.,,,dioc.,17,
Lübeck,Lubicen.,,,armig.,337,
Lübeck,Lubicen.,,,mil.,"177, 266, 337",
Lübeck,Lubicen.,,,opid.,266,
Lübeck,Lubicen.,,,civit.,"17, 21, 82, 83, 182, 263",
Luben,Lubonia,Culmen. dioc.,capel. s. Johannis e. m.,,60,
Lubens,,,,,,Leubus
Lübesse,Lubecze,Zwerin. dioc.,,villa,144,
Lubicen.,,,,,,Lübeck
Lübow,Lubowe,Zwerin. dioc.,par. eccl.,,210,
Lubucen.,,,,,,Lebus
Lucca,Lucanen.,,,doctores,54,
Lucenburg,,,,,,Luxemburg
Lucidauallis,,,,,,Lichtenthal
Luczenbrunn,,,,,,Leuzenbronn
Ludenbac,,,,,,Lautenbach
Lüdenscheid,Ludenschede,Colon. dioc.,par. eccl.,,201,
Lugdunen.,,,,,,Lyon
Lülsdorf,Lulsdorp,Colon. dioc.,par. eccl.,,242,
Lunden,,Bremen. dioc.,par. eccl.,,72,
Lüneburg,Lune[n]borg,Verden. dioc.,eccl. s. Johannis,vic.,"83, 95, 154, 231, 269, 396",
Lüneburg,Lune[n]borg,Verden. dioc.,eccl. s. Lamberti,,396,
Lüneburg,Lune[n]borg,Verden. dioc.,par. eccl. s. Johannis bapt.,,"18, 22, 67",
Lüneburg,Lune[n]borg,Verden. dioc.,par. eccl. s. Spiritus,,22,
Lüneburg,Lune[n]borg,Verden. dioc.,mon. s. Michaelis o. s. B.,abb.,235,
Lüneburg,Lune[n]borg,Verden. dioc.,mon. s. Michaelis o. s. B.,monach.,41,
Lüneburg,Lune[n]borg,Verden. dioc.,mon. s. Michaelis o. s. B.,alt. in eccl.,235,
Lüneburg,Lune[n]borg,Verden. dioc.,hosp. paup. s. Spiritus in Nouoforo,capel.,"82, 83, 84, 204, 220",
Lüneburg,Lune[n]borg,Verden. dioc.,,fratres Kalend.,269,
Lüneburg,Lune[n]borg,Verden. dioc.,,archidiacon. in Mode(r)storpe,"84, 270",
Lüneburg,Lune[n]borg,Verden. dioc.,,civit. (opid.),"22, 41, 124, 166, 172, 202, 231, 236, 270, 287",
Lunkhofen,Lunckhouen,Const. dioc.,par. eccl.,,280,
Lupstein,Lupfstein,Argent. dioc.,par. eccl.,,333,
Lüssow,Lussow,Zwerin. dioc.,par. eccl.,,144,
Luterbach,,,,,,Lauterbach
Lutkirch,,,,,,Leutkirch
Lutrin,,,,,,Lautern
Lüttich,Leodien.,,,ep. (el.),"29, 72, 159, 187, 190, 276, 304",
Lüttich,Leodien.,,eccl.,dign.,"154, 166, 325",
Lüttich,Leodien.,,eccl.,can.,"7, 11, 29, 57, 58, 60, 85, 128, 153, 154, 166, 169, 180, 251, 303, 318, 324, 325, 348",
Lüttich,Leodien.,,eccl.,capit.,"72, 159, 276",
Lüttich,Leodien.,,eccl. s. Bartholomei,prepos.,325,
Lüttich,Leodien.,,eccl. s. Bartholomei,alt.,204,
Lüttich,Leodien.,,eccl. s. Dionysii,prepos.,"56, 276",
Lüttich,Leodien.,,eccl. s. Dionysii,can.,"173, 214, 215",
Lüttich,Leodien.,,eccl. s. Dionysii,capit.,276,
Lüttich,Leodien.,,eccl. s. Dionysii,capel.,276,
Lüttich,Leodien.,,eccl. s. Johannis,decan.,11,
Lüttich,Leodien.,,eccl. s. Johannis,can.,"11, 199",
Lüttich,Leodien.,,eccl. s. Martini,can.,"177, 309, 324",
Lüttich,Leodien.,,eccl. s. Pauli,cantor.,136,
Lüttich,Leodien.,,eccl. s. Pauli,can.,"7, 57, 136, 137, 161, 173",
Lüttich,Leodien.,,,presb.,319,
Lüttich,Leodien.,,,cler.,"108, 179, 183, 262, 350, 351",
Lüttich,Leodien.,,,dioc.,"58, 153, 203, 327",
Luxemburg,Lucenburg,Trev. dioc.,mon. b. Marie o. s. B.,capel. in eccl.,166,
Lydda,Liden.,,,ep.,90,
Lyntzner,,? Herbipol. dioc.,par. eccl.,,167,
Lyncz,,,,,,Linz
Lyon,Lugdunen.,,,provincia,21,
Maarsen,Maersen,Traiect. dioc.,par. eccl.,,"43, 44",
Maastricht,Traiectum,Leod. dioc.,eccl. b. Marie,can.,152,
Maastricht,Traiectum,Leod. dioc.,eccl. b. Marie,vic.,159,
Maastricht,Traiectum,Leod. dioc.,eccl. s. Seruatii,prepos.,"29, 79",
Maastricht,Traiectum,Leod. dioc.,eccl. s. Seruatii,can.,"11, 13, 18, 29, 127, 128, 183, 210, 254, 255, 303, 400",
Madiswil,,Const. dioc.,par. eccl.,,203,
Madron,Monsmadran.,Frising. dioc.,eccl. s. Petri,prepos.,170,
Maersen,,,,,,Maarsen
Magdeburg,,,,aep.,"13, 138, 139, 140, 151, 198, 225, 265, 270, 275, 364, 394",
Magdeburg,,,,vic. gen.,275,
Magdeburg,,,eccl.,cantor.,147,
Magdeburg,,,eccl.,custod. seu thesaurar.,"175, 349, 400",
Magdeburg,,,eccl.,can.,"16, 98, 105, 147, 175, 193, 256, 349, 400, 401",
Magdeburg,,,,capit.,"151, 193, 225, 265, 270",
Magdeburg,,,,vic.,"16, 151, 198, 225, 275, 276, 282",
Magdeburg,,,,alt.,5,
Magdeburg,,,eccl. s. Nicolai Nouifori,prepos.,210,
Magdeburg,,,eccl. s. Nicolai Nouifori,thesaurar.,207,
Magdeburg,,,eccl. s. Nicolai Nouifori,can.,"18, 23, 154, 207, 392",
Magdeburg,,,eccl. ss. Petri et Pauli,dec. et capit.,394,
Magdeburg,,,eccl. s. Sebastiani,prepos.,"16, 176, 197, 210, 329, 366",
Magdeburg,,,eccl. s. Sebastiani,can.,"198, 275",
Magdeburg,,,eccl. s. Sebastiani,capit.,197,
Magdeburg,,,eccl. s. Sebastiani,vic.,201,
Magdeburg,,,capel. (eccl.) s. Gungolfi (s. Marie) in aepisc. curia,prepos.,138,
Magdeburg,,,capel. (eccl.) s. Gungolfi (s. Marie) in aepisc. curia,thesaurar.,"138, 175, 256",
Magdeburg,,,capel. (eccl.) s. Gungolfi (s. Marie) in aepisc. curia,can.,367,
Magdeburg,,,capel. (eccl.) s. Gungolfi (s. Marie) in aepisc. curia,alt.,260,
Magdeburg,,,par. eccl. s. Odalrici,,"122, 198",
Magdeburg,,,par. eccl. s. Petri,,207,
Magdeburg,,,capel. s. Marie Magdalene,,154,
Magdeburg,,,capel. s. Mathie in Pretorio,,"315, 398",
Magdeburg,,,mon. b. Marie Prem. ord.,prepos.,"122, 225",
Magdeburg,,,mon. b. Marie Prem. ord.,can.,122,
Magdeburg,,,mon. b. Marie Prem. ord.,conv.,225,
Magdeburg,,,,presb.,"198, 225, 276, 402",
Magdeburg,,,,cler.,"61, 367, 402",
Magdeburg,,,,provincia,"27, 365",
Magdeburg,,,,nuntius,364,
Magdeburg,,,,civit.,270,
Magnaalsleuen,,,,,,Gross-Alsleben
Magnamana,,,,,,Gross-Mohnau
Magna Radomirz,,,,,,Radomierz
Magnasalina,,,,,,Gross-Salze
Maguntin.,,,,,,Mainz
Mailand,Mediolanum,,,dux,"87, 320",
Mainz,"Maguntin., Moguntin.",,,aep.,"10, 17, 40, 45, 67, 78, 89, 95, 96, 114, 116, 134, 141, 149, 151, 152, 158, 180, 189, 203, 209, 243, 247, 255, 260, 271, 286, 292, 295, 296, 309, 337, 339, 355, 357, 397",
Mainz,"Maguntin., Moguntin.",,,curia aepisc.,362,
Mainz,"Maguntin., Moguntin.",,eccl.,decan.,"82, 220",
Mainz,"Maguntin., Moguntin.",,eccl.,scholast.,163,
Mainz,"Maguntin., Moguntin.",,eccl.,custod.,299,
Mainz,"Maguntin., Moguntin.",,eccl.,can.,"27, 28, 104, 163, 189, 238, 255, 299",
Mainz,"Maguntin., Moguntin.",,eccl.,capit.,"75, 151, 243",
Mainz,"Maguntin., Moguntin.",,eccl.,vic.,"137, 141, 142, 220, 253, 254, 317",
Mainz,"Maguntin., Moguntin.",,eccl. s. Gangulphi,decan.,22,
Mainz,"Maguntin., Moguntin.",,eccl. s. Johannis,prep. et capit.,320,
Mainz,"Maguntin., Moguntin.",,eccl. s. Johannis,vic.,249,
Mainz,"Maguntin., Moguntin.",,eccl. b. Marie ad Gradus,,271,
Mainz,"Maguntin., Moguntin.",,eccl. b. Marie ad Gradus,prepos.,"209, 241, 243, 254",
Mainz,"Maguntin., Moguntin.",,eccl. b. Marie ad Gradus,decan.,"10, 68",
Mainz,"Maguntin., Moguntin.",,eccl. b. Marie ad Gradus,scholast.,152,
Mainz,"Maguntin., Moguntin.",,eccl. b. Marie ad Gradus,can.,"28, 68, 100, 135, 137, 156, 218, 309, 310, 390",
Mainz,"Maguntin., Moguntin.",,eccl. b. Marie ad Gradus,capit.,"68, 241, 243, 254, 390",
Mainz,"Maguntin., Moguntin.",,eccl. b. Marie ad Gradus,vic.,"8, 108, 161, 208, 397",
Mainz,"Maguntin., Moguntin.",,eccl. b. Marie in Campis e. m.,scholast.,116,
Mainz,"Maguntin., Moguntin.",,eccl. b. Marie in Campis e. m.,can.,"161, 195, 239, 254",
Mainz,"Maguntin., Moguntin.",,eccl. b. Marie in Campis e. m.,vic.,320,
Mainz,"Maguntin., Moguntin.",,eccl. s. Mauritii,prepos.,"309, 310, 320",
Mainz,"Maguntin., Moguntin.",,eccl. s. Mauritii,decan.,203,
Mainz,"Maguntin., Moguntin.",,eccl. s. Mauritii,can.,"254, 397",
Mainz,"Maguntin., Moguntin.",,eccl. s. Mauritii,capit.,320,
Mainz,"Maguntin., Moguntin.",,eccl. s. Petri e. m.,prepos.,"10, 52, 97, 114, 126, 135, 203, 224, 254, 302",
Mainz,"Maguntin., Moguntin.",,eccl. s. Petri e. m.,can.,"119, 135, 156, 243, 315, 398",
Mainz,"Maguntin., Moguntin.",,eccl. s. Petri e. m.,capit.,"126, 135, 224",
Mainz,"Maguntin., Moguntin.",,eccl. s. Petri e. m.,vic.,"126, 224, 334",
Mainz,"Maguntin., Moguntin.",,eccl. s. Stephani,prepos.,"78, 114, 224, 239, 286, 315",
Mainz,"Maguntin., Moguntin.",,eccl. s. Stephani,decan.,396,
Mainz,"Maguntin., Moguntin.",,eccl. s. Stephani,cantor.,137,
Mainz,"Maguntin., Moguntin.",,eccl. s. Stephani,can.,"66, 78, 116, 117, 141, 142, 149, 209, 286, 315, 368",
Mainz,"Maguntin., Moguntin.",,eccl. s. Stephani,capit.,"224, 239, 315, 396",
Mainz,"Maguntin., Moguntin.",,eccl. s. Stephani,vic.,"108, 224",
Mainz,"Maguntin., Moguntin.",,eccl. s. Victoris e. m.,prepos.,"119, 150, 152, 230",
Mainz,"Maguntin., Moguntin.",,eccl. s. Victoris e. m.,decan.,"22, 65",
Mainz,"Maguntin., Moguntin.",,eccl. s. Victoris e. m.,cantor.,28,
Mainz,"Maguntin., Moguntin.",,eccl. s. Victoris e. m.,custod.,192,
Mainz,"Maguntin., Moguntin.",,eccl. s. Victoris e. m.,thesaurar.,119,
Mainz,"Maguntin., Moguntin.",,eccl. s. Victoris e. m.,can.,"66, 68, 119, 192, 218",
Mainz,"Maguntin., Moguntin.",,eccl. s. Victoris e. m.,capit.,"65, 150",
Mainz,"Maguntin., Moguntin.",,eccl. s. Victoris e. m.,vic.,"65, 309, 320, 362",
Mainz,"Maguntin., Moguntin.",,par. eccl. s. Ignatii,,"148, 209",
Mainz,"Maguntin., Moguntin.",,capel. s. Michaelis,,320,
Mainz,"Maguntin., Moguntin.",,capel. s. Nicodemi,,114,
Mainz,"Maguntin., Moguntin.",,mon. s. Albani o. s. B. e. m.,abb.,"140, 241, 320, 388",
Mainz,"Maguntin., Moguntin.",,mon. s. Albani o. s. B. e. m.,hospitalarii,140,
Mainz,"Maguntin., Moguntin.",,mon. s. Albani o. s. B. e. m.,conv.,"140, 241, 320",
Mainz,"Maguntin., Moguntin.",,mon. s. Albani o. s. B. e. m.,vic. in eccl.,393,
Mainz,"Maguntin., Moguntin.",,mon. s. Jacobi o. s. B. e. m.,abb.,51,
Mainz,"Maguntin., Moguntin.",,mon. s. Jacobi o. s. B. e. m.,custod.,51,
Mainz,"Maguntin., Moguntin.",,mon. Veteriscelle Cist. ord.,abb. e. conv.,"49, 161",
Mainz,"Maguntin., Moguntin.",,,presb.,"40, 96, 141, 158, 160, 230, 247, 249, 254, 274, 285, 339, 343, 344, 374, 389, 390, 391, 397, 400",
Mainz,"Maguntin., Moguntin.",,,cler.,"20, 21, 22, 29, 45, 49, 55, 65, 66, 78, 88, 89, 98, 100, 105, 108, 116, 121, 128, 131, 132, 135, 141, 147, 149, 150, 157, 158, 159, 164, 192, 197, 203, 209, 218, 219, 220, 224, 230, 239, 248, 269, 273, 286, 287, 292, 294, 296, 315, 320, 343, 347, 350, 362, 372, 374, 387, 388, 389, 390, 391, 397, 400",
Mainz,"Maguntin., Moguntin.",,,monach.,"134, 355",
Mainz,"Maguntin., Moguntin.",,,scolar.,"199, 314",
Mainz,"Maguntin., Moguntin.",,,provincia,"290, 365",
Mainz,"Maguntin., Moguntin.",,dom. s. Antonii,,"16, 30, 59, 221",
Mainz,"Maguntin., Moguntin.",,,provinc. concilium,89,
Mainz,"Maguntin., Moguntin.",,,dioc.,108,
Mainz,"Maguntin., Moguntin.",,,legatus,306,
Mainz,"Maguntin., Moguntin.",,,nuntius,241,
Mainz,"Maguntin., Moguntin.",,,collector,"137, 241, 271",
Mainz,"Maguntin., Moguntin.",,,armig.,"42, 67, 335, 355",
Mainz,"Maguntin., Moguntin.",,,mil.,"67, 74, 108, 301, 355",
Mainz,"Maguntin., Moguntin.",,,baron.,95,
Mainz,"Maguntin., Moguntin.",,,domic.,"105, 359",
Mainz,"Maguntin., Moguntin.",,,opid.,"317, 376",
Mainz,"Maguntin., Moguntin.",,,laici,"167, 187, 212, 243, 288, 312",
Mainz,"Maguntin., Moguntin.",,,civit.,337,
Maiorberingen,,,,,,Gross-Behringen
Maior Enczesdorff,,,,,,Gross-Enzersdorf
Maior Jene,,,,,,Jena
Maiormanre,,,,,,Grossenmohnra
Maior Somerde,,,,,,Sömmerda
Maiortenstede,,,,,,Tennstedt
Maior Wyler (Viller),,,,,,Weiler
Malmedy,Malmundarien.,Colon. dioc.,mon. s. Petri o. s. B.,abb. et conv.,145,
Malogoschtsch,Malogoscz,Gnezn. dioc.,par. eccl.,,288,
Mals,,Curien. dioc.,par. eccl.,,99,
Mannenbach,Manebach,Const. dioc.,capel. s. Crucis,,295,
Mannsburg,Manspurg,Aquil. dioc.,par. eccl. s. Michaelis,,46,
Mannsee,,,,,,Mondsee
Manre,,,,,,Grossenmohnra
Mansfeld,Mansfelt,,,comes,"43, 69, 139",
Manswörd,Manswerd,Patav. dioc.,par. eccl.,,"15, 152, 153, 389, 401",
Manzing,Manczingen,Magunt. dioc.,par. eccl.,,104,
Marbach,Marpach,Basil. dioc.,mon. o. s. A.,abb. et conv.,272,
Marbach,Marpach,Const. dioc.,par. eccl.,,140,
Marcedum,,,,,,Merzig a. S
Marcgrussen,,,,,,Greussen
Marchdorf,,,,,,Markdorf
Marchtal,,Const. dioc.,mon. Prem. ord.,,22,
Marchtal,,Const. dioc.,mon. Prem. ord.,prep. et conv.,257,
Marclo,,,,,,Markelo
Mardorf,Maretorff,Magunt. dioc.,par. eccl.,,299,
St. Marein,Zusandmarein,Lavant. dioc.,eccl. b. Marie Virg.,,272,
St. Maria in Au,,,,,,Gries
Maria Saal,in Solio,Salzb. dioc.,eccl. b. Marie,prepos.,238,
Marienberg,Montisburgum,Curien. dioc.,mon. b. Marie o. s. B.,abb. et conv.,327,
Marienburg,,Pomezan. dioc.,capel. castri,,161,
Marienburg,,Pomezan. dioc.,,fr. dom. hosp. b. Marie Theoton.,265,
Marienstadt,Mergenstat,Colon. dioc.,mon. b. Marie Cist. ord.,abb.,327,
Marienstern,"Stellasanctemarie, Vallis-sanctemarie in Mergenstern",Misn. dioc.,mon. Cist. ord.,abbat. et conv.,"276, 318",
Marienwaard,Insula b. Marie,Traiect. dioc.,mon. Prem. ord.,,133,
Marienwaard,Insula b. Marie,Traiect. dioc.,mon. Prem. ord.,abb.,188,
Marienwalde,Marienuolt,Camin. dioc.,mon. Cist. ord.,priorissa et conv.,144,
Marienwohld,Marienwold,Razeb. dioc.,mon. b. Marie Virg. et Brigide o. s. A.,,146,
Marienwerder,,,,,,Pomesanien
Maritima,,,,provincia,227,
Mark,Marka,,,comes,130,
Pr. Mark,Marka,Gnezn. dioc.,par. eccl.,,200,
Markdorf,Marchdorf,Const. dioc.,par. eccl.,,96,
Markelo,Marclo,Traiect. dioc.,par. eccl.,,119,
Markterlbach,Markterelbach,Herbi-pol. dioc.,par. eccl.,,295,
Marpach,,,,,,Marbach
Marquartitz,,Prag. dioc.,par. eccl.,,111,
Marsal,"Marsallum, Marsellum",Meten. dioc.,eccl. s. Leodegarii,prepos.,273,
Marsal,"Marsallum, Marsellum",Meten. dioc.,eccl. s. Leodegarii,can.,"189, 215",
Marsal,"Marsallum, Marsellum",Meten. dioc.,eccl. s. Leodegarii,capit.,273,
Marville,Maruilla,Trev. dioc.,eccl. s. Hilarii e. m.,alt.,119,
Marville,Maruilla,Trev. dioc.,par. eccl.,,"8, 28",
Masmünster,Vallismasonis,Basil. dioc.,mon. s. Arbogasti o. s. B.,,78,
Masmünster,Vallismasonis,Basil. dioc.,mon. s. Arbogasti o. s. B.,abb. et conv.,237,
Masmünster,Vallismasonis,Basil. dioc.,mon. s. Arbogasti o. s. B.,monial.,272,
Masovien,Masouia,,,dux,"5, 46, 69, 244",
Massemberg b. Leoben,Messenberg,Salzb. dioc.,capel. s. Dionysii,,182,
Massenheim,Massenheym,Magunt. dioc.,,villa,396,
Maternbach,,,,,,Katernbach
Matra,,,,,,Moder
Mattsee,"Maticen., Mathicen.",Patav. dioc.,eccl. s. Michaelis,prepos.,19,
Mattsee,"Maticen., Mathicen.",Patav. dioc.,eccl. s. Michaelis,can.,339,
Mattstedt,Matztete,Magunt. dioc.,par. eccl.,,393,
Maulbronn,Mulbron,Spiren. dioc.,mon. Cist. ord.,monach.,27,
Mausdorf,Mudorff,Pomezan. dioc.,par. eccl.,,"41, 208",
Mautern,Mauttarn,Patav. dioc.,par. eccl.,,352,
Mautschatz,,Leod. dioc.,capel. s. Laurentii,,120,
Mawrkirchen,,,,,,Buchkirchen
Mayder,,,,,,Meder
Mecheln,Mechlinien.,Camerac. dioc.,,preb. de Zollaer in eccl. s. Rumoldi,45,
Medemblik,"Medeblike, Medenblick",Traiect. dioc.,par. eccl. s. Martini,,277,
Medemblik,"Medeblike, Medenblick",Traiect. dioc.,,personatus,313,
Meder,Mayder,Herbipol. dioc.,par. eccl.,,79,
Medeziumcorone,,,,,,Kronmetz
Medialu,,,,,,Mittelkirchen
Mediolanum,,,,,,Mailand
Medling,,,,,,Mödling
Meersen,Mersen,Leod. dioc.,mon. o. s. B.,prepos.,"225, 298",
Mehringen,,,,,,Möhringen
Meisau,Meissaw,Patav. dioc.,,baron.,301,
Meiselding,Meysseldeck,Gurc. dioc.,par. eccl.,,97,
Meissen,Misen.,,,ep.,"27, 28, 30, 176, 221, 271, 279, 329",
Meissen,Misen.,,eccl.,,28,
Meissen,Misen.,,eccl.,prepos.,251,
Meissen,Misen.,,eccl.,decan.,"176, 287, 344, 393",
Meissen,Misen.,,eccl.,cantor.,176,
Meissen,Misen.,,eccl.,can.,"97, 141, 142, 176, 242, 251, 303, 329, 344, 393",
Meissen,Misen.,,eccl.,capit.,"176, 279, 329, 393",
Meissen,Misen.,,eccl.,vic.,274,
Meissen,Misen.,,,presb.,276,
Meissen,Misen.,,,cler.,"27, 29, 195, 245, 276, 279, 289, 318, 391, 393, 395, 396, 399",
Meissen,Misen.,,,dioc.,"27, 390",
Meissen,Misen.,,,marchio,"12, 211, 332, 366",
Meissen,Misen.,,,mil.,"77, 149, 156",
Meissen,Misen.,,,domic.,"149, 201, 345",
Meissen,Misen.,,,civit.,27,
Melen,Mella,Leod. dioc.,par. eccl.,,121,
Melk,Mellicen.,Patav. dioc.,mon. o. s. B.,abb.,"208, 209, 224, 359, 402",
Melk,Mellicen.,Patav. dioc.,mon. o. s. B.,prepos.,208,
Melk,Mellicen.,Patav. dioc.,mon. o. s. B.,custod.,224,
Melk,Mellicen.,Patav. dioc.,mon. o. s. B.,conv.,"208, 224, 359, 402",
Mellrichstadt,Melerstat,Herbipol. dioc.,par. eccl.,,155,
Melm,? Melmshoff,Bamberg. dioc.,,decima,61,
Melnik,Melnicen.,Prag. dioc.,eccl. s. Petri,prepos.,98,
Memmingen,"Memingen, Memmyngen",August. dioc.,dom. s. Anthonii o. s. A.,,277,
Memmingen,"Memingen, Memmyngen",August. dioc.,par. eccl.,,167,
Memmingen,"Memingen, Memmyngen",August. dioc.,,civit.,138,
Mendhausen,Menthusen,Herbipol. dioc.,par. eccl.,,154,
Mengen,"Birtirkilch, Birterkilch",Const. dioc.,par. eccl.,,140,
Merczenich,,,,,,Merzenich
Mergenstat,,,,,,Marienstadt
Mergenstern,,,,,,Marienstern
Merighen,,,,,,Möhringen
Merkershausen,Merkeshusen,Herbipol. dioc.,par. eccl.,,"142, 206",
Merode,,Colon. dioc.,,dominus loci,326,
Merseburg,,,,ep. (el.),"13, 154, 271, 278, 288, 297, 362",
Merseburg,,,eccl.,decan.,16,
Merseburg,,,eccl.,can.,"16, 154, 176, 297, 315, 398",
Merseburg,,,eccl.,capit.,"278, 288",
Merseburg,,,eccl.,vic.,274,
Merseburg,,,eccl.,alt.,53,
Merseburg,,,eccl. s. Sixti,decan.,293,
Merseburg,,,,cler.,"204, 396, 398",
Mersen,,,,,,Meersen
Merzdorf,Mertinsdorf,Wratisl. dioc.,par. eccl. s. Martini,,273,
Merzenich,Merczenich,Colon. dioc.,par. eccl.,,210,
Merzig a. S,Marcedum,Trev. dioc.,,archipresbyt. ruralis,215,
Mesch,Messche,Leod. dioc.,par. eccl.,,204,
Meschede,,Colon. dioc.,ecc. s. Walburgis,prepos.,12,
Meschede,,Colon. dioc.,ecc. s. Walburgis,can.,241,
Metz,Meten.,,,ep. (el.),"42, 46, 80, 85, 152, 201, 273, 322, 336, 342, 386",
Metz,Meten.,,ecc.,decan.,"41, 219, 278",
Metz,Meten.,,ecc.,archidiacon.,"102, 283",
Metz,Meten.,,ecc.,cantor.,"184, 217, 228, 229, 335",
Metz,Meten.,,ecc.,eleemosin.,"23, 335",
Metz,Meten.,,ecc.,primiceria,"85, 152, 194",
Metz,Meten.,,ecc.,dign.,"102, 314",
Metz,Meten.,,ecc.,can.,"23, 41, 69, 85, 102, 134, 152, 180, 194, 212, 215, 217, 228, 229, 235, 252, 268, 314, 315, 316, 317, 335, 336, 398, 400",
Metz,Meten.,,ecc.,capit.,"41, 42, 46, 201, 228, 278, 342",
Metz,Meten.,,ecc.,capel. (benef.),"23, 41, 184, 336",
Metz,Meten.,,ecc.,not. curie,219,
Metz,Meten.,,ecc. b. Marie Rotunde,prepos.,"85, 194, 228, 229",
Metz,Meten.,,ecc. b. Marie Rotunde,can.,"46, 317, 336",
Metz,Meten.,,ecc. s. Saluatoris,prepos.,"278, 315, 398",
Metz,Meten.,,ecc. s. Saluatoris,dign.,314,
Metz,Meten.,,ecc. s. Saluatoris,can.,"314, 336",
Metz,Meten.,,ecc. s. Theobaldi e. m.,can.,46,
Metz,Meten.,,ecc. s. Theobaldi e. m.,capel.,199,
Metz,Meten.,,ecc. s. Elamsdis (?),can.,208,
Metz,Meten.,,,par. ecc. s. Gangulphi,"41, 46",
Metz,Meten.,,,par. ecc. s. Gorgonii,331,
Metz,Meten.,,,par. ecc. s. Hilarii,219,
Metz,Meten.,,,par. ecc. s. Maximini,212,
Metz,Meten.,,,par. ecc. s. Simplicii,"23, 101",
Metz,Meten.,,,par. ecc. s. Victoris,"179, 229",
Metz,Meten.,,capel. s. Galli,,229,
Metz,Meten.,,capel. noue ecc. s. Johannis,,184,
Metz,Meten.,,capel. b. Marie in domo Petri de Pairgin resp. Johannis de Velonia,,"184, 212",
Metz,Meten.,,mon. s. Arnulphi o. s. B. e. m.,abb.,"191, 283",
Metz,Meten.,,mon. s. Arnulphi o. s. B. e. m.,conv.,283,
Metz,Meten.,,mon. s. Simphoriani o. s. B. e. m.,monach.,212,
Metz,Meten.,,mon. s. Vincentii o. s. B.,,259,
Metz,Meten.,,mon. s. Vincentii o. s. B.,abb. et conv.,184,
Metz,Meten.,,,presb.,"80, 204",
Metz,Meten.,,,cler.,"41, 42, 46, 87, 183, 184, 194, 202, 206, 210, 235, 320",
Metz,Meten.,,,mil.,"183, 184, 205, 283",
Metz,Meten.,,,domic.,203,
Metz,Meten.,,,opid.,"106, 205, 212, 283",
Metz,Meten.,,,laici,273,
Messenberg,,,,,,Massenberg
Meyenburg,Meynborch,Bremen. dioc.,,castrum et capel.,253,
Meysseldeck,,,,,,Meiselding
St. Michel a. d. Etsch,de Sanctomichaele,Trident. dioc.,mon. s. Michaelis o. s. A.,,279,
Michelbach,,Herbipol. dioc.,par. eccl.,,86,
Middelburg,,Traiect. dioc.,capel. in par. eccl. in Westmunster,,218,
Middelburg,,Traiect. dioc.,mon. b. Marie Prem. ord.,,279,
Middelburg,,Traiect. dioc.,mon. b. Marie Prem. ord.,abb.,"62, 279",
Middelburg,,Traiect. dioc.,mon. b. Marie Prem. ord.,conv.,62,
Midlucze,,? Traiect. dioc.,par. eccl.,,178,
St. Mihel,de Sanctomichaele,Virdun. dioc.,par. eccl. s. Michaelis.,,101,
Mileonowe,,? Gnezn. dioc.,par. eccl.,,79,
Miltenberg,,,,,,Bürgstadt
Minchroth,,,,,,Roth
Minden,,,,ep.,"56, 57, 217, 342, 376",
Minden,,,eccl.,decan.,"12, 23, 57, 349",
Minden,,,eccl.,scholast.,174,
Minden,,,eccl.,thesaurar.,18,
Minden,,,eccl.,can.,"12, 18, 57, 174, 200, 214, 349",
Minden,,,eccl.,capit.,"56, 57, 217",
Minden,,,eccl.,vic.,"44, 56, 76, 200",
Minden,,,eccl.,capel.,200,
Minden,,,eccl. s. Martini,prepos.,56,
Minden,,,eccl. s. Martini,decan.,200,
Minden,,,eccl. s. Martini,can.,"56, 96, 192, 200, 391",
Minden,,,eccl. s. Martini,capit.,56,
Minden,,,capel. s. Margarete,,174,
Minden,,,,archidiacon.,23,
Minden,,,,presb.,"76, 171, 391",
Minden,,,,cler.,"23, 44, 107, 131, 162, 231, 247, 250, 265, 282, 346, 347, 389, 394",
Minden,,,,collector,135,
Minden,,,,schol.,202,
Minden,,,,armig.,257,
Minden,,,,laici,75,
Minorfreschelingen,,,,,,Klein-Fischlingen
Minor Lafferde,,,,,,Klein-Lafferde
Mintzenberg,,,,,,Drais
Mirisdorf,Miresmestorpe,Raseb. dioc.,par. eccl.,,177,
Miserach b. Pruntrut,Miserez b. Porrentruy; Miserium prope Pourramtrum (Pourramtin),Basil. dioc.,,priorat. o. s. A.,"194, 370",
Misnen.,,,,,,Meissen
Missanen,,,,ep.,195,
Mittelbuchen,Mitlilbuchen,Magunt. dioc.,par. eccl.,,327,
Mittelkirchen,Mediau,Verden. dioc.,par. eccl.,,40,
Mockstadt,Moxstad,Magunt. dioc.,eccl. s. Martini,scolast.,248,
Moder,Matra,Argent. dioc.,,flumen,179,
Moderstorpe,Modestorpe,Verden. dioc.,,archidiacon.,"84, 270",
Mödling,Medling,Patav. dioc.,par. eccl.,,151,
Möhringen,"Mehringen, Meringhen",Const. dioc.,,curia celerarie,329,
Moguntin.,,,,,,Mainz
Mohnaü,,,,,,Gross-Mohnau
Mohnra,,,,,,Grossen Mohnra
Molhusen,,,,,,Mühlhausen
Monacen.,,,,,,München
Mölln,Molne,Rzeb. dioc.,par. eccl.,,390,
Mölsenheim,Mulsenheim,Herbipol. dioc.,par. eccl.,,167,
Molzbichl,"Moltzpuhel, Moltichiel",Salzb. dioc.,par. eccl.,,110,
Monasterien.,,,,,,Münster
Monasteriumclericorum,,,,,,Pfaffmünster
Monasteriumeyfflie,,,,,,Münstereiffel
Monasteriummeynfelt,,,,,,Münstermaifeld
Mondsee,Mannsee,Patav. dioc.,mon. o. s. B.,abb.,50,
Monopoli,Monopolitan.,,dom. hosp. s. Stephani,,181,
Monsboldensberg,,,,,,Boltesberg
Mons Jouis,,,,,,St. Bernhard
Monsmadran.,,,,,,Madron
Monsanctipetri,,,,,,Petersberg
Monsterkirken,,,,,,Münsterkirchen
Monten.,,,,,,Berg
Montisburgum,,,,,,Marienberg
Moos,Mosacen.,Aquil. dioc.,mon. s. Galli o. s. B.,commen-dator,24,
Moosburg,Mospurg,Frising. dioc.,eccl. s. Castoli,prepos.,170,
Moosburg,Mospurg,Frising. dioc.,eccl. s. Castoli,can.,91,
Morinen.,,,,,,Terouane
St. Moritz,Agauen.,Sedun. dioc.,mon. s. Mauritii o. s. A.,prepos.,242,
St. Moritz,Agauen.,Sedun. dioc.,mon. s. Mauritii o. s. A.,can.,242,
Morschheim,,,,,,Sion
Mosacen.,,,,,,Moos
Mosbach,Mospach,Herbipol. dioc.,eccl.,prepos.,123,
Mospurg,,,,,,Moosburg
Moxstad,,,,,,Mockstadt
Muffenheim,,Argent. dioc.,,villa,"64, 333",
Mühlhausen,Molhusen.,Magunt. dioc.,eccl. b. Marie Pontis,can.,156,
Mühlhausen,Molhusen.,Magunt. dioc.,par. eccl. s. Johannis e. m.,,"53, 225",
Mulbron,,,,,,Maulbronn
Mulsenheim,,,,,,Mölsenheim
Munasterien.,,,,,,Münster
München,Monacen.,Frising. dioc.,par. eccl. s. Petri,,"376, 377",
München,Monacen.,Frising. dioc.,,decan. ruralis,376,
München,Monacen.,Frising. dioc.,,civit.,138,
Münchsmünster,Munster,Ratisp. dioc.,par. eccl. b. Marie Virg.,,280,
Münchweiler,Munuchwiler,Magunt. dioc.,par. eccl.,,292,
Mündraching,Mundrichingen,Ratisp. dioc.,par. eccl.,,53,
Münichreith,Munichrawt,Patav. dioc.,par. eccl.,,213,
Münchroet,,,,,,Roth
Münster,"Monasterien., Munasterien.",,,ep.,"109, 167, 214, 252, 258, 265, 280, 299, 345, 350",
Münster,"Monasterien., Munasterien.",,,vic. gen.,"252, 265",
Münster,"Monasterien., Munasterien.",,eccl.,prepos.,"15, 228",
Münster,"Monasterien., Munasterien.",,eccl.,decan.,"15, 236, 345",
Münster,"Monasterien., Munasterien.",,eccl.,can.,"15, 65, 95, 134, 236, 374",
Münster,"Monasterien., Munasterien.",,eccl.,capit.,"14, 109, 214, 258, 345, 350",
Münster,"Monasterien., Munasterien.",,eccl.,vic.,"15, 23, 134, 166, 236, 246",
Münster,"Monasterien., Munasterien.",,eccl.,capel.,"246, 263",
Münster,"Monasterien., Munasterien.",,eccl. s. Ludgeri,decan.,279,
Münster,"Monasterien., Munasterien.",,eccl. s. Ludgeri,scholast.,166,
Münster,"Monasterien., Munasterien.",,eccl. s. Ludgeri,thesaurar.,136,
Münster,"Monasterien., Munasterien.",,eccl. s. Ludgeri,can.,"136, 166, 299",
Münster,"Monasterien., Munasterien.",,eccl. s. Ludgeri,capit.,279,
Münster,"Monasterien., Munasterien.",,eccl. s. Martini,decan.,279,
Münster,"Monasterien., Munasterien.",,eccl. s. Martini,can.,"236, 263, 299",
Münster,"Monasterien., Munasterien.",,eccl. s. Martini,capit.,279,
Münster,"Monasterien., Munasterien.",,eccl. s. Mauritii e. m.,prepos.,"65, 246, 263",
Münster,"Monasterien., Munasterien.",,eccl. s. Mauritii e. m.,decan.,"263, 279, 280",
Münster,"Monasterien., Munasterien.",,eccl. s. Mauritii e. m.,dign.,15,
Münster,"Monasterien., Munasterien.",,eccl. s. Mauritii e. m.,can.,"15, 172, 213, 246, 264, 280, 299, 345",
Münster,"Monasterien., Munasterien.",,eccl. s. Mauritii e. m.,capit.,"263, 279, 280",
Münster,"Monasterien., Munasterien.",,eccl. Veteriseclesie s. Pauli,decan.,279,
Münster,"Monasterien., Munasterien.",,eccl. Veteriseclesie s. Pauli,can.,"172, 279",
Münster,"Monasterien., Munasterien.",,eccl. Veteriseclesie s. Pauli,capit.,279,
Münster,"Monasterien., Munasterien.",,eccl. Veteriseclesie s. Pauli,vic.,345,
Münster,"Monasterien., Munasterien.",,par. eccl. s. Egidii,,280,
Münster,"Monasterien., Munasterien.",,par. eccl. s. Lamberti,,"263, 280",
Münster,"Monasterien., Munasterien.",,par. eccl. s. Seruati,,280,
Münster,"Monasterien., Munasterien.",,mon. s. Marie Transaquas o. s. B.,abbat. et conv.,136,
Münster,"Monasterien., Munasterien.",,,presb.,"100, 252, 254, 265, 350",
Münster,"Monasterien., Munasterien.",,,cler.,"30, 105, 136, 143, 166, 172, 263, 265, 269, 279, 350, 374, 392, 399",
Münster,"Monasterien., Munasterien.",,,offic.,280,
Münster,"Monasterien., Munasterien.",,,collector,135,
Münster,"Monasterien., Munasterien.",,,scolar.,65,
Münster,"Monasterien., Munasterien.",,,dioc.,140,
Münster,"Monasterien., Munasterien.",,,domic.,"169, 253",
Münster,"Monasterien., Munasterien.",,,opid.,"106, 109, 130, 263",
Münster,"Monasterien., Munasterien.",,,laici,"77, 104",
Munster,,Verden. dioc.,par. eccl.,,235,
Munster,,,,,,Münchsmünster
Münsterbilsen,Blisien.,Leod. dioc.,mon. s. Amoris o. s. B.,abb. et conv.,256,
Münstereifel,Monasteriumeyfflie,Colon. dioc.,eccl. ss. Crisanti et Darie,can.,"18, 148, 152, 169, 198",
Münsterkirchen,Monsterkirken,Magunt. dioc.,par. eccl.,,45,
Münstermaifeld,Monasteriummeynfelt,Trev. dioc.,eccl.,can.,63,
Müntz,Muntz,Colon. dioc.,par. eccl.,,362,
Munuchwiler,,,,,,Münchweiler
Münzenberg,,,,,,Drais
Muri,Mure,Const. dioc.,mon. o. s. B.,,280,
Murrhart,Murhart,Herbipol. dioc.,mon. o. s. B.,abb.,91,
Murse,,,,,,Moers
Musberg,,,,,,Ansperg
Musdorff,,,,,,Mausdorf
Namur,Namurcen.,Leod. dioc.,abbatia b. Marie,,7,
Nassau,Nassaw,,,comes,"38, 321",
Nassenfuss,Nazzenuos,Aquil. dioc.,par. eccl. s. Ruperti,,170,
Naturen.,,,,,,Athyra
Naumburg,Nuembergen.,,,ep. (el.),"13, 129, 297",
Naumburg,Nuembergen.,,eccl.,prepos.,301,
Naumburg,Nuembergen.,,eccl.,decan.,"315, 371",
Naumburg,Nuembergen.,,eccl.,scolast.,221,
Naumburg,Nuembergen.,,eccl.,dign.,398,
Naumburg,Nuembergen.,,eccl.,can.,"97, 99, 154, 175, 221, 297, 315, 316, 329, 398",
Naumburg,Nuembergen.,,eccl.,capit.,"13, 297",
Naumburg,Nuembergen.,,eccl.,vic.,"16, 147, 274, 386",
Naumburg,Nuembergen.,,par. eccl. s. Odmari e. m.,,288,
Naumburg,Nuembergen.,,,presb.,221,
Naumburg,Nuembergen.,,,cler.,"202, 272, 288, 346",
Naumburg,Nuembergen.,,,armig.,"139, 345",
Neapel,Neapoli,,,. dom. hosp. s. Johannis Jerosol.,101,
Nebbio,Nebien,,,. ep.,317,
Negau,Negaw,Salzb. dioc.,par. eccl. b. Marie,,280,
Neisse,Nyssa,Wratisl. dioc.,par. eccl. s. Jacobi,,"50, 113, 295",
Neisse,Nyssa,Wratisl. dioc.,,fraternitas b. Marie,295,
Neisse,Nyssa,Wratisl. dioc.,,civit.,295,
Nemzin,,,,,,Nimbschen
Nesselröden,Netelreden,Magunt. dioc.,par. eccl.,,168,
Nesselwang,Nesselwange,August. dioc.,par. eccl. s. Andreæ,,280,
Neubrandenburg,Nouumbrandeborgh,Havelb. dioc.,par. eccl. b. Marie,,157,
Neuburg,Nuemburg.,August. dioc.,mon. b. Marie o. s. A.,prepos.,360,
Neuburg,,,,,,Klosterneuburg
Neuenburg,"Nouumcastrum, Neumburgh",Const. dioc.,par. eccl.,,162,
Neuenburg,"Nouumcastrum, Neumburgh",Const. dioc.,,"civit., opid.","162, 217, 250, 358",
Neuendorf,Nuendorff,Halberst. dioc.,mon. Prem. ord. (!),"prep., abbat. et conv.","120, 387",
Neuen-Heerse,Herisien.,Padeb. dioc.,par. eccl.,,"330, 390",
Neuen-Heerse,Herisien.,Padeb. dioc.,abbatia,,37,
Neuenstadt,Nouauilla,Lausan. dioc.,par. eccl. s. Ursicini sub castro Glossenberg,,"14, 145",
Neuhaus,Newhaus,Ratisp. dioc.,,castrum,111,
Neukirchen,Nyenkerken,Bremen. dioc.,par. eccl.,,323,
Neukirchen,Newnkirchen,Frising. dioc.,par. eccl.,,363,
Neumagen,Nouimagen.,Colon. dioc.,par. eccl. s. Stephani,,"38, 253, 371",
Neumagen,Nouimagen.,Colon. dioc.,mon. o. s. A. e. m.,prior et conv.,297,
Neumburgh,,,,,,Neuenburg
Neunkirchen,Nunkirchen,Magunt. dioc.,par. eccl.,,292,
Neunkirchen b. Weiden,Newnkirchen al. in Weyden,Ratisp. dioc.,par. eccl.,,274,
Neuss,"Nussien.,ussia",Colon. dioc.,mon. o. s. B.,abb. et conv.,312,
Neuss,"Nussien.,ussia",Colon. dioc.,mon. o. s. B.,rector (can.) eccl.,77,
Neuss,"Nussien.,ussia",Colon. dioc.,mon. o. s. A.,prep. et conv.,297,
Neuss,"Nussien.,ussia",Colon. dioc.,mon. o. s. A.,monach.,267,
Neuss,"Nussien.,ussia",Colon. dioc.,hosp. paup.,,312,
Neustadt a. D,Nigenstat,Brandeb. dioc.,par. eccl.,,238,
Neustadt,Nygenstad,Lubic. dioc.,par. eccl.,,100,
Neustadt,Nouacuiitas,Salzb. dioc.,par. eccl. b. Marie,,"141, 142, 297",
Neustadt,Nouacuiitas,Salzb. dioc.,par. eccl. s. Vdalrici,,"80, 112",
Neustift,Nouacella,Brixin. dioc.,mon. o. s. A.,,126,
Neuweiler,Nouillaren.,Argent. dioc.,mon. s. Petri o. s. B.,,297,
Neuweiler,Nouillaren.,Argent. dioc.,mon. s. Petri o. s. B.,abb.,199,
Neuweiler,Nouillaren.,Argent. dioc.,mon. s. Petri o. s. B.,camerar.,199,
Neuweiler,Nouillaren.,Argent. dioc.,mon. s. Petri o. s. B.,monach.,199,
Newhus,,,,,,Neuhaus
"Newnburg, Newnburgaclustralis",,,,,,Klosterneuburg
Newnkirchen,,,,,,Neunkirchen
Nicopolis,,,,ep.,177,
Nidrosien.,,,,,,Drontheim
"Niderratenaw, Nidderraitenow",,,,,,Unter-Reitnau
Niederaltaich,"Inferioralt[h]a, Inferioraltach[en]",Patav. dioc.,mon. o. s. B.,,187,
Niederaltaich,"Inferioralt[h]a, Inferioraltach[en]",Patav. dioc.,mon. o. s. B.,abb.,"53, 206, 385",
Niederaltaich,"Inferioralt[h]a, Inferioraltach[en]",Patav. dioc.,mon. o. s. B.,conv.,206,
Nieder-Bayern,,,,,,Bayern
Nieder-Ehnheim,Ehenheim inferior,Argent. dioc.,capel. s. Barbare,,92,
Niederhone,Niddernhoende,Magunt. dioc.,capel.,,243,
Nieder-Ingelheim,Inferioringelnheim,Magunt. dioc.,mon. Auleregie o. s. A.,,188,
Nieder-Ingelheim,Inferioringelnheim,Magunt. dioc.,,scultetus,188,
Nieder-Trebra,Inferior Trebere,Magunt. dioc.,par. eccl.,,339,
Nieder-Wangen,Nider[n]wangen,Const. dioc.,par. eccl.,,234,
Nienburg,"Nienborch, Niendorp",Magdeb. dioc.,eccl. s. Wiperti,prepos.,193,
Nieuweve,Nyewerue,Traiect. dioc.,par. eccl.,,218,
Nieuwe-Zijdskapel,,,,,,Amsterdam
Nigenstat,,,,,,Neustadt
Nigrasilua,,,,,,St. Blasien
Nimbschen,Nemzin,Merseb. dioc.,mon. Cist. ord.,abbat. et conv.,63,
Nimptsch,Nympcz,Wratisl. dioc.,,plebanus,"239, 244",
"Nonsberg, Val di Non",Vallis Ananis,Trident. dioc.,par. eccl. s. Eusebii,,54,
"Nonsberg, Val di Non",Vallis Ananis,Trident. dioc.,par. eccl. b. Marie in Tassulo,,177,
Noorddyk,Nortich,Traiect. dioc.,par. eccl.,,57,
Nordhausen,Northusen.,Magunt. dioc.,eccl. s. Crucis,prepos.,143,
Nordhausen,Northusen.,Magunt. dioc.,eccl. s. Crucis,decan.,"156, 296",
Nordhausen,Northusen.,Magunt. dioc.,eccl. s. Crucis,cantor.,296,
Nordhausen,Northusen.,Magunt. dioc.,eccl. s. Crucis,scholast.,296,
Nordhausen,Northusen.,Magunt. dioc.,eccl. s. Crucis,can.,"156, 296",
Nordhausen,Northusen.,Magunt. dioc.,eccl. s. Crucis,capit.,143,
Nordhausen,Northusen.,Magunt. dioc.,eccl. s. Crucis,vic.,"226, 296",
Nordhausen,Northusen.,Magunt. dioc.,par. eccl. s. Blasii,,296,
Nordhausen,Northusen.,Magunt. dioc.,par. eccl. s. Jacobi e. m.,,296,
Nordhausen,Northusen.,Magunt. dioc.,par. eccl. s. Nicolai,,"21, 296",
Nordhausen,Northusen.,Magunt. dioc.,par. eccl. s. Petri,,296,
Nordhausen,Northusen.,Magunt. dioc.,mon. b. Marie Nouioperis Cist. ord. e. m.,"prep., abbat. et conv.","120, 296, 387",
Nordhausen,Northusen.,Magunt. dioc.,mon. b. Marie Nouioperis Cist. ord. e. m.,vic. in eccl.,226,
Nordhausen,Northusen.,Magunt. dioc.,hosp. paup. s. Martini e. m.,,296,
Nordhausen,Northusen.,Magunt. dioc.,,opid.,"89, 296",
Nördlingen,Nordlingen,August. dioc.,par. eccl. s. Emerami,,387,
Northeim,"Northem., Norten",Magunt. dioc.,par. eccl.,,"295, 350",
Northeim,"Northem., Norten",Magunt. dioc.,capel. s. Ciriaci,,"174, 231",
Northeim,"Northem., Norten",Magunt. dioc.,mon. s. Blasii o. s. B.,,"295, 350",
Nörthen,Northunen.,Magunt. dioc.,eccl.,prepos.,178,
Nörthen,Northunen.,Magunt. dioc.,eccl.,decan.,67,
Nörthen,Northunen.,Magunt. dioc.,eccl.,capit.,67,
Nortich,,,,,,Noorddyk
Norwegen,Norwegia,,,regnum,"21, 267",
Noua Berlin,,,,,,Berlinichen
Nouacella,,,,,,Neustift
Nouacuiitas,,,,,,Neustadt
Noualandesbergh,,,,,,Landsberg
Nouatera,,,,,,Bislich
Noua Treptow,,,,,,Treptow
Nouauilla,,,,,,Neuenstadt
Nouillaren.,,,,,,Neuweiler
Nouimagen.,,,,,,Neumagen
Nouiomen.,,,,,,Noyon
Nouumbrandeborgh,,,,,,Neubrandenburg
Nouumcastrum,,,,,,Neuenburg
Nouumstargard,,,,,,Stargard
Noyon,Nouiomen.,,,ep.,"85, 322, 323",
Nuemburg.,,,,,,"Naumburg, Neuburg"
Nuendorf,,,,,,Neuendorf
Nuhusen,,,,,,Worms
Nunkirchen,,,,,,Neunkirchen
Nunnenberd,,,,,,Fraunchiemsee
Nürnberg,"Nurembergh, Nurembergen.",Bamberg. dioc.,capel. novi hosp. paup.,,"159, 297",
Nürnberg,"Nurembergh, Nurembergen.",Bamberg. dioc.,,burgravi,"12, 111, 121, 230, 267",
Nürnberg,"Nurembergh, Nurembergen.",Bamberg. dioc.,,opid.,"167, 184, 211",
Nürnberg,"Nurembergh, Nurembergen.",Bamberg. dioc.,,laici,37,
Nussien,,,,,,Neuss
Nuwekirche,,,,,,Ottenheim
Nydenburg,,,,,,Passau
Nyenkerken,,,,,,Neukirchen
Nyewerue,,,,,,Nienwerve
Nygenstad,,,,,,Neustadt
Nykirke,Nyenkerke,Traiect. dioc.,par. eccl.,,390,
Nympcz,,,,,,Nimptsch
Nyssa,,,,,,Neisse
Oberaltaich,Altach superior,Ratisp. dioc.,mon. o. s. B.,abb. et conv.,284,
Oberberge,Superior Berge,Minden. dioc.,par. eccl.,,342,
Oberburg,Obernburg,Const. dioc.,par. eccl.,,357,
Ober-Ingelheim,Ingelheim superior,Magunt. dioc.,par. eccl.,,317,
Ober-Ingelheim,Ingelheim superior,Magunt. dioc.,,scultetus,188,
Oberlahnstein,Superiorlanstein,Trev. dioc.,par. eccl.,,250,
Obernberg,Obernperg,Patav. dioc.,par. eccl.,,"261, 262",
Obernburg,Obremburg,Aquil. dioc.,mon. o. s. B.,,23,
Obernburg,Obremburg,Aquil. dioc.,mon. o. s. B.,abb.,"24, 125, 170, 321",
Obernburg,Obremburg,Aquil. dioc.,mon. o. s. B.,conv.,170,
Obernburg,,Magunt. dioc.,par. eccl.,,114,
Obernburg,,,,,,Oberburg
Oberndorf,Oberendorff,Eystet. dioc.,par. eccl.,,230,
Oberwesel,Wesalien.,Trev. dioc.,eccl.,thesaurar.,234,
Oberwinterthur,Ouerwinterthure,Const. dioc.,par. eccl.,,326,
Obing,Obingin,Salzb. dioc.,par. eccl.,,111,
Ochtersum,Ochtersun,Bremen. dioc.,par. eccl.,,136,
Odenrode,Roden.,Leod. dioc.,eccl. s. Ode,decan.,7,
Odense,Ottonien.,,,armig. et mil.,337,
Odenstarp,,,,,,Oestorf
Oels,"Olsnic., Olsna",Wratisl. dioc.,par. eccl.,,"127, 256, 284",
Oels,"Olsnic., Olsna",Wratisl. dioc.,capel. castri,,81,
Oels,"Olsnic., Olsna",Wratisl. dioc.,,dux,81,
Oels,"Olsnic., Olsna",Wratisl. dioc.,,ducissa,81,
Oestbrock,,,,,,Utrecht
Oestorf,? Odenstarp,Padeb. dioc.,par. eccl.,,221,
Oestworne,,,,,,Oostvoorne
Ohalming,,,,,,Aholming
Öhringen,Oringew,Herbipol. dioc.,eccl. b. Marie,prepos.,126,
Öhringen,Oringew,Herbipol. dioc.,eccl. s. Petri,prepos.,218,
Oldenbrok,Oldenbrüke,Bremen. dioc.,par. eccl.,,216,
Oldenzaal,"Aldensalen, Aldenzalen",Traiect. dioc.,eccl. s. Plechelini,prepos.,105,
Oldenzaal,"Aldensalen, Aldenzalen",Traiect. dioc.,eccl. s. Plechelini,can.,"224, 267",
Oldenzaal,"Aldensalen, Aldenzalen",Traiect. dioc.,eccl. s. Plechelini,capit.,105,
Oldisleben,Oldesleiben,Magunt. dioc.,mon. o. s. B.,abb. et conv.,157,
Oldisleben,Oldesleiben,Magunt. dioc.,mon. o. s. B.,monach.,67,
Öllingen,? Olexen.,Magunt. dioc.,capel.,,"100, 131",
Olmütz,Olomucen.,,,ep.,"50, 218, 358",
Olmütz,Olomucen.,,eccl.,prepos.,"329, 366",
Olmütz,Olomucen.,,eccl.,custod.,50,
Olmütz,Olomucen.,,eccl.,can.,"17, 20, 99, 133, 142, 183, 251, 286, 329, 364, 365, 366",
Olmütz,Olomucen.,,eccl.,capit.,"258, 358",
Olmütz,Olomucen.,,,cler.,"123, 365",
Olmütz,Olomucen.,,,dioc.,131,
Olnstorff,Ornstorff,Patav. dioc.,par. eccl.,,121,
Ölsburg,Olsborg,Hildesem. dioc.,eccl. s. Cecilie,vic.,220,
"Olsna, Olsnicen.",,,,,,Oels
Ölsnitz,Olsnicz,Nuemb. dioc.,,castrum,13,
St. Omer,de Sanctoaudomaro,Morin. dioc.,eccl. s. Audomari,can.,"127, 128",
Omniumsanctorum,,,,,,Allerheiligen
"Omsberg, Onsperg",,,,,,Ansperg
Onelspacen.,,,,,,Ansbach
Oostbroek,,,,,,Utrecht
Oostvoorne,Oestworne,Traiect. dioc.,par. eccl.,,213,
Oppeln,Opolien.,Wratisl. dioc.,eccl. s. Crucis,decan.,"239, 240, 244",
Oppeln,Opolien.,Wratisl. dioc.,eccl. s. Crucis,can.,"41, 50, 125",
Oppeln,Opolien.,Wratisl. dioc.,eccl. s. Crucis,vic.,397,
Oppeln,Opolien.,Wratisl. dioc.,,alt. in antiquo castro,290,
Oppeln,Opolien.,Wratisl. dioc.,,dux,"69, 164",
Oppeln,Opolien.,Wratisl. dioc.,,opid.,286,
Oppenheim,Oppenheym,Magunt. dioc.,capel. s. Antonii,,308,
Oppenheim,Oppenheym,Magunt. dioc.,,capitaneus,188,
Oringew,,,,,,Öhringen
Ornstorff,,,,,,Olnstorff
Oron,,Meten. dioc.,par. eccl.,,219,
Orten,,Leod. dioc.,par. eccl.,,347,
Ortenberg,,Argent. dioc.,,civit. et castrum,81,
Ortenberg,,Magunt. dioc.,par. eccl.,,315,
Ortenberg,,Salzb. dioc.,,comes,"12, 359",
Ösel,Osil.,,eccl.,can.,349,
Ösel,Osil.,,,dioc.,350,
Osnabrück,Osnaburgen.,,,ep. (el.),"14, 55, 104, 146, 157, 220, 259, 299",
Osnabrück,Osnaburgen.,,,administrator,299,
Osnabrück,Osnaburgen.,,eccl.,prepos.,248,
Osnabrück,Osnaburgen.,,eccl.,decan.,"146, 214, 264",
Osnabrück,Osnaburgen.,,eccl.,can.,"103, 242, 248",
Osnabrück,Osnaburgen.,,eccl.,capit.,"55, 104, 146, 157, 220, 259, 264",
Osnabrück,Osnaburgen.,,eccl.,alt.,146,
Osnabrück,Osnaburgen.,,eccl. s. Johannis,prepos.,"220, 258",
Osnabrück,Osnaburgen.,,eccl. s. Johannis,dign.,214,
Osnabrück,Osnaburgen.,,eccl. s. Johannis,can.,"55, 214, 248, 299",
Osnabrück,Osnaburgen.,,eccl. s. Johannis,capit.,"220, 258",
Osnabrück,Osnaburgen.,,eccl. s. Johannis,vic.,"55, 104, 217, 264",
Osnabrück,Osnaburgen.,,capel. s. Jacobi,,55,
Osnabrück,Osnaburgen.,,capel. s. Nicolai,,389,
Osnabrück,Osnaburgen.,,capel. s. Pauli,,202,
Osnabrück,Osnaburgen.,,capel. 1100 Virginum e. m.,,157,
Osnabrück,Osnaburgen.,,,presb.,"157, 253",
Osnabrück,Osnaburgen.,,,cler.,"17, 106, 156, 157, 213, 244, 258, 264, 270, 309, 367, 388",
Osnabrück,Osnaburgen.,,,collector,135,
Osnabrück,Osnaburgen.,,,laici,299,
Osterhofen,Osterhouen,Patav. dioc.,mon. s. Margarete Prem. ord.,abb.,191,
Österreich,Austria,,,dux,"13, 14, 22, 32, 40, 59, 99, 116, 153, 160, 219, 242, 245, 280, 328, 331, 389",
Österreich,Austria,,,ducissa,"99, 116",
Osthausen,Osthusen,Magunt. dioc.,par. eccl.,,40,
Ostheim,,Magunt. dioc.,par. eccl.,,"148, 397",
Ostia,Ostien.,,,ep.,"10, 97, 117, 119",
Ostia,Ostien.,,,civit.,270,
"Othmincow, Othmuchouien., Othomochaw",,,,,,Ottmachau
Ottenbach,Ottembach,Const. dioc.,par. eccl.,,291,
Ottenheim,Ottenheim al. Nuwekirche,Argent. dioc.,par. eccl. s. Nicolai,,250,
Ottersdorf,Attersdorf,Argent. dioc.,capel. resp. par. eccl.,,"64, 333",
Ottersdorf,Attersdorf,Argent. dioc.,,villa,"64, 333",
Ottmachau,"Othmuchowien., Othmuchowo, Othmincow, Othomochaw",Wratisl. dioc.,eccl. s. Nicolai,prepos.,50,
Ottmachau,"Othmuchowien., Othmuchowo, Othmincow, Othomochaw",Wratisl. dioc.,eccl. s. Nicolai,can.,"240, 284, 295, 344, 357",
Ottmachau,"Othmuchowien., Othmuchowo, Othmincow, Othomochaw",Wratisl. dioc.,eccl. s. Nicolai,alt.,58,
Ottmachau,"Othmuchowien., Othmuchowo, Othmincow, Othomochaw",Wratisl. dioc.,capel. b. Marie Virg. e. m.,,113,
Ottonien.,,,,,,Odense
Oudeghiessen,,,,,,Giessen-Oudkerk
Oudenburg,,Tornac. dioc.,mon. o. s. B.,abb. et conv.,311,
Ouderkerk,Ouderkerke,Traiect. dioc.,,personatus,"157, 355",
Ouderschiede,,,,,,Overschie
Ouderulissinghen,,,,,,Vlissingen
"Oudwika, Oudwijk",,,,,,Utrecht
Oue,,,,,,Aue
"Ousdorff, Oustorff",,,,,,Audorf
Overschie,Ouderschiede,Traiect. dioc.,par. eccl.,,24,
Ouerwinterthure,,,,,,Oberwinterthur
Ow,,,,,,Au
Owingen,Owinghen,Const. dioc.,capel. s. Nicolai,,95,
Oyas,Oys,Wratisl. dioc.,par. eccl.,,263,
Oytin,,,,,,Eutin
Paderborn,Padebornen.,,,el.,"145, 221, 240, 348, 370",
Paderborn,Padebornen.,,,administrator,348,
Paderborn,Padebornen.,,eccl.,prepos.,"269, 363",
Paderborn,Padebornen.,,eccl.,decan.,"118, 119",
Paderborn,Padebornen.,,eccl.,cantor.,"269, 363",
Paderborn,Padebornen.,,eccl.,can.,"15, 119, 178, 269, 363",
Paderborn,Padebornen.,,eccl.,capit.,363,
Paderborn,Padebornen.,,eccl.,vic.,"44, 70, 104, 217, 390",
Paderborn,Padebornen.,,eccl.,capel.,332,
Paderborn,Padebornen.,,eccl. ss. Petri et Andree,can.,"24, 44, 70, 119",
Paderborn,Padebornen.,,eccl. ss. Petri et Andree,vic.,174,
Paderborn,Padebornen.,,mon. ss. Petri et Pauli o. s. B.,abb.,"24, 145",
Paderborn,Padebornen.,,,cler.,"148, 165, 166, 178, 205",
Paderborn,Padebornen.,,,subcollect.,220,
Paderborn,Padebornen.,,,mil.,164,
Padua,,,mon.,,172,
Padua,,,studium,,"304, 311",
Padua,,,,presb.,233,
Palestrina,Prenestin.,,,ep.,113,
Paltental,Gallepaltental,Salzb. dioc.,par. eccl. s. Laurentii,,353,
Parchentin,,,,,,Parkentin
Parchim,"Parcham, Perchim",Zwerin. dioc.,par. eccl. s. Georgii,,226,
Parchim,"Parcham, Perchim",Zwerin. dioc.,par. eccl. s. Marie Virg.,,"172, 226, 236",
Parchim,"Parcham, Perchim",Zwerin. dioc.,,archidiacon.,226,
Parey,"Parreya, Perreya",Meten. dioc.,par. eccl.,,342,
Paris,Parisien.,,par. eccl. s. Germanieteris,,102,
Paris,Parisien.,,studium,,"60, 102, 161, 236, 255, 256, 268, 311, 314, 336",
Parkentin,Parchentin,Zwerin dioc.,par. eccl.,,91,
Parleberghe,,,,,,Perleberg
Parreya,,,,,,Parey
Passau,Patauien.,,,ep.,"8, 13, 15, 17, 25, 45, 50, 62, 66, 90, 122, 124, 151, 164, 213, 245, 259, 291, 300, 316, 331, 352, 359, 364, 388, 398",
Passau,Patauien.,,,curia episc.,304,
Passau,Patauien.,,eccl.,prepos.,"88, 146, 153, 300, 302, 366",
Passau,Patauien.,,eccl.,decan.,"88, 205, 210, 223, 303, 364",
Passau,Patauien.,,eccl.,can.,"15, 19, 20, 62, 88, 97, 118, 122, 124, 152, 153, 164, 214, 261, 262, 303, 359, 360, 364, 365, 366, 389",
Passau,Patauien.,,eccl.,capit.,"8, 24, 66, 164, 302, 303, 316, 352, 364",
Passau,Patauien.,,,alt.,291,
Passau,Patauien.,,eccl. b. Marie in Nydenburg,benef.,278,
Passau,Patauien.,,eccl. ss. Petri et Andreæ,prep. et capit.,302,
Passau,Patauien.,,eccl. s. Nicolai o. s. A. e. m.,prep. et conv.,213,
Passau,Patauien.,,par. eccl. s. Egidii ultra pontem Eni cum dom. leprosorum,,302,
Passau,Patauien.,,par. eccl. ad s. Vitum,,50,
Passau,Patauien.,,capel. s. Spiritus,,123,
Passau,Patauien.,,,presb.,"75, 90, 118, 200, 254, 260, 292, 316, 320, 353, 358, 359, 364, 385",
Passau,Patauien.,,,cler.,"62, 67, 123, 164, 229, 244, 245, 259, 278, 290, 316, 320, 326, 331, 352, 359, 375, 397, 398",
Passau,Patauien.,,,scolar.,138,
Passau,Patauien.,,,dioc.,124,
Passau,Patauien.,,,armig.,"334, 339",
Passau,Patauien.,,,mil.,"110, 202, 228, 262, 304",
Passau,Patauien.,,,baron.,150,
Passau,Patauien.,,,domic.,304,
Passau,Patauien.,,,opid.,"304, 340",
Passau,Patauien.,,,laici,"75, 103, 262, 353",
Passau,Patauien.,,,civit.,304,
Patschau,"Patzkow, Potzkow",Wratisl. dioc.,par. eccl.,,"113, 286",
Pattensen,,Minden. dioc.,par. eccl.,,346,
Pattensen,,Minden. dioc.,,archidiacon.,346,
Pavia,Pavien.,,eccl.,can.,76,
Pawlowice,Pawlowicze,Poznan. dioc.,par. eccl.,,338,
Pawlowo,Paulowo,Gnezn. dioc.,par. eccl.,,338,
Pegau,Pegauia,Merseb. dioc.,par. eccl.,,386,
Pegelow,Peghelow,Camin. dioc.,par. eccl.,,144,
Peilenstein,Peylenstayn,Aquil. dioc.,par. eccl.,,"24, 125",
Peine,Peyne,Hildesem. dioc.,par. eccl.,,264,
"Peisern, Pyzdry",Piseri,Poznan. dioc.,capel. s. Crucis e. m.,,293,
Pels,,Salzb. dioc.,par. eccl.,,78,
"Perchen, Perheim",,,,,,Bergheim
Perchim.,,,,,,Parchim
Perdingesleibin,,,,,,Pferdingsleben
Pereya,,,,,,Parey
Periber,,,,,,Piber
Perlach,,Frising. dioc.,par. eccl. s. Michaelis,,323,
Perleberg,Parleberge,Havelb. dioc.,par. eccl.,,"118, 142",
Pertersgaden,,,,,,Berchtesgaden
Perugia,Perusin.,,,domic.,21,
Pesznig,,,,,,Pössneck
Petersberg,Mons sancti Petri,Frising. dioc.,eccl. s. Petri,prepos.,15,
Petershausen,,,,,,Konstanz
S. Petri,,,,,,S. Pietro
Peuerbach,Pewrbach,Patav. dioc.,par. eccl.,,"290, 316",
Peylenstayn,,,,,,Peilenstein
Peyne,,,,,,Peine
Peyerreut,,,,,,Bayreuth
Pfaffenhofen,Phaffenhouen,August. dioc.,par. eccl.,,"26, 293",
Pfaffenschlag,Phaffenslag,Patav. dioc.,capel. s. Wolfgangi,,320,
Pfaffing,Weglastorf al. Pfaffing,Patav. dioc.,par. eccl.,,339,
Pfäffing,Pheffing,Patav. dioc.,par. eccl.,,151,
Pfaffmünster,Monasteriumclericorum,Ratisp. dioc.,eccl. s. Tiburtii,prep. et capit.,234,
Pfaffmünster,Monasteriumclericorum,Ratisp. dioc.,eccl. s. Tiburtii,can.,"40, 110",
Pfarrkirchen,Pharkirchen,Patav. dioc.,par. eccl.,,"94, 128",
Pfeffingen,,Basil. dioc.,par. eccl.,,252,
Pferdingsleben,Perdingesleibin,Ma-gunt. dioc.,par. eccl.,,135,
Pfin,Phin,Const. dioc.,par. eccl.,,233,
Pforta,Porta,Nuemb. dioc.,mon. Cist. ord.,abb.,"81, 281",
Pforta,Porta,Nuemb. dioc.,mon. Cist. ord.,conv.,281,
Phaffenhouen,,,,,,Pfaffenhofen
Phaffenslag,,,,,,Pfaffenschlag
Pharkirchen,,,,,,Pfarrkirchen
Pheffing,,,,,,Pfäffing
Phiiin,,,,,,Pfin
Piacenza,Placentin.,,,ep.,"69, 78, 114, 272, 340",
Piacenza,Placentin.,,hosp. paup.,,78,
Piber,"Periber, Pyber",Seccov. dioc.,par. eccl. s. Andree,,"152, 215, 258, 389",
S. Pietro,s. Petri ultra Ysontium (Isonzo),Aquil. dioc.,par. eccl.,,278,
Pingwen.,,,,,,Bingen
Pinka,Pincha,Salzb. dioc.,,flumen,324,
Pinkau,"Pucinaw, Pucinen.",Salzb. dioc.,par. eccl.,,"323, 324",
Pinkau,"Pucinaw, Pucinen.",Salzb. dioc.,,silva,324,
Piotrkow,Piotrkowia,Gnezn. dioc.,,plebanus,309,
Pirimons,,,,,,Pyhrn
Pisa,,,,concilium,"8, 16, 29, 39, 105, 171, 191, 239, 308, 336",
Pisa,,,,doctor,62,
Pisa,,,,civit.,141,
Piseri,,,,,,Peisern
Pistoja,Pistorien.,,eccl.,archidiacon.,63,
Pistoja,Pistorien.,,,dioc.,336,
Pistoja,Pistorien.,,,opid.,321,
Pitschen,Pitzcin,Wratisl. dioc.,par. eccl.,,113,
Pitschen,Pitzcin,Wratisl. dioc.,capel. s. Hedwigis,,113,
Placentin.,,,,,,Piacenza
Plaga,,,,,,Schlägl
Plass,Plas,Prag. dioc.,par. eccl. mon. Cist. ord.,,117,
Plassenburg,Plassenborg,Bamberg. dioc.,capel. in castrum,,103,
Platting,Pladling[en],Ratisp. dioc.,par. eccl.,,"110, 210",
Pittersdorf,"Blidersdorff, Blittersdorf",Argent. dioc.,,villa,"64, 333",
Plock,Plocen.,,,ep.,133,
Plock,Plocen.,,eccl.,dign.,338,
Plock,Plocen.,,eccl.,can.,"69, 232, 338",
Plock,Plocen.,,mon. b. Marie Magdalene Prem. ord.,prepos.,"5, 24",
Plock,Plocen.,,,presb.,102,
Plock,Plocen.,,,cler.,"5, 46, 244",
Plock,Plocen.,,,dioc.,338,
Plön,Ploen,Lubic. dioc.,,opid.,266,
Poditz,Bodicz,Aquil. dioc.,par. eccl. b. Margarete,,170,
Poel,Pole,Lubic. dioc.,par. eccl.,,154,
Polen,Polonia,,,rex,"5, 17, 46, 49, 69, 102, 133, 244, 272, 285, 289, 314, 332, 338, 357, 369",
Polen,Polonia,,,regina,288,
Polen,Polonia,,,regnum,"17, 21, 22, 51, 63, 67, 82, 261, 266, 277, 285, 386, 399",
Polling,Polngen,August. dioc.,mon. o. s. A.,prepos.,303,
Pomesanien,Pomezaniën.,,,ep. (el.),"19, 60, 270, 277, 293",
Pomesanien,Pomezaniën.,,eccl.,dign.,338,
Pomesanien,Pomezaniën.,,eccl.,can.,"19, 284, 338",
Pomesanien,Pomezaniën.,,eccl.,capit.,"19, 60, 277, 293",
Pomesanien,Pomezaniën.,,,cler.,"63, 293",
Pomesanien,Pomezaniën.,,,mil.,293,
Pommern,Pomerania,,,dux,"8, 9",
Ponigl,Ponikel,Aquil. dioc.,par. eccl. s. Martini,,"170, 321",
Pont-à-Mousson,Ponsmontionis al. Leodien.,Meten. dioc.,dom. s. Antonii o. s. A.,preceptor.,"60, 321",
Porrentruy (Ponrramtin),,,,,,Miserach
Porta,,,,,,Pforta
Portaceli,,,,,,Himmelsforte
Porto,Portuen.,,,ep.,"56, 108, 169, 184, 351",
Posen,Poznaniën.,,,ep. (el.),"39, 43, 49, 102, 103, 133, 198, 243, 249, 273, 288, 294, 307, 314, 338, 341, 366, 396, 398",
Posen,Poznaniën.,,,vic. episc.,"43, 249",
Posen,Poznaniën.,,,mensa episc.,"37, 49, 199",
Posen,Poznaniën.,,eccl.,prepos.,"43, 321, 341",
Posen,Poznaniën.,,eccl.,decan.,308,
Posen,Poznaniën.,,eccl.,cantor.,"43, 341",
Posen,Poznaniën.,,eccl.,can.,"39, 43, 49, 198, 222, 249, 282, 283, 294, 303, 307, 308, 309, 314, 333, 338, 397, 398",
Posen,Poznaniën.,,eccl.,capit.,"49, 199, 294, 321, 396",
Posen,Poznaniën.,,eccl.,vic.,"282, 283",
Posen,Poznaniën.,,eccl.,alt.,"243, 309, 341",
Posen,Poznaniën.,,par. eccl. s. Marie Magdalene,,282,
Posen,Poznaniën.,,,presb.,"69, 114",
Posen,Poznaniën.,,,cler.,63,
Posen,Poznaniën.,,,subcollect.,283,
Posen,Poznaniën.,,,scolar.,304,
Posen,Poznaniën.,,,mil.,332,
Posen,Poznaniën.,,,domic.,375,
Posen,Poznaniën.,,,com. palat.,332,
Posow,,,,,,Bosau
Pössneck,Pesznig,Magunt. dioc.,par. eccl.,,334,
Potzkow,,,,,,Patschkau
Pourramtrum,,,,,,Miserach
Poznan.,,,,,,Posen
Prag,,,,aep.,"41, 98, 218, 353, 364",
Prag,,,eccl.,prepos.,17,
Prag,,,eccl.,custod.,20,
Prag,,,eccl.,archidiacon.,284,
Prag,,,eccl.,dign.,"20, 308",
Prag,,,eccl.,can.,"20, 41, 48, 49, 98, 142, 247, 308",
Prag,,,eccl.,capit.,"41, 218, 353",
Prag,,,eccl.,alt.,"240, 352",
Prag,,,eccl. s. Appollinaris,can.,251,
Prag,,,eccl. Omniumsanctorum in castro,decan.,334,
Prag,,,capel. s. Mauritii in castro,,20,
Prag,,,mon. s. Georgii o. s. B. in castro,benef.,58,
Prag,,,mon. Strahouien. e. m.,abb.,9,
Prag,,,studium,,"58, 164, 334, 375, 385",
Prag,,,,presb.,"49, 190, 294, 313",
Prag,,,,cler.,286,
Prag,,,,provincia,"223, 365",
Prag,,,,dioc.,"17, 20, 99, 218",
Prag,,,,legatus,306,
Prag,,,,nuntius,364,
Prag,,,,armig.,385,
Prag,,,,mil.,149,
Prag,,,,baron.,30,
Pramberg,,,,,,Bramberg
Praunheim,Prumheym,Magunt. dioc.,par. eccl.,,203,
Preetz,Pretz,Lubic. dioc.,mon. o. s. B.,monial.,177,
Premontré,Premonstraten.,Laudun. dioc.,mon. Prem. ord.,abb.,76,
Prenestin.,,,,,,Palestrina
Prenzlau,Prem sloen.,Camin. dioc.,par. eccl.,,361,
Pretz,,,,,,Preetz
Preussen,Prusia,,,,"51, 63, 67, 70, 266, 272, 285, 322, 367, 369",
Prien,,Chiem. dioc.,par. eccl.,,160,
Prigantina silua,,,,,,Schwarzenberg
Priment,Przemanth,Poznan. dioc.,par. eccl. s. Andree,,357,
Priment,Przemanth,Poznan. dioc.,,civit.,357,
Prugk,,,,,,Bruck
Prüll,Pruel,Ratisp. dioc.,mon. s. Viti o. s. B.,abb.,125,
Prüm,Prumien.,Trev. dioc.,mon. o. s. B.,abb.,346,
Prumheim,,,,,,Praunheim
Pruntrut,,,,,,Miseras
Prusia,,,,,,Preussen
Przemanth,,,,,,Priment
Puchel,,,,,,Büchel
Puch,,,,,,Buch
Puchkirchen,,,,,,Buchkirchen
Pucinaw,,,,,,Pinkau
Purgstall,,,,,,Burgstall
Pusendorff,,,,,,Busendorf
Putten,,Traiect. dioc.,par. eccl.,,390,
Pyber,,,,,,Piber
Pyhrn,Pirmons,Patav. dioc.,par. eccl. s. Marie hospit.,,264,
Pyzdry,,,,,,Peisern
Quakenbrück,Quakenbrugghe,Osnab. dioc.,eccl.,vic.,64,
Quedlinburg,"Quedeleborghe, Quedelingborch",Halberst. dioc.,eccl. secul. s. Seruacii,abbat. et capit.,322,
Quedlinburg,"Quedeleborghe, Quedelingborch",Halberst. dioc.,eccl. secul. s. Seruacii,vic.,282,
Queron.,,,,,,Curland
Quinqueeclesien.,,,,,,Fünfkirchen
Raab,Rab,Patav. dioc.,par. eccl.,,97,
Raab,Rab,Salzb. dioc.,par. eccl. s. Ruperti,,146,
Raczach,,,,,,St. Ägyden b. Steinbrück
Rade,,Colon. dioc.,capel.,,241,
Radomierz,Magna Radomirz,Poznan. dioc.,,villa,357,
Radomsk,Radomske,Gnezn. dioc.,,civit.,358,
Raede,? Sgrauenraade,Traiect. dioc.,par. eccl.,,26,
Rambach,Vfderambach,Magunt. dioc.,capel. s. Alexii,,68,
Ramelsoh,Ramesloen.,Bremen. dioc.,eccl.,prep. et capit.,"322, 323",
Ramelsoh,Ramesloen.,Bremen. dioc.,eccl.,can.,236,
Ramelsoh,Ramesloen.,Bremen. dioc.,eccl.,alt.,286,
Ramersdorf,Ramelstorff,Frising. dioc.,,filial. eccl. b. Marie Virg.,323,
Ramsau,Romsow,Frising. dioc.,dom. ord. Herem.,,125,
Randena,,,,,,S. Vigilio
Rangleibin,,,,,,Ringleben
Ransdorp,Randorp,Traiect. dioc.,par. eccl.,,347,
Rassacen.,,,,,,Rosazzo
Ratibor,,Wratisl. dioc.,par. eccl.,,191,
Ratibor,,Wratisl. dioc.,,dux,191,
Ratibor,,Wratisl. dioc.,,civit.,191,
Ratingen,Ratinghen,Colon. dioc.,par. eccl.,,171,
Ratisponen.,,,,,,Regensburg
Ratzeburg,Razeburgen.,,,ep.,"172, 272, 275, 289, 312",
Ratzeburg,Razeburgen.,,eccl. (Prem. ord.),prior,172,
Ratzeburg,Razeburgen.,,eccl. (Prem. ord.),prepos.,"172, 235",
Ratzeburg,Razeburgen.,,eccl. (Prem. ord.),decan.,172,
Ratzeburg,Razeburgen.,,eccl. (Prem. ord.),can.,"9, 76, 77",
Ratzeburg,Razeburgen.,,eccl. (Prem. ord.),capit.,"172, 235, 272",
Ratzeburg,Razeburgen.,,,cler.,"285, 292, 346",
Ratzeburg,Razeburgen.,,,laici,"74, 134, 284, 351",
Raubach,Ruboch,Magunt. dioc.,par. eccl.,,292,
Raunheim,Ruwenheim,Magunt. dioc.,par. eccl.,,"315, 316, 398",
Rauschau,Rawsaw,Wratisl. dioc.,par. eccl.,,323,
Ravensburg,Rauenspurg,Const. dioc.,par. eccl. b. Marie,,"95, 96, 360",
Recklinghausen,Rellinchusen,Colon. dioc.,eccl.,prep. et capit.,103,
Rees,Reyssen.,Colon. dioc.,eccl. b. Marie,prepos.,"12, 372",
Rees,Reyssen.,Colon. dioc.,eccl. b. Marie,can.,"63, 346, 395",
Regalislutter,,,,,,Königslutter
Regen,,Patav. dioc.,par. eccl.,,187,
Regensburg,Ratisponen.,,,ep. (el.),"5, 27, 39, 40, 47, 87, 93, 110, 121, 185, 193, 234, 323, 328, 360, 395",
Regensburg,Ratisponen.,,,vic. in spirit.,401,
Regensburg,Ratisponen.,,eccl.,decan.,230,
Regensburg,Ratisponen.,,eccl.,scholast.,"27, 121",
Regensburg,Ratisponen.,,eccl.,dign.,311,
Regensburg,Ratisponen.,,eccl.,can.,"5, 27, 53, 75, 121, 183, 184, 185, 230, 238, 311, 367",
Regensburg,Ratisponen.,,eccl.,capit.,"40, 230, 323, 360",
Regensburg,Ratisponen.,,eccl.,diacon. chori,354,
Regensburg,Ratisponen.,,eccl.,alt. (capel.),"184, 193, 200",
Regensburg,Ratisponen.,,eccl. s. Johannis,can.,"40, 106, 230",
Regensburg,Ratisponen.,,eccl. b. Marie Veteriscapelle,prepos.,"88, 121, 184, 193, 323, 340",
Regensburg,Ratisponen.,,eccl. b. Marie Veteriscapelle,decan.,331,
Regensburg,Ratisponen.,,eccl. b. Marie Veteriscapelle,can.,"39, 56, 86, 200, 207, 331, 366",
Regensburg,Ratisponen.,,eccl. b. Marie Veteriscapelle,capit.,331,
Regensburg,Ratisponen.,,eccl. b. Marie Veteriscapelle,alt.,"48, 206",
Regensburg,Ratisponen.,,par. eccl. s. Emerami,,328,
Regensburg,Ratisponen.,,par. eccl. s. Ruperti,,385,
Regensburg,Ratisponen.,,mon. s. Emerami o. s. B.,abb. et conv.,"39, 210, 328",
Regensburg,Ratisponen.,,mon. s. Jacobi Scotorum,,"98, 102",
Regensburg,Ratisponen.,,mon. s. Jacobi Scotorum,monach.,102,
Regensburg,Ratisponen.,,mon. Inferiorismonasterii o. s. B.,abb. et conv.,"39, 93, 206",
Regensburg,Ratisponen.,,mon. Inferiorismonasterii o. s. B.,alt. in eccl.,206,
Regensburg,Ratisponen.,,mon. s. Pauli o. s. B.,abb. et conv.,39,
Regensburg,Ratisponen.,,mon. Superiorismonasterii o. s. B.,,323,
Regensburg,Ratisponen.,,mon. Superiorismonasterii o. s. B.,abb. et conv.,39,
Regensburg,Ratisponen.,,mon. Superiorismonasterii o. s. B.,summissaria,200,
Regensburg,Ratisponen.,,priorat. Consecratisanctipetri o. s. B. e. m.,,98,
Regensburg,Ratisponen.,,priorat. Consecratisanctipetri o. s. B. e. m.,prior,98,
Regensburg,Ratisponen.,,,presb.,"88, 161, 200, 222, 328, 354, 360, 367, 385, 395, 401",
Regensburg,Ratisponen.,,,cler.,"93, 106, 149, 210, 234, 284, 331, 367, 376, 385",
Regensburg,Ratisponen.,,,armig.,350,
Regensburg,Ratisponen.,,,mil. et domic.,"304, 395",
Regensburg,Ratisponen.,,,laici,286,
Reichenau,Augia maior,Const. dioc.,mon. o. s. B.,abb.,"8, 329, 371",
Reichenau,Augia maior,Const. dioc.,mon. o. s. B.,conv.,371,
Reichenbach,Richenbach,Magunt. dioc.,par. eccl.,,108,
Reichenbach,Richenbach,Misn. dioc.,eccl.,alt.,324,
Reichenbach,,Ratisp. dioc.,mon. Prem. ord.,abb. et conv.,39,
Reichenbach,,Ratisp. dioc.,mon. Prem. ord.,monach.,47,
Reichenfels,,Salzb. dioc.,par. eccl.,,152,
Reichersberg,Reichersperg,Patav. dioc.,mon. o. s. A.,,323,
Reifferscheid,Reyferscheit,Colon. dioc.,,baron.,63,
Reims,Remen.,,eccl.,scolast.,212,
Reims,Remen.,,eccl.,can.,"166, 212",
Reims,Remen.,,mon. s. Remigii o. s. B.,monach.,225,
Reims,Remen.,,,cler.,316,
Reims,Remen.,,,provincia,"21, 307",
Reims,Remen.,,,dioc.,335,
Rein,Runa,Salzb. dioc.,mon. ord. Pred.,abb.,6,
Reinbeck,Reynebeke,Bremen. dioc.,mon. o. s. B.,vic. in eccl.,40,
Reinfeld,Reyneulde,Lubic. dioc.,mon. s. Marie Virg. Cist. ord.,eccl.,326,
Reinpantz,,? Misn. dioc.,par. eccl.,,92,
Reinsdorp,,,,,,Rheindorf
Reissing,Reussingen,Ratisp. dioc.,par. eccl.,,119,
Reitnau,,,,,,Unter-Reitnau
Rellinchusen,,,,,,Recklinghausen
Remen.,,,,,,Reims
Remich,,Trev. dioc.,par. eccl.,,166,
Reminghem,,,,,,Egmond
Remiremont,de Romaricomonte,Tul-len. dioc.,mon. s. Petri o. s. B.,abb. et conv.,252,
Rempsdorp,,,,,,Rengsdorf
St. Remy,,Remen. dioc.,mon. s. Remigii o. s. B.,,298,
Rendena-Tal,,,,,,S. Vigilio
Rene,,,,,,Rheine
Rengsdorf,? Rempsdorp,Colon. dioc.,par. eccl.,,241,
Rensefeld,Renseulde,Lubic. dioc.,par. eccl.,,198,
Renus,,,,,,Rhein
Ret,,,,,,Ried
Reussingen,,,,,,Reissing
Reutlingen,"Rudlingna, Rutlingen",Const. dioc.,par. eccl.,,93,
Reutlingen,"Rudlingna, Rutlingen",Const. dioc.,,opid.,111,
Reval,Ryual.,,,dioc.,67,
Reyferscheit,,,,,,Reifferscheid
"Reynborch, Reynsburch",,,,,,Rijnsburg
Reynebeke,,,,,,Reinbeck
Reyneulde,,,,,,Reinfeld
Reyssen.,,,,,,Rees
Rhein,Renus,,,flumen,"179, 333",
Rhein,Renus,,,comes palat.,"81, 91",
Rheindorf,Reinsdorp,Colon. dioc.,par. eccl.,,182,
Rheine,Rene,Monast. dioc.,par. eccl.,,"215, 327",
Rheinheim,Rinhem,Const. dioc.,par. eccl.,,340,
Rhodos,Rodus,Colocen. dioc.,eccl. s. Johannis,,10,
Rhodos,Rodus,Colocen. dioc.,capel. b. Catherine,,"11, 101",
Rhyner,Ryneren,Colon. dioc.,par. eccl. s. Willibordi,,344,
Ribnitz,"Ribnis, Ribenitze",Zwerin. dioc.,capel. s. Spiritus,,91,
Ribnitz,"Ribnis, Ribenitze",Zwerin. dioc.,mon. o. s. Clare,,61,
Richenbach,,,,,,Reichenbach
Ried,"Ryet, Ret al. Czel",Eystet. dioc.,par. eccl.,,92,
Riedern,Rider,Const. dioc.,mon. o. s. A.,can.,312,
Riga,,,,aep.,189,
Riga,,,,cler.,399,
Riga,,,,collector,"66, 194, 226, 267",
Riga,,,,subcollect.,148,
Rijnsburg,"Reynborch, Reynsburch",Traiect. dioc.,mon. o. s. B.,abb. et conv.,"58, 336",
Rimini,Arimin.,,,civit.,13,
Ringleben,"Rinckeleibin, Rangleibin, Ringleidin",Magunt. dioc.,par. eccl.,,"339, 343, 344",
Rinhem,,,,,,Rheinheim
Rinkerode,Rinkenrade,Monast. dioc.,par. eccl.,,156,
Ripen,,,,ep.,307,
Ripen,,,eccl.,prepos.,48,
Ripen,,,eccl.,can.,48,
Ripen,,,hosp. paup.,,48,
Ripen,,,,dioc.,140,
Ristelbach,,Bamberg. dioc.,par. eccl. s. Jacobi,,159,
Rizessotharzow,,,,,,Rzerzotarzow
Rochatz,,,,,,Rohitsch
Roden.,,,,,,Odenrode
Rodenberg,Rodemberg,Magunt. dioc.,eccl. b. Marie,can.,394,
Rodenberg,Rodemberg,Magunt. dioc.,eccl. b. Marie,vic.,243,
Rodolfftorff,,,,,,Ruhldorf
Rodus,,,,,,Rhodos
Roermund,Ruremunden.,Leod. dioc.,eccl. s. Spiritus,prepos.,176,
Roermund,Ruremunden.,Leod. dioc.,eccl. s. Spiritus,scholast.,176,
Roermund,Ruremunden.,Leod. dioc.,eccl. s. Spiritus,can.,176,
Roeskilde,Roskilden.,,,ep.,124,
Roeskilde,Roskilden.,,,mensa episc.,124,
Roeskilde,Roskilden.,,,cler.,323,
Roeskilde,Roskilden.,,,dioc.,140,
Roeskilde,Roskilden.,,,laici,74,
Rohitsch,"Rohacz, Rochatz",Aquil. dioc.,par. eccl. s. Crucis,,"170, 228",
Rohrbach,"Rorbach, Rorenbach",Patav. dioc.,par. eccl. s. Michaelis,,"26, 200, 327, 359",
Rohrdorf,Rordorf,Const. dioc.,par. eccl.,,59,
Rom,"Roma, Vrbs",,eccl. s. Marie maioris,can.,336,
Rom,"Roma, Vrbs",,eccl. ss. Petri et Pauli,,305,
Rom,"Roma, Vrbs",,mon. s. Pauli e. m.,,306,
Rom,"Roma, Vrbs",,mon. s. Pauli e. m.,monach.,299,
Rom,"Roma, Vrbs",,,priorat. s. Johannes Ierosol.,53,
Rom,"Roma, Vrbs",,hosp. paup. b. Marie de Anima Theutonicorum,,362,
Rom,"Roma, Vrbs",,hosp. paup. in Arenula,,212,
Rom,"Roma, Vrbs",,,domus,25,
Rom,"Roma, Vrbs",,,civit.,"81, 87, 207, 288, 307, 336",
de Romaricomonte,,,,,,Remiremont
Römhild,Altenromhilt,Herbipol. dioc.,capel. s. Petri,,154,
Romsow,,,,,,Ramsau
"Rorbach, Rorenbach",,,,,,Rohrbach
Rordorf,,,,,,Rohrdorf
Rosazzo,"Rassacen., Rosacen.",Aquil. dioc.,mon. s. Petri,,39,
Roskild.,,,,,,Roeskilde
Rossdorf,"Rostorf, Rustorf",Magunt. dioc.,dom. s. Antonii,precept.,"21, 25, 176, 222, 228, 308, 310, 327",
Rossdorf,"Rostorf, Rustorf",Magunt. dioc.,dom. s. Antonii,can.,"16, 176, 222, 327",
Rossdorf,"Rostorf, Rustorf",Magunt. dioc.,dom. s. Antonii,vic. in eccl.,228,
"Rosseueld, Rosuelde",,,,,,Harsefeld
Rossthal,Rostal,Herbipol. dioc.,par. eccl.,,126,
Rostock,"Rostoknen., Rostoccen.",Zwerin. dioc.,,archidiacon.,"160, 224, 283",
Roth,"Rot, Munichroet, Minchrot",Const. dioc.,par. eccl.,,32,
Roth,"Rot, Munichroet, Minchrot",Const. dioc.,mon. Prem. ord.,,261,
Roth,"Rot, Munichroet, Minchrot",Const. dioc.,mon. Prem. ord.,abb. et conv.,"188, 257",
Rothenburg,"Rottenburg, Rotemburg",Const. dioc.,par. eccl.,,297,
Rotterdam,Roterdam,Traiect. dioc.,par. eccl.,,"26, 180",
Rottweil,Rotwil,Const. dioc.,capel. Gloriose Marie Virg.,,328,
Rottweil,Rotwil,Const. dioc.,,"curia et par. eccl. in Arnoldshof (Arnoleshoff, Arnoltzhoff)",328,
Rottweil,Rotwil,Const. dioc.,,judicium imper.,111,
Rottweil,Rotwil,Const. dioc.,,civit.,328,
Rouen,Rothomag.,,,provincia,21,
Rozmiszewo,,Poznan. dioc.,par. eccl.,,26,
Rubiacum,,,,,,Ruffach
Ruboch,,,,,,Raubach
Ruda,,Gnezn. dioc.,eccl. s. Marie,can.,37,
Rüdesheim,"Rudensheim, Rudeshem",Magunt. dioc.,par. eccl.,,"100, 116, 117, 120",
Rudlingna,,,,,,Reutlingen
Ruette,Rutten,Leod. dioc.,eccl. s. Marie,can.,7,
Ruffach,Rubiacum,Basil. dioc.,mon. s. Valentini o. s. B.,prior,"219, 313",
Rügheim,Rughem,Herbipol. dioc.,par. eccl.,,302,
Ruhldorf,"wüst in Hessen, Rodolfftorff",Magunt. dioc.,capel.,,288,
Ruiti,,,,,,Rüti
Runa,,,,,,Rein
Runcoda,,,,,,Brixen
St. Rupert,prope Sauam [Save],Aquil. dioc.,par. eccl. s. Ruperti,,"46, 242",
Ruppin,,Havelb. dioc.,,prepos. ruralis,239,
Ruremunden.,,,,,,Roermund
Russbach,Ruspach,Patav. dioc.,par. eccl. s. Valentini,,"153, 245, 401",
Russland,Russia,,,,47,
Rusteberg,,Magunt. dioc.,,castrum,296,
Rustorf,,,,,,Rossdorf
Rüti,"Ruiti, Ruthin",Const. dioc.,mon. Prem. ord.,,331,
Rutlingen,,,,,,Reutlingen
Rutten,,,,,,Ruette
Rüttgen,Rutghen,Meten. dioc.,capel. ultima in castro,,283,
Ruwenheim,,,,,,Raunheim
Ryet,,,,,,Ried
Ryneren,,,,,,Rhynern
Ryual,,,,,,Reval
Rzeszotarzow,"Rzesotarzowo, Rizessotharzow",Gnezn. dioc.,par. eccl. s. Andree,,"232, 338",
Saar,Sora,Argent. dioc.,,flumen,179,
Saarburg,Sarburgum,Meten. dioc.,,archidiacon. ruralis,80,
Sabina,Sabinen.,,,ep.,"173, 240, 274, 298",
Sachsen,Saxonia,,,provincia ord. Montecarmelit.,332,
Sachsen,Saxonia,,,dux,"40, 146, 192, 270, 295, 329, 335",
Sachsen,Saxonia,,,ducissa,"329, 335",
Sachsen,Saxonia,,,com. palat.,13,
Sachsen,Saxonia,,,dominium,"266, 329",
Säckingen,"Sekingen, Selkinghen",Const. dioc.,eccl.,abbat.,361,
Säckingen,"Sekingen, Selkinghen",Const. dioc.,eccl.,decan.,155,
Säckingen,"Sekingen, Selkinghen",Const. dioc.,eccl.,can.,"94, 155",
Säckingen,"Sekingen, Selkinghen",Const. dioc.,eccl.,capit.,"155, 361",
Sagan,"Saganum, Sagona",Wratisl. dioc.,mon. s. Marie o. s. A.,,26,
Sagan,"Saganum, Sagona",Wratisl. dioc.,,dux,192,
Salem,,Const. dioc.,mon. Cist. ord.,abb. et conv.,89,
Salem,,Const. dioc.,mon. Cist. ord.,monach.,196,
Salina,,,,,,"Gross-Salze, Hallein"
Sallern,"Saller, Saler",Ratisp. dioc.,par. eccl.,,230,
Salsz,,,,,,Selz
Salzburg,"Salzeburg., Salseburg., Saltzeburg Saresburgh [?]",,,aep.,"11, 22, 46, 58, 89, 103, 112, 129, 150, 151, 209, 223, 238, 324, 333, 339, 364, 365",
Salzburg,"Salzeburg., Salseburg., Saltzeburg Saresburgh [?]",,eccl.,,323,
Salzburg,"Salzeburg., Salseburg., Saltzeburg Saresburgh [?]",,eccl.,capit.,"58, 112, 150, 151, 339",
Salzburg,"Salzeburg., Salseburg., Saltzeburg Saresburgh [?]",,capel. s. Andree,,"22, 26",
Salzburg,"Salzeburg., Salseburg., Saltzeburg Saresburgh [?]",,,presb.,"112, 129, 146, 211, 260, 262, 287, 291, 352, 353",
Salzburg,"Salzeburg., Salseburg., Saltzeburg Saresburgh [?]",,,cler.,"9, 17, 30, 46, 48, 61, 78, 146, 161, 205, 227, 234, 238, 275, 375",
Salzburg,"Salzeburg., Salseburg., Saltzeburg Saresburgh [?]",,,provincia,"119, 223, 365",
Salzburg,"Salzeburg., Salseburg., Saltzeburg Saresburgh [?]",,,dioc.,146,
Salzburg,"Salzeburg., Salseburg., Saltzeburg Saresburgh [?]",,,legatus,306,
Salzburg,"Salzeburg., Salseburg., Saltzeburg Saresburgh [?]",,,nuntius,364,
Salzburg,"Salzeburg., Salseburg., Saltzeburg Saresburgh [?]",,,collector,365,
Salzburg,"Salzeburg., Salseburg., Saltzeburg Saresburgh [?]",,,subcollect.,278,
Salzburg,"Salzeburg., Salseburg., Saltzeburg Saresburgh [?]",,,offic.,"22, 275",
Salzburg,"Salzeburg., Salseburg., Saltzeburg Saresburgh [?]",,,armig.,"54, 74, 110, 128, 277, 290, 335",
Salzburg,"Salzeburg., Salseburg., Saltzeburg Saresburgh [?]",,,mil.,"61, 363",
Salzburg,"Salzeburg., Salseburg., Saltzeburg Saresburgh [?]",,,domic.,261,
Salzburg,"Salzeburg., Salseburg., Saltzeburg Saresburgh [?]",,,opid.,"22, 363",
Salzburg,"Salzeburg., Salseburg., Saltzeburg Saresburgh [?]",,,laici,"78, 90, 107, 232",
Salzburg,"Salzeburg., Salseburg., Saltzeburg Saresburgh [?]",,,civit.,259,
Sambach,Sampach,Magunt. dioc.,par. eccl.,,211,
Samerde,,,,,,Sömmerda
Samland,Sambien.,,,el.,163,
Samland,Sambien.,,eccl.,,164,
Samland,Sambien.,,,cler.,"42, 125",
Samland,Sambien.,,,opid.,202,
de Sanctoamerino,,,,,,St. Amerin
de Sanctoarnuale,,,,,,St. Arnual
de Sanctoaudomaro,,,,,,St. Omer
de Sanctodaniele,,,,,,St. Daniel
de Sanctodeodato,,,,,,St. Dié
de Sanctodionisio,,,,,,"St. Denis, St. Dionysen"
de Sanctoermachore,,,,,,Hermagor
de Sanctofloriano,,,,,,St. Florian
Sanctogallo,,,,,,St. Gallen
de Sanctolamberto,,,,,,St. Lambert
de Sanctomichaele,,,,,,St. Michel
de Sancto Michaele,,,,,,St. Mihiel
de Sanctonabore,,,,,,St. Avold
"Sandomirz, Sendomir",Sandomirien.,Cracov. dioc.,eccl.,can.,338,
Saneyeum,,? Meten. dioc.,par. eccl.,,294,
Sanskau,Sanczkowo,Poznan. dioc.,,villa,357,
Sarau,Zarow,Lubic. dioc.,par. eccl.,,148,
Sarburgum,,,,,,Saarburg
Sarentina,,,,,,Sarnthein
Sarepta,,,,ep.,363,
Saresburgh,,,,,,Salzburg
Sarleinsbach,? Scherlempach,Patav. dioc.,capel. b. Marie,,364,
Sarnthein,Sarentina,Trident. dioc.,par. eccl. s. Marie,,138,
Sarstedt,Tzerstede,Hildesem. dioc.,,archidiacon.,264,
Sasbach,Saspach,Const. dioc.,par. eccl.,,"97, 227",
Saue,,,,,,St. Rupert
Saxonia,,,,,,Sachsen
Scarphout,,,,,,Blankenberghe
Scherzheim,,,,,,Scherzheim
Schaleck,Schalach,Aquil. dioc.,par. eccl.,,"24, 125",
Scharrrachbergheim,Scharrochbergheim,Argent. dioc.,par. eccl.,,371,
Scheessel,Scheslo,Verden. dioc.,,archidiacon.,44,
Scheiern,"Scheyrn, Scheyren",Frising. dioc.,mon. o. s. B.,,"7, 26, 245",
Scherlempach,,,,,,Sarleinsbach
Scherzheim,"Schertzheim, Scerzheim",Argent. dioc.,par. eccl.,,"200, 341",
Schienen,Sinna,Const. dioc.,par. eccl.,,26,
Schienen,Sinna,Const. dioc.,mon. o. s. B.,,26,
Schildesche,Schildessche,Padeb. dioc.,eccl.,prepos.,400,
Schildesche,Schildessche,Padeb. dioc.,eccl.,diacon.,400,
Schkeuditz,Schudicz,Merseb. dioc.,par. eccl.,,346,
Schlägl,Plaga,Patav. dioc.,mon. s. Marie Prem. ord.,,26,
Schlesien,"Silesia, Slesia, Slezia",,,dux,"50, 81, 82, 192, 232, 260, 286, 392",
Schlesien,"Silesia, Slesia, Slezia",,,ducissa,"81, 192",
Schleswig,Sleswicen.,,,ep.,"48, 190",
Schleswig,Sleswicen.,,eccl.,archidiacon.,11,
Schleswig,Sleswicen.,,eccl.,can.,"11, 48",
Schleswig,Sleswicen.,,,dioc.,140,
Schleswig,Sleswicen.,,,collector,"190, 194, 226",
Schleswig,Sleswicen.,,,subcollect.,236,
Schleswig,Sleswicen.,,,dux,60,
Schleswig,Sleswicen.,,,ducissa,190,
Schleswig,Sleswicen.,,,armig.,"113, 190, 337",
Schleswig,Sleswicen.,,,mil.,"143, 190, 337",
Schleswig,Sleswicen.,,,ducatus,337,
Schlettstadt,Sletzstad,Argent. dioc.,par. eccl.,,202,
Schlicht,Slucht,Ratisp. dioc.,par. eccl.,,"75, 86",
Schliersee,Sliers,Frising. dioc.,eccl. s. Sixti,prepos.,170,
Schluchsee,Slose,Argent. dioc.,par. eccl.,,64,
Schluchsee,Slose,Argent. dioc.,mon. o. s. B.,abb. et conv.,64,
Schmedehausen,Smedehusen [Monast. dioc. ?],,par. eccl.,,151,
Schnaitsee,Snaitsee,Salzb. dioc.,par. eccl.,,275,
Schnaittach,Sneytach,Bamberg. dioc.,,canon,61,
Schnersheim,Snerscheim,Argent. dioc.,par. eccl.,,256,
Schönberg,Schonenberg,Razel. dioc.,par. eccl.,,312,
Schöningen,Schoningen,Hildesem. dioc.,capel. b. Marie,,56,
Schöntal,Schoental,Basil. dioc.,mon. o. s. B. (ord. Serv. s. Marie),,332,
Schopfheim,Schopfhem,Const. dioc.,par. eccl.,,155,
Schudicz,,,,,,Schkeuditz
Schulpforta,,,,,,Pforta
Schuttern,Schuttera,Argent. dioc.,mon. o. s. B.,abb. et conv.,333,
Schwabhausen,Swabenhuse,Magunt. dioc.,par. eccl.,,"150, 151",
Schwäbisch-Hall,Hall,Herbipol. dioc.,par. eccl. s. Michaelis,,269,
Schwabstedt,Swauestede,Sleswic. dioc.,eccl.,vic.,375,
Schwarzach a. M,"Zwarzach, Swartzach",Herbipol. dioc.,mon. o. s. B.,abb.,"80, 281",
Schwarzach a. Rh,Swartzach,Argent. dioc.,mon. o. s. B.,,341,
Schwarzach a. Rh,Swartzach,Argent. dioc.,mon. o. s. B.,abb. et conv.,335,
Schwarzach,Swartzach,Salzb. dioc.,par. eccl. s. Johannis bapt.,,112,
Schwarzburg,Swartzpurg,,,comes,186,
Schwarzenberg,Swarczenberg in Siluaprigantina (Bregenzer Wald),Const. dioc.,par. eccl.,,201,
Schwarzhof,Czarnotzin,Gnezn. dioc.,par. eccl.,,291,
Schwarzwald,,,,,,St. Blasien
Schwebenried,Swebriet,Herbipol. dioc.,par. eccl.,,121,
Schweden,Suecia,,,regnum,"21, 146, 267",
Schweidnitz,Swidenicz,Wratisl. dioc.,par. eccl. s. Wenceslai,,"18, 186, 276",
Schweidnitz,Swidenicz,Wratisl. dioc.,capel. s. Laurentii e. m.,,186,
Schwerin,"Zwerin., Swerin.",,,ep.,"95, 272",
Schwerin,"Zwerin., Swerin.",,eccl.,prepos.,226,
Schwerin,"Zwerin., Swerin.",,eccl.,archidiacon.,95,
Schwerin,"Zwerin., Swerin.",,eccl.,decan.,"172, 330",
Schwerin,"Zwerin., Swerin.",,eccl.,can.,"32, 91, 160, 172, 226, 256, 283, 390",
Schwerin,"Zwerin., Swerin.",,eccl.,capit.,"95, 272",
Schwerin,"Zwerin., Swerin.",,eccl.,vic.,235,
Schwerin,"Zwerin., Swerin.",,,presb.,"145, 226",
Schwerin,"Zwerin., Swerin.",,,cler.,"144, 290, 292",
Schwerin,"Zwerin., Swerin.",,,armig.,"144, 195",
Schwerin,"Zwerin., Swerin.",,,mil.,144,
Schwerin,"Zwerin., Swerin.",,,laici,74,
Schwetz,Zwetzko,Poznan. dioc.,par. eccl.,,63,
Sconingen,,,,,,Schönigen
Searbimirzicze,,Gnezn. dioc.,par. eccl.,,294,
Seccow,,,,,,Sekkau
"Seck, Seckbach",,,,,,Sonsbeck
Sedunen.,,,,,,Sitten
Seefelden,Seulden,Const. dioc.,par. eccl.,,100,
Seeland,"Zelandia, Zallandia",,,comes,"31, 271",
Seeland,"Zelandia, Zallandia",,,terra,145,
Seeon,Sewn,Salzb. dioc.,mon. s. Lamperti o. s. B.,,333,
Seeon,Sewn,Salzb. dioc.,mon. s. Lamperti o. s. B.,abb.,"110, 334",
Seeon,Sewn,Salzb. dioc.,mon. s. Lamperti o. s. B.,conv.,110,
Seeon,Sewn,Salzb. dioc.,mon. s. Lamperti o. s. B.,capel. in ambitu,334,
Seger,Segoria,,,comes,"118, 170",
Seitenstetten,Seytensteden,Patav. dioc.,mon. o. s. B.,abb. et conv.,213,
Seitsch,Cicz,Wratisl. dioc.,par. eccl.,,263,
"Sekingen, Selkinghen",,,,,,Säckingen
Sekkau,Seccow.,,,ep.,182,
Sekkau,Seccow.,,eccl. o.s.A.,prepos.,359,
Sekkau,Seccow.,,eccl. o.s.A.,archidiacon.,359,
Sekkau,Seccow.,,eccl. o.s.A.,can.,359,
Sekkau,Seccow.,,eccl. o.s.A.,capit.,359,
Sekkau,Seccow.,,par. eccl. s. Stephani,,333,
Sekkau,Seccow.,,,armig.,91,
Selent,Zelente,Lubic. dioc.,eccl.,vic.,375,
Selz,"Selsz, Salsz",Argent. dioc.,mon. s. Adelheydis o. s. B.,,333,
Selz,"Selsz, Salsz",Argent. dioc.,mon. s. Adelheydis o. s. B.,abb. et conv.,191,
Senasburgh,,,,,,Sensburg
Sendomir,,,,,,Sandomirz
Senen.,,,,,,Siena
Sens,Senon.,,,provincia,21,
Sensburg,Senasburgh,Gnezn. dioc.,eccl. s. Nicolai,can.,"80, 112",
Sept,,Basil. dioc.,par. eccl.,,237,
Serlingoszdorff,,? Argent. dioc.,par. eccl.,,73,
Seulden,,,,,,Seefelden
Sewastopol,Sevastopol.,,,ep.,281,
Sewn,,,,,,Seeon
Sexau,Sexowe,Const. dioc.,par. eccl.,,43,
Sgrauenraade,,,,,,Raede
Sibergen.,,,,,,Siegberg
Sidon,Sydonien.,,,ep.,348,
Siebenbronn,Sunbronnen,August. dioc.,eccl.,primaria,88,
Siebenbronn,Sunbronnen,August. dioc.,capel. Amatoris Trium Regum,,88,
Siegberg,"Sibergen., Syberg.",Colon. dioc.,mon. o. s. B.,,313,
Siegberg,"Sibergen., Syberg.",Colon. dioc.,mon. o. s. B.,abb. et conv.,393,
Siena,Senen.,,mon. s. Michaelis,abb.,373,
Siena,Senen.,,,civit.,13,
Sieradz,Syradia,Gnezn. dioc.,par. eccl.,,283,
Sierning,Syernick,Patav. dioc.,par. eccl.,,24,
Signen.,,,,,,Zengg
Sigolsheim,Sigoltzheim,Basil. dioc.,par. eccl.,,236,
Silesia,,,,,,Schlesien
Siluaprigantina,,,,,,Schwarzenberg
Simbalien,,,,ep.,355,
Sinna,,,,,,Schienen
Sinnich,Zinnich,Leod. dioc.,mon. o. s. A.,monial.,108,
Sinzig,Zynsich,Colon. dioc.,par. eccl.,,183,
Sion bei Morschheim,Syon,Magunt. dioc.,mon. Cist. ord.,benef. in eccl.,"79, 286",
Sipperhausen,Syprigehusen,Magunt. dioc.,par. eccl.,,317,
Sipplingen,,Const. dioc.,par. eccl.,,371,
Sittard,Zitterden.,Leod. dioc.,eccl.,cantor.,166,
Sittard,Zitterden.,Leod. dioc.,eccl.,can.,166,
Sittard,Zitterden.,Leod. dioc.,eccl.,capit.,166,
Sitten,Sedunen.,,,ep.,370,
Sitten,Sedunen.,,eccl.,capit.,"333, 370",
Sitten,Sedunen.,,hosp. paup.,,179,
Sitten,Sedunen.,,,presb.,241,
Sitten,Sedunen.,,,collector,370,
Sittich,Sitich,Aquil. dioc.,mon. Cist. ord.,abb.,"6, 307",
Slawien,Slauia inferior,,,princeps,"60, 192",
"Slesia, Slezia",,,,,,Schlesien
Sleswicen.,,,,,,Schleswig
Sletzstaden.,,,,,,Schlettstadt
Sliers,,,,,,Schliersee
Slose,,,,,,Schluchsee
Slucht,,,,,,Schlicht
Smedburg,,Wratisl. dioc.,,advocatus,195,
Smedehusen,,,,,,Schmedehausen
Snaitsee,,,,,,Schnaitsee
Snerscheim,,,,,,Schnersheim
Sneytach,,,,,,Schnaittach
Sobotka,Sobothka,Gnezn. dioc.,par. eccl.,,199,
Soest,"Susacien., Susazien., Suzacien.",Colon. dioc.,eccl. s. Patrocli,prepos.,"12, 241",
Soest,"Susacien., Susazien., Suzacien.",Colon. dioc.,eccl. s. Patrocli,can.,"27, 159, 162",
Soest,"Susacien., Susazien., Suzacien.",Colon. dioc.,eccl. s. Patrocli,capel.,"172, 254, 392",
Soldin,,Camin. dioc.,eccl.,prepos.,86,
Soldin,,Camin. dioc.,eccl.,can.,86,
Solec,Solecz,Poznan. dioc.,eccl. filial. s. Adalberti,,102,
in Solio,,,,,,Maria Saal
Solothurn,Solodoren.,Lausan. dioc.,eccl. s. Ursi,prepos.,208,
Solothurn,Solodoren.,Lausan. dioc.,eccl. s. Ursi,can.,208,
Sömmerda,"Samerde, Maior Somerde",Magunt. dioc.,par. eccl. s. Petri,,"16, 175",
Sonderhofen,Sunderhofen,Herbipol. dioc.,par. eccl.,,167,
Sonsbeck,"Sonsbeke, Seckbech, Seck",Colon. dioc.,par. eccl.,,"25, 117, 118",
Sora,,,,,,Saar
Sossmar,Zosserim,Hildesem. dioc.,par. eccl.,,250,
Spalt,,Eystet. dioc.,eccl. s. Nicolai Nouicolegii,,337,
Spalt,,Eystet. dioc.,eccl. s. Nicolai Nouicolegii,decan.,"122, 194",
Spalt,,Eystet. dioc.,eccl. s. Nicolai Nouicolegii,can.,"122, 194",
Spalt,,Eystet. dioc.,eccl. s. Nicolai Nouicolegii,capit.,194,
Spanbroek,Spanbroec,Traiect. dioc.,par. eccl.,,232,
Spanheim,,,,,,Spohnheim
Speier,Spiren.,,,ep.,"8, 271",
Speier,Spiren.,,eccl.,prepos.,"8, 337",
Speier,Spiren.,,eccl.,can.,"65, 66, 345",
Speier,Spiren.,,eccl.,capit.,8,
Speier,Spiren.,,eccl. s. Germani e. m.,can.,287,
Speier,Spiren.,,eccl. s. Germani e. m.,capit.,287,
Speier,Spiren.,,eccl. s. Trinitatis,can.,"108, 134, 205",
Speier,Spiren.,,eccl. s. Widonis,vic.,73,
Speier,Spiren.,,capel. s. Christofori,,134,
Speier,Spiren.,,dom. fr. ord. Pred.,,176,
Speier,Spiren.,,,cler.,"67, 73, 108, 224, 386, 389, 391, 394",
Speier,Spiren.,,,dioc.,337,
Speier,Spiren.,,,subcollect.,391,
Speier,Spiren.,,,civit.,337,
Spetilwalt,,Wratisl. dioc.,,silva,281,
Spicimiersz,Spicimirz,Gnezn. dioc.,par. eccl.,,338,
Spitz,,Patav. dioc.,par. eccl. s. Mauritii,,337,
Spohnheim,Spanheim,,,comes,242,
Srzem,,Poznan. dioc.,,archidiacon.,397,
Stablo,Stabulen.,Leod. dioc.,mon. s. Remacli o. s. B.,abb. et conv.,145,
Staddawert,,? Traiect. dioc.,par. eccl.,,337,
Stade,,Bremen. dioc.,eccl. ss. Cosme et Damiani,vic.,8,
Stade,,Bremen. dioc.,capel. s. Nicolai,,216,
Stade,,Bremen. dioc.,capel. s. Spiritus,,72,
Stain,,,,,,Stein
Stain(a)kirchen,,,,,,Steinkirchen
Stalburg,,,,,,Stolberg
Stams,Stamcz al. Andgardaw,Brixin. dioc.,par. eccl.,,18,
Stams,Stamcz al. Andgardaw,Brixin. dioc.,mon. s. Johannis Cist. ord.,abb.,191,
Stargard,"Nouumstargard, Stargardia",Camin. dioc.,eccl. s. Johannis,vic.,105,
Stargard,"Nouumstargard, Stargardia",Camin. dioc.,eccl. b. Marie et s. Johannis bapt.,vic.,"144, 147",
Stargard,"Nouumstargard, Stargardia",Camin. dioc.,capel. s. Georgii e. m.,,144,
Stargard,"Nouumstargard, Stargardia",Camin. dioc.,par. eccl.,,238,
Stargard,"Nouumstargard, Stargardia",Camin. dioc.,,opid.,144,
Stayn,,,,,,Stein
Stedten,Steten.,Magunt. dioc.,capel. s. Wiperti,,149,
Steenkerke,Steynkerken,Leod. dioc.,par. eccl.,,177,
Steiermark (Stiria),,,,,,Bruck
Steimke,Stenbeke,Bremen. dioc.,par. eccl.,,175,
Stein,Stain,Aquil. dioc.,par. eccl. s. Marie,,"242, 321, 337",
Stein,"Stayn, Stain",Patav. dioc.,par. eccl. s. Nicolai,,"74, 120, 199",
(Unter-)Steinach,Inferiorsteinach,Bamberg. dioc.,par. eccl.,,99,
Steinfeld,Steynfelden.,Colon. dioc.,mon. Prem. ord.,abb.,76,
Steinkirchen,"Steinakirchen, Sthainakirchen",Patav. dioc.,par. eccl.,,"234, 365, 366",
Stellasanctemarie,,,,,,Marienstern
Stenbeke,,,,,,Steimke
Stendal,,Halberst. dioc.,eccl. s. Nicolai,,338,
Stendal,,Halberst. dioc.,eccl. s. Nicolai,prepos.,151,
Stendal,,Halberst. dioc.,eccl. s. Nicolai,decan.,342,
Stendal,,Halberst. dioc.,eccl. s. Nicolai,can.,"18, 275, 342, 349",
Stendal,,Halberst. dioc.,eccl. s. Nicolai,capit.,151,
Steten.,,,,,,Stedten
Stettin,Stetinen.,Camin. dioc.,eccl. b. Marie,prepos.,361,
Stettin,Stetinen.,Camin. dioc.,eccl. b. Marie,scholast.,292,
Stettin,Stetinen.,Camin. dioc.,eccl. b. Marie,can.,"84, 147, 292, 361",
Stettin,Stetinen.,Camin. dioc.,eccl. b. Marie,capit.,341,
Stettin,Stetinen.,Camin. dioc.,eccl. b. Marie,vic.,105,
Stettin,Stetinen.,Camin. dioc.,eccl. s. Ottonis,can.,"135, 361",
Stettin,Stetinen.,Camin. dioc.,eccl. s. Ottonis,capit.,341,
Stettin,Stetinen.,Camin. dioc.,par. eccl. s. Jacobi,,84,
Stettin,Stetinen.,Camin. dioc.,mon. s. Marie Magdalene e. m.,vic. in eccl.,84,
Stettin,Stetinen.,Camin. dioc.,,dux,"341, 361",
Stettin,Stetinen.,Camin. dioc.,,opid.,220,
Steynkerken,,,,,,Steenkerke
Sthainakirchen,,,,,,Steinkirchen
Stockholm,,,dom. fr. ord. Pred.,,179,
Stolberg,Stalburg,Misn. dioc.,par. eccl.,,"27, 223",
Stolberg,Stalburg,Misn. dioc.,,civit.,27,
Stolberg,Stalburg,Misn. dioc.,,castrum,27,
Stolpe,Stolp,Camin. dioc.,mon. Cist. ord.,abb. et conv.,85,
Stolpe,Stolp,Camin. dioc.,,archidiacon.,"65, 237",
Stolpe,"Stolpen., Yogkrim",Misn. dioc.,eccl.,,28,
Stolpe,"Stolpen., Yogkrim",Misn. dioc.,par. eccl.,,28,
Stolpe,"Stolpen., Yogkrim",Misn. dioc.,,castrum,28,
Strahouien.,,,,,,Prag
Stralsund,Sunden.,Lubic. (!) dioc.,nova capel.,,227,
Strassburg,Argentinen.,,,ep. (el.),"30, 32, 54, 81, 94, 189, 219, 271, 371",
Strassburg,Argentinen.,,,vic. episc.,94,
Strassburg,Argentinen.,,,mensa episc.,"54, 81",
Strassburg,Argentinen.,,eccl.,,54,
Strassburg,Argentinen.,,eccl.,prepos.,232,
Strassburg,Argentinen.,,eccl.,decan.,"54, 179",
Strassburg,Argentinen.,,eccl.,archidiacon.,"179, 203",
Strassburg,Argentinen.,,eccl.,subcamerar.,367,
Strassburg,Argentinen.,,eccl.,thesaurar.,329,
Strassburg,Argentinen.,,eccl.,portarius,203,
Strassburg,Argentinen.,,eccl.,can.,"123, 179",
Strassburg,Argentinen.,,eccl.,vic.,"54, 203, 236, 254, 280, 290",
Strassburg,Argentinen.,,eccl.,choriclerici,54,
Strassburg,Argentinen.,,eccl.,summisaria chori,93,
Strassburg,Argentinen.,,eccl.,alt. (capel.),"118, 120, 292",
Strassburg,Argentinen.,,eccl. s. Petri iunioris,,54,
Strassburg,Argentinen.,,eccl. s. Petri iunioris,prepos.,"237, 345",
Strassburg,Argentinen.,,eccl. s. Petri iunioris,decan.,"45, 53",
Strassburg,Argentinen.,,eccl. s. Petri iunioris,can.,"45, 53, 65, 118, 180, 192, 202, 237, 243, 345",
Strassburg,Argentinen.,,eccl. s. Petri iunioris,capit.,"53, 237",
Strassburg,Argentinen.,,eccl. ss. Petri et Michaelis,,54,
Strassburg,Argentinen.,,eccl. ss. Petri et Michaelis,thesaurar.,340,
Strassburg,Argentinen.,,eccl. ss. Petri et Michaelis,can.,"74, 236, 292, 340",
Strassburg,Argentinen.,,eccl. s. Thome,,54,
Strassburg,Argentinen.,,eccl. s. Thome,prepos.,"54, 68, 72, 92, 150",
Strassburg,Argentinen.,,eccl. s. Thome,decan.,92,
Strassburg,Argentinen.,,eccl. s. Thome,cantor.,68,
Strassburg,Argentinen.,,eccl. s. Thome,can.,"13, 45, 54, 68, 72, 73, 127, 128, 150, 188, 202, 209, 216, 256, 292, 345",
Strassburg,Argentinen.,,eccl. s. Thome,capit.,"68, 92, 150",
Strassburg,Argentinen.,,eccl. s. Thome,alt.,"185, 186",
Strassburg,Argentinen.,,par. eccl.,,54,
Strassburg,Argentinen.,,par. eccl. s. Nicolai ultra Bruscam (Breusch),,250,
Strassburg,Argentinen.,,mon. s. Agnetis o. s. B. (o. s. A.),,75,
Strassburg,Argentinen.,,mon. s. Agnetis o. s. B. (o. s. A.),monial.,143,
Strassburg,Argentinen.,,mon. s. Clare e. m.,,75,
Strassburg,Argentinen.,,dom. fr. ord. Min. et Pred.,,54,
Strassburg,Argentinen.,,,presb.,"237, 250, 256, 335",
Strassburg,Argentinen.,,,subdiacon.,"200, 237",
Strassburg,Argentinen.,,,cler.,"74, 118, 150, 186, 202, 209, 216, 219, 340",
Strassburg,Argentinen.,,,subcollect.,120,
Strassburg,Argentinen.,,,sigillifer et examinator curie iudicialis,219,
Strassburg,Argentinen.,,,armig.,143,
Strassburg,Argentinen.,,,mil.,73,
Strassburg,Argentinen.,,,domic.,"37, 143",
Strassburg,Argentinen.,,,laici,"107, 123, 139, 314",
Strassburg,Argentinen.,,,civit.,337,
Straubing,"Strawbing, Straubinga",Ratisp. dioc.,,opid.,"91, 304",
Stromberg,"Stroemberg, Stroemberch",Monast. dioc.,par. eccl.,,246,
Stuhlfelden,Stulueden,Salzb. dioc.,par. eccl.,,126,
Sulzbach,Sultzbach,Argent. dioc.,par. eccl.,,200,
"Sulzberg, Val di Sole","Valsunna, Vallis solis",Trident. dioc.,par. eccl. s. Vigilii,,279,
Sunbronnen,,,,,,Siebenbronn
Sunden.,,,,,,Stralsund
Sunderhofen,,,,,,Sonderhofen
Superior Berghe,,,,,,Oberberge
Superior-Ingelnheim,,,,,,Ober-Ingelnheim
Superiorlanstein,,,,,,Oberlahnstein
Surburg,,Argent. dioc.,eccl. s. Arbogasti (ss. Martini et Erbogasti),prepos.,73,
Surburg,,Argent. dioc.,eccl. s. Arbogasti (ss. Martini et Erbogasti),decan.,341,
Surburg,,Argent. dioc.,eccl. s. Arbogasti (ss. Martini et Erbogasti),cellerar.,"13, 127, 128, 219",
Surburg,,Argent. dioc.,eccl. s. Arbogasti (ss. Martini et Erbogasti),can.,"13, 165",
Surburg,,Argent. dioc.,eccl. s. Arbogasti (ss. Martini et Erbogasti),capit.,"73, 341",
"Susacien., Suzacien.",,,,,,Soest
Süssenheim,Susenham,Aquil. dioc.,par. eccl. s. Jacobi,,341,
Susteren,,Leod. dioc.,par. eccl.,,176,
Susteren,,Leod. dioc.,mon. o. s. B.,can.,176,
Sutrop,Suttorp,Colon. dioc.,par. eccl.,,176,
Suecia,,,,,,Schweden
Swabenhusen,,,,,,Schwabhausen
Swarczenberg,,,,,,Schwarzenberg
Swauestede,,,,,,Schwabstedt
Swartzach,,,,,,Schwarzach
Swartzpurg,,,,,,Schwarzburg
Swebriet,,,,,,Schwebenried
Swerin.,,,,,,Schwerin
Swidenicz,,,,,,Schweidnitz
Swine,Swyne,Roskild. dioc.,,insula,124,
Swolle,,,,,,Zwolle
Syberg.,,,,,,Siegberg
Syburg,Syborch,Colon. dioc.,par. eccl.,,"44, 71",
Sydonien.,,,,,,Sidon
Syernick,,,,,,Sierning
Syon,,,,,,Sion
Syprigehusen,,,,,,Sipperhausen
Syradia,,,,,,Sieradz
Szadek,,Gnezn. dioc.,par. eccl.,,289,
Taldorf,,,,,,Thaldorf
"Talkerchen, Talkirchen",,,,,,Bergheim
Tamsweg,"Themswig, Thengwig",Salzb. dioc.,par. eccl.,,297,
Tangermünde,Tanghermunden.,Halberst. dioc.,eccl. ss. Johannis bapt. et evang.,,342,
Tangermünde,Tanghermunden.,Halberst. dioc.,eccl. ss. Johannis bapt. et evang.,prepos.,"18, 342",
Tangermünde,Tanghermunden.,Halberst. dioc.,par. eccl. s. Stephani in suburbio,,"275, 342",
Tarbaten.,,,,,,Dorpat
Tassulum,,,,,,Nonsberg
Teck,Deck,,,dux,"188, 261, 358",
Teck,Deck,,,ducissa,358,
Tecklenburg,"Thekennenborch, Tekeneborch",Osnab. dioc.,,cometa,145,
Tecklenburg,"Thekennenborch, Tekeneborch",Osnab. dioc.,,civit.,220,
Tegernheim,"Teghneim, Tengernheim",Ratisp. dioc.,par. eccl.,,"240, 323",
Telfs,,Brixin. dioc.,par. eccl.,,126,
Tempzin,Tempczin,Zwerin. dioc.,dom. s. Antonii o. s. A.,preceptor.,307,
Tempzin,Tempczin,Zwerin. dioc.,dom. s. Antonii o. s. A.,can.,307,
Tengen,Tenginde,Const. dioc.,,baron.,340,
Tengernheim,,,,,,Tegernheim
Tennstedt,Maiortenstede,Magunt. dioc.,par. eccl.,,40,
Tenwangen,,,,,,Dewang
Termopolen.,,,,,,Thermopyle
Terouane,Morinen.,,,dioc.,127,
Teschen,Teschinen.,,,dux,69,
Tettenwang,"Teswang, Tesswang",Ey-stet. dioc.,par. eccl.,,"42, 210",
Tettingen,Tetengneyo,Trev. dioc.,par. eccl.,,46,
"Teuerstadt, Tewrstat",,,,,,Bamberg
Thaldorf,Taldorf,Const. dioc.,par. eccl.,,360,
Thalonien,,,,ep.,58,
Thannkirchen,Dankirchen,Frising. dioc.,par. eccl.,,354,
Theben,Thebanen.,,,ep.,360,
Thekennenborch,,,,,,Tecklenburg
"Themswig, Thengwig",,,,,,Tamsweg
Thenuangen,,,,,,Dewang
Theonisuilla,,,,,,Diedenhofen
Therheynrixkinder,,,,,,s’Heerhendrikskinder
Thermopyle,Termopolen.,,,ep.,360,
Thierhaupten,Caputferrarum,August. dioc.,mon. o. s. B.,monach.,23,
Thierstein,Tierstein,Nuemb. dioc.,,castrum,13,
Thimoni(s)uilla,,,,,,Diedenhofen
Tholen,Tolne,Leod. dioc.,eccl. b. Marie,can.,218,
Thorn,Thoren.,Leod. dioc.,mon. o. s. B.,can.,176,
Thrandanes,,Nidros. dioc.,par. eccl.,,196,
Thüngenthal,Tungental,Herbipol. dioc.,par. eccl.,,269,
Thurck,,,,,,Turck
Thuricen.,,,,,,Zürich
Thüringen,Thuringia,,,lantgravii,"12, 373",
Thüringen,Thuringia,,,terra,89,
Tichern,,,,,,Tüchern
Tierstein,,,,,,Thierstein
Tietlingen,,,,,,Dietlingen
Tiner,,,,,,Tyner
Tirol,Trealli,,,com.,"192, 210",
Tisens,"Tysana, Tysens",Trident. dioc.,par. eccl.,,"226, 250",
Toggenburg,,,,com.,122,
Tolne,,,,,,Tholen
Tolosan.,,,,,,Toulouse
Tongern,Tongren.,Leod. dioc.,eccl.,prepos.,303,
Tongern,Tongren.,Leod. dioc.,eccl.,can.,318,
Torgau,Torgaw,Misn. dioc.,,baron.,247,
Tornacen.,,,,,,Tournay
Toul,Tullen.,,,ep.,"201, 292",
Toul,Tullen.,,eccl.,decan.,102,
Toul,Tullen.,,eccl.,can.,"70, 85, 102, 180, 194, 229, 335",
Toul,Tullen.,,eccl.,capit.,201,
Toul,Tullen.,,,presb.,"199, 342",
Toul,Tullen.,,,cler.,"201, 229, 268",
Toul,Tullen.,,,dioc.,"85, 194, 201, 235, 336, 371",
Toulouse,Tolosan.,,,aep. et capit. eccl.,336,
Toulouse,Tolosan.,,,dioc.,"114, 400",
Tour,Turonen.,,eccl. b. Martini,dign.,102,
Tour,Turonen.,,eccl. b. Martini,can.,102,
Tour,Turonen.,,mon. Maiorismonasterii o. s. B. e. m.,abb. et conv.,275,
Tour,Turonen.,,,provincia,21,
Tour,Turonen.,,,ducissa,271,
Tournay,Tornacen.,,,ep.,291,
Tournay,Tornacen.,,,vic. gen.,291,
Tournay,Tornacen.,,eccl.,dign.,102,
Tournay,Tornacen.,,eccl.,can.,"13, 60, 102",
Tournay,Tornacen.,,,dioc.,"60, 185, 203",
Traiecten.,,,,,,"Maastricht, Utrecht"
Traismauer,Traysenmawr,Patav. dioc.,par. eccl.,,358,
Tramin,Tramenum,Trident. dioc.,capel. ss. Quirici et Julete,,356,
Tramin,Tramenum,Trident. dioc.,,villa,356,
Trapezunt,,,,ep.,"23, 303",
Traubach,Grafen- oder Holz-Tr.? Trawpach,Ratisp. dioc.,par. eccl.,,395,
Traunkirchen,Trawnkirchen,Patav. dioc.,par. eccl. s. Marie,,29,
Traunkirchen,Trawnkirchen,Patav. dioc.,mon. o. s. B.,,29,
Traysenmawr,,,,,,Traismauer
Trealli,,,,,,Tirol
"Trebere, Trebra",,,,,,Nieder-Trebra
Trebnitz,Trebnicen.,Wratisl. dioc.,mon. Cist. ord.,abb. et conv.,295,
Trebnitz,Trebnicen.,Wratisl. dioc.,mon. Cist. ord.,alt. in eccl.,"127, 256",
Tremonia,,,,,,Dortmund
Treptow a. R,Treptow,Camin. dioc.,par. eccl. in Wiskow e. m.,,253,
Treptow a. R,Treptow,Camin. dioc.,,op. nouum,253,
Treuenbrietzen,Bretzen,Brandeb. dioc.,par. eccl.,,342,
Treveren.,,,,,,Trier
Tribsees,"Tribuxeten., Tribuzes",Zwerin. dioc.,par. eccl.,,196,
Tribsees,"Tribuxeten., Tribuzes",Zwerin. dioc.,,archidiacon.,86,
Tribur,,Magunt. dioc.,par. eccl.,,24,
Trient,Tridentin.,,,ep.,"13, 77, 124, 233",
Trient,Tridentin.,,,vic. gen.,356,
Trient,Tridentin.,,eccl.,decan.,"52, 181, 219, 356",
Trient,Tridentin.,,eccl.,can.,"52, 126, 219, 250, 389, 394",
Trient,Tridentin.,,eccl.,capit.,"250, 356, 394",
Trient,Tridentin.,,eccl.,vic.,260,
Trient,Tridentin.,,eccl.,alt.,"283, 356",
Trient,Tridentin.,,,cler.,"119, 241, 260",
Trient,Tridentin.,,,dioc.,"90, 359",
Trient,Tridentin.,,,collector,359,
Trient,Tridentin.,,,armig.,255,
Trient,Tridentin.,,,mil.,318,
Trient,Tridentin.,,,opid.,"283, 356",
Trient,Tridentin.,,,laici,"38, 77, 160",
Trient,Tridentin.,,,civit.,259,
Trier,Treveren.,,,aep.,"180, 366",
Trier,Treveren.,,eccl.,can.,"28, 194",
Trier,Treveren.,,eccl.,vic.,"8, 28",
Trier,Treveren.,,eccl. s. Paulini e. m.,can.,"8, 28, 215",
Trier,Treveren.,,eccl. s. Symeonis,can.,"8, 28",
Trier,Treveren.,,mon. s. Maximini o. s. B. e. m.,abb.,"258, 395",
Trier,Treveren.,,mon. s. Maximini o. s. B. e. m.,monach.,258,
Trier,Treveren.,,,presb.,319,
Trier,Treveren.,,,cler.,"46, 62, 101, 134, 157, 169, 183, 231, 274, 387, 393, 395",
Trier,Treveren.,,,provincia,"271, 307, 365",
Trier,Treveren.,,dom. s. Antonii,,"30, 59, 131",
Trier,Treveren.,,,legatus,"21, 306",
Trier,Treveren.,,,collector,27,
Trier,Treveren.,,,mil.,391,
Trossingen,Trohsingen,Const. dioc.,eccl.,decan.,328,
Trossingen,Trohsingen,Const. dioc.,par. eccl.,,328,
Tronstat,,,,,,Trunstadt
Trub,,Const. dioc.,mon. o. s. B.,,357,
Trunstadt,Tronstat,Herbipol. dioc.,par. eccl.,,276,
Tüchern,Tichern,Aquil. dioc.,par. eccl.,,355,
Tuchfeld,Tuffelde,Minden. dioc.,capel. b. Marie,,174,
Tuicien.,,,,,,Deutz
Tuil,Tuul,Traiect. dioc.,par. eccl.,,350,
Tumstorff,,,,,,Dunsdorf
Tullen.,,,,,,Toul
Tunauweschingen,,,,,,Donaueschingen
Tündern,Tundern,Minden. dioc.,par. eccl.,,56,
Tungental,,,,,,Thüngenthal
Turek,Thurek,Gnezn. dioc.,par. eccl.,,142,
Turnten,,,,,,Dürnten
Turonen.,,,,,,Tour
Tusculan.,,,,,,Frascati
Twente,Twenthia,,,terra,145,
Tyner,Tiner,Aquil. dioc.,par. eccl. s. Martini,,"53, 170, 278",
"Tysens, Tysana",,,,,,Tisens
Tzerstede,,,,,,Sarstedt
Tzeuana,,,,,,Zeven
Uden,Vde,Colon. dioc.,par. eccl.,,299,
Udine,Vtinen.,Aquil. dioc.,eccl.,mansionarius,354,
Vezleuben,,,,,,Ützleben
Vfderambach,,,,,,Rambach
Ulm,,Const. dioc.,mon. o. s. A. in Insulis in Wengen,prepos.,8,
Ulm,,Const. dioc.,mon. o. s. A. in Insulis in Wengen,can.,8,
Ulm,,Const. dioc.,mon. o. s. A. in Insulis in Wengen,capit.,8,
Ulm,,Const. dioc.,,vic. Trium Regum,86,
Ulm,,Const. dioc.,,opid.,160,
St. Ulrich,,Salzb. dioc.,par. eccl. s. Vdalrici,,285,
Ulrichskirchen,Vlreichskirchen,Patav. dioc.,par. eccl.,,332,
Ülzen,Vlsen,Verden. dioc.,par. eccl. (prepos. ruralis),,144,
Ungarn,Hungaria,,,rex,"47, 70, 111, 113, 238, 251, 306, 320, 328, 334, 342, 347, 368",
Ungarn,Hungaria,,,regina,"59, 61, 368",
Ungarn,Hungaria,,,regnum,"17, 47, 53, 63, 69, 70, 324, 335",
Uniejów,"Vnieuien., Vneyouien., Vnegen.",Gnezn. dioc.,eccl. (s. Floriani),prepos.,30,
Uniejów,"Vnieuien., Vneyouien., Vnegen.",Gnezn. dioc.,eccl. (s. Floriani),can.,"200, 339",
Uniejów,"Vnieuien., Vneyouien., Vnegen.",Gnezn. dioc.,,archidiacon.,358,
Unter-Reitnau,"Niderratenow, Nidder- raitenow",Const. dioc.,par. eccl.,,257,
Vpdengrauen,,,,,,Bislich
St. Urban,,Const. dioc.,mon. s. Urbani Cist. ord.,abb. et conv.,203,
Vrbs,,,,,,Rom
Ürdingen,Vrdingen,Colon. dioc.,,opid.,197,
Uri,Vrannen,Const. dioc.,,"incole, decime",361,
Vrs,,,,,,Irschen
Ursberg,Vrsenperg,Frising. dioc.,par. eccl.,,262,
Vtinen.,,,,,,Udine
Utrecht,Traiecten.,,,ep.,"5, 43, 108, 115, 130, 161, 227, 267, 313, 319, 343, 355, 368",
Utrecht,Traiecten.,,,chorep.,"267, 313",
Utrecht,Traiecten.,,eccl.,,"29, 355",
Utrecht,Traiecten.,,eccl.,prepos.,"154, 227, 319, 341, 373",
Utrecht,Traiecten.,,eccl.,decan.,319,
Utrecht,Traiecten.,,eccl.,archidiacon.,"154, 227, 319, 341",
Utrecht,Traiecten.,,eccl.,dign.,"318, 325",
Utrecht,Traiecten.,,eccl.,can.,"13, 20, 21, 29, 60, 66, 77, 127, 128, 154, 161, 173, 199, 202, 251, 313, 318, 319, 324, 325, 341, 373",
Utrecht,Traiecten.,,eccl.,capit.,"5, 108, 161, 267, 313, 319, 355",
Utrecht,Traiecten.,,eccl.,vic.,"136, 258, 347",
Utrecht,Traiecten.,,eccl. s. Johannis,prepos.,215,
Utrecht,Traiecten.,,eccl. s. Johannis,dign.,303,
Utrecht,Traiecten.,,eccl. s. Johannis,can.,"21, 29, 130, 236, 258, 303, 319, 343",
Utrecht,Traiecten.,,eccl. s. Johannis,capit.,215,
Utrecht,Traiecten.,,eccl. s. Johannis,vic.,44,
Utrecht,Traiecten.,,eccl. b. Marie,prepos.,"132, 181, 218",
Utrecht,Traiecten.,,eccl. b. Marie,can.,"20, 27, 29, 161, 162, 177, 194, 225, 258, 303, 351",
Utrecht,Traiecten.,,eccl. b. Marie,vic. (benef.),"15, 29, 44",
Utrecht,Traiecten.,,eccl. b. Marie,alt.,29,
Utrecht,Traiecten.,,eccl. ss. Petri et Pauli,prepos.,390,
Utrecht,Traiecten.,,eccl. ss. Petri et Pauli,scholast.,313,
Utrecht,Traiecten.,,eccl. ss. Petri et Pauli,dign.,313,
Utrecht,Traiecten.,,eccl. ss. Petri et Pauli,can.,"136, 137, 233, 247, 402",
Utrecht,Traiecten.,,eccl. s. Saluatoris,,347,
Utrecht,Traiecten.,,eccl. s. Saluatoris,prepos.,"42, 47, 61, 95, 105, 267, 368, 372",
Utrecht,Traiecten.,,eccl. s. Saluatoris,decan.,14,
Utrecht,Traiecten.,,eccl. s. Saluatoris,thesaurar.,356,
Utrecht,Traiecten.,,eccl. s. Saluatoris,dign.,318,
Utrecht,Traiecten.,,eccl. s. Saluatoris,can.,"14, 21, 251, 255, 318, 319, 372",
Utrecht,Traiecten.,,eccl. s. Saluatoris,capit.,"42, 47, 62, 95, 105, 267, 355, 368, 372",
Utrecht,Traiecten.,,eccl. s. Saluatoris,vic.,"18, 62",
Utrecht,Traiecten.,,eccl. s. Saluatoris,alt.,44,
Utrecht,Traiecten.,,"par. eccl. b. Marie, Burkerke (Buerkerch)",,"15, 251",
Utrecht,Traiecten.,,par. eccl. s. Mathie,,256,
Utrecht,Traiecten.,,par. eccl. s. Nicolai,,"130, 343",
Utrecht,Traiecten.,,parochia s. Martini de Aggere,,356,
Utrecht,Traiecten.,,capel. s. Crucis,,347,
Utrecht,Traiecten.,,mon. s. Pauli,monach.,373,
Utrecht,Traiecten.,,mon. s. Laurentii in Oestbroek (Oostbroek) e. m.,vic. in capel.,129,
Utrecht,Traiecten.,,mon. o. s. B. in Oudwika (Oudwijk) e. m.,monial.,112,
Utrecht,Traiecten.,,dom. fr. Min.,,355,
Utrecht,Traiecten.,,hosp. s. Johannis Ierosol.,preceptor.,56,
Utrecht,Traiecten.,,,presb.,"43, 108, 119, 134, 311, 316, 343, 344, 347, 355, 363, 373, 393, 400",
Utrecht,Traiecten.,,,subdiacon.,47,
Utrecht,Traiecten.,,,cler.,"14, 25, 55, 59, 61, 105, 108, 119, 130, 131, 136, 154, 158, 161, 165, 177, 181, 185, 194, 207, 213, 224, 235, 236, 252, 255, 258, 265, 267, 277, 289, 299, 310, 311, 336, 345, 347, 350, 351, 367, 371, 373, 374, 387, 392, 402",
Utrecht,Traiecten.,,,fr. ord. Min.,229,
Utrecht,Traiecten.,,,dioc.,"140, 203",
Utrecht,Traiecten.,,,collector,"202, 356",
Utrecht,Traiecten.,,,subcollect.,173,
Utrecht,Traiecten.,,,offic.,130,
Utrecht,Traiecten.,,,armig.,"98, 107, 133, 240, 259",
Utrecht,Traiecten.,,,mil.,"65, 113, 252, 254, 355, 371",
Utrecht,Traiecten.,,,baron.,362,
Utrecht,Traiecten.,,,domic.,"65, 75, 348, 370",
Utrecht,Traiecten.,,,opid.,320,
Utrecht,Traiecten.,,,laici,"47, 75, 143, 180, 290, 297, 301, 321, 337, 348, 350, 356, 371, 372",
Utrecht,Traiecten.,,,civit.,356,
Ützleben,Vezleuben,Halberst. dioc.,,archidiacon.,204,
Val di Non,,,,,,Nonsberg
Val di Sole,,,,,,Sulzberg
Val de Villè,,,,,,Weilerthal
Valenciennes,Valenthene,Camerac. dioc.,par. eccl. s. Gaugerici,,60,
Valkinreid,,,,,,Walkenried
Valle di Ledro,Vallisleodri,Trident. dioc.,par. eccl. s. Marie,,293,
Valleshausen,,,,,,Walleshausen
Vallessarnar.,,,,,,Vaux-de-Cernay
Vallis Ananie,,,,,,Nonsberg
Vallisandelache,,,,,,Andlau
Vallis Claronen.,,,,,,Glarus
Valliscomitis,,,,,,Gräfenthal
Vallis Dei,,,,,,Gottesthal
Vallisleodri,,,,,,Valle di Ledro
Vallismasonis,,,,,,Masmünster
Vallissanctgeorgii,,,,,,Georgenthal
Vallissanctemarie,,,,,,Marienstern
"Vallisolis, Valsunna",,,,,,Sulzberg
Vanstorff,,,,,,Fonsdorf
Vapincen.,,,,,,Gap
Varangéville,Warengueilla,Tullen. dioc.,,priorat. de Portu o. s. B.,159,
Varemonasterium,,,,,,Fahr
Varnen,,,,ep.,295,
Vauren.,,,,,,Lavour
Vaux-de-Cernay,Vallessarnar.,Paris. dioc.,mon. o. s. B.,,183,
Vechingen,Vekingen,Meten. dioc.,par. eccl.,,"319, 320",
Vechta,Vechte,Osnab. dioc.,par. eccl.,,213,
Veen,,Traiect. dioc.,,domina,139,
Vehra,Veere,Magunt. dioc.,,locus,281,
Veilsdorf,Veylstorff,Herbipol. dioc.,mon. o. s. B.,abb. et conv.,79,
Veitshöchheim,Feitzchochem,Herbi-pol. dioc.,par. eccl.,,216,
Vekingen,,,,,,Vechingen
Velen,,,,,,Filehne
Vels,,,,,,Weutsch
Venecompen,,,,ep.,"10, 348",
Venedig,Venetia,,,civit.,"48, 209",
Venedig,Venetia,,,ducatus,307,
Verchetin.,,,,,,Virchenzin
Verden,,,,ep. (el.),"15, 22, 57, 145, 217, 231, 271, 357, 375",
Verden,,,,vic. gen.,231,
Verden,,,eccl.,celeraria,343,
Verden,,,eccl.,dign.,"145, 343",
Verden,,,eccl.,can.,"145, 254, 343",
Verden,,,eccl.,capit.,"57, 357, 375",
Verden,,,eccl.,vic.,"57, 246, 247, 349",
Verden,,,eccl. s. Andree,vic.,"82, 83, 84",
Verden,,,eccl. s. Nicolai,vic.,140,
Verden,,,,presb.,"231, 396",
Verden,,,,cler.,"57, 83, 122, 148, 151, 156, 183, 220, 265, 266, 286, 322, 357, 395",
Verden,,,,dioc.,145,
Verden,,,,nuntius,66,
Verden,,,,collector,"194, 226, 267",
Verden,,,,subcollect.,236,
Verden,,,,laici,357,
Verdun,Virdunen.,,eccl.,decan.,101,
Verdun,Virdunen.,,eccl.,scolast.,102,
Verdun,Virdunen.,,eccl.,can.,"46, 102, 180, 184, 229, 268, 314, 315, 398",
Verdun,Virdunen.,,eccl. b. Marie Magdalene,can.,102,
Verdun,Virdunen.,,,dioc.,335,
Verviers,Veruiers,Leod. dioc.,par. eccl.,,318,
Vesprimen.,,,,,,Wesprim
Vesterzuborch,,,,,,West-Zouburg
Veylstorff,,,,,,Veilsdorf
Vggeldorp,,,,,,Vogelsdorf
Vianen,Vyanen,Traiect. dioc.,,domicellus,189,
Viechtach,Vichtach,Ratisp. dioc.,par. eccl.,,"48, 359, 401",
Viene,,,mon. s. Antonii,,"21, 25, 60, 219, 222, 307, 308, 310, 329",
Viene,,,mon. s. Antonii,abb. et conv.,308,
Viene,,,mon. s. Antonii,can.,"25, 30, 59, 131, 228, 308, 310",
S. Vigilio in Rendena-Tal,in Randena,Trident. dioc.,par. eccl. s. Vigilii,,233,
Vilhautte,,,,,,Ville-Haute
Vilich,"Vilica, Vilika",Colon. dioc.,mon. o. s. B.,abb. et conv.,169,
Vilich,"Vilica, Vilika",Colon. dioc.,mon. o. s. B.,can.,169,
"Villacapelle, Villakeppel",,,,,,Kappel
Villach,,Salzb. dioc.,,civit. et castrum,116,
Villafranca,,,,portus,334,
Ville-Haute,Vilhaute,Leod. dioc.,,person.,11,
Viller,,,,,,Weiler
Villingen,Vilingen,Const. dioc.,,decan.,115,
Villingen,Vilingen,Const. dioc.,par. eccl. in Vetereuilla e. m.,,327,
Villingen,Vilingen,Const. dioc.,capel. s. Johannis bapt.,,327,
Vilmeringhen,,,,,,Vollmaringen
Vilshofen,Wilshofen,Patav. dioc.,eccl. s. Johannis,can.,364,
Vimbuch,"Bintburch, Vinburch",Argent. dioc.,par. eccl.,,341,
Virchenzin,Verchetin,Camin. dioc.,par. eccl.,,145,
Virdunen.,,,,,,Verdun
Virnays,,Leod. dioc.,,dominus,109,
Vischpachaw,,,,,,Fischbachau
Vischusen,,,,,,Fischhausen
Vislicien.,,,,,,Wislica
Viterbo,,,,civit.,20,
Vivente,Viventin.,,,"opid., civit.",6,
Vlake,,Traiect. dioc.,par. eccl.,,218,
Vlechtorp,,,,,,Flechtdorf
Vlensborch,,,,,,Flensburg
Vlissingen,"AntiquaVlissinghen, Ouder-vlissinghen",Traiect. dioc.,par. eccl.,,"62, 136",
Vlodrop,Vlodorp,Leod. dioc.,par. eccl.,,177,
Vochburg,,,,,,Vohburg
Vöcklabruck,Wegklaprük,Patav. dioc.,par. eccl. cum hosp. paup.,,62,
Voerhaut,,,,,,Voorhout
Voettere,,Osnab. dioc.,par. eccl.,,30,
Vogelsdorf,Vggeldorp,Sleswic. dioc.,par. eccl.,,11,
Vogtareuth,Vogcterrawt,Salzb. dioc.,par. eccl. s. Emerami,,210,
Vohburg,Vochburg,Ratisp. dioc.,par. eccl.,,26,
Voigtshagen,Woghedehaghen,Zwerin. dioc.,par. eccl.,,196,
Voitzberg,Voyczperg,Seccov. dioc.,par. eccl.,,182,
Völkermarkt,Volkrmarcht,Salzb. dioc.,,civit.,138,
Volkerode,Wolkenderode,Magunt. dioc.,mon. Cist. ord.,abb.,81,
Vollmaringen,Vilmeringhen,Const. dioc.,par. eccl.,,226,
Volterra,Vulterran.,,,ep.,"55, 111, 261",
Volterra,Vulterran.,,eccl.,can.,185,
Voorhout,Voerhaut,Traiect. dioc.,par. eccl. b. Marie,,42,
Voorne,Vorne,Traiect. dioc.,capel. s. Pancratii,,190,
Voorschoten,Voorscoten,Traiect. dioc.,par. eccl.,,180,
Vorheim,,,,,,Forchheim
Voring,,,,,,Föring
Vorne,,,,,,Voorne
Voyczperg,,,,,,Voitsberg
Vralinchusen,,,,,,Frehlinghausen
Vrannen,,,,,,Uri
Vrechen,,Colon. dioc.,par. eccl.,,171,
Vreden,,Monast. dioc.,mon. o. s. B.,abbat. et conv.,367,
Vrisheim,Vrishem,Colon. dioc.,par. eccl.,,171,
Vritzlarien.,,,,,,Fritzlar
Vrunebec,,,,,,Grünberg
Vulensike,,? Bremen. dioc.,par. eccl.,,57,
Vulfelbotel,,,,,,Wolfenbüttel
Vulterranen.,,,,,,Volterra
Vunstorp,,,,,,Wunstorf
Vyanen,,,,,,Vianen
Wagram,,Patav. dioc.,par. eccl. s. Stephani,,"50, 261, 262, 300, 352",
Wahingen,,,,,,Wehingen
Waibstadt,Weypstad,Wormat. dioc.,par. eccl.,,205,
Waidhofen,Waydehouen super Ybsam [Ybbs],Patav. dioc.,par. eccl. s. Lamperti,,"119, 122, 170, 223",
Walchern,Wallacia,Traiect. dioc.,eccl. b. Marie in partibus W.,alt.,220,
Waldberghem,"? Bergen, Bergem, Berghen",Magunt. dioc.,par. eccl.,,"315, 316, 398",
Waldhausen,Walthusen,Magunt. dioc.,capel. s. Martini,,120,
Waldhilbersheim,Walthilbershem,Magunt. dioc.,par. eccl.,,"116, 117",
Waldsassen,"Waldsachsen, Walt-sachsen",Ratisp. dioc.,mon. Cist. ord.,abb.,"39, 81, 87",
Waldsassen,"Waldsachsen, Walt-sachsen",Ratisp. dioc.,mon. Cist. ord.,conv.,39,
Waldsee,Walsse,Const. dioc.,mon. o. s. A.,prepos.,181,
Waldsee,Walsse,Const. dioc.,,civit. op.,362,
Walhausen,Walhusen,Magunt. dioc.,capel. s. Martini,,387,
Walkenried,Valkinreid,Magunt. dioc.,mon. Cist. ord.,abb.,81,
Walkershofen,,Frising. dioc.,par. eccl. b. Marie,,359,
Wallacia,,,,,,Walchern
Wallenbrück,Woldenbrucge,Osnab. dioc.,par. eccl.,,19,
Walleshausen,Valleshausen,August. dioc.,par. eccl.,,303,
Walpertsweiler,Walpertswiler,Const. dioc.,par. eccl.,,371,
Walsede,Walsiede,Verden. dioc.,eccl.,prepos.,231,
Walsse,,,,,,Waldsee
Waltbuht,,,,,,Waltfeucht
Waltersau,,Waltzerczow-Prag. dioc.,par. eccl.,,352,
Waltersdorf,Walthersdorf,Salzb. dioc.,par. eccl.,,287,
Waltfeucht,Waltbuht,Leod. dioc.,par. eccl.,,108,
Walthilbersheim,,,,,,Waldhilbersheim
Walthusen,,,,,,Waldhausen
Waltsachsen,,,,,,Waldsassen
Wandris,,Wratisl. dioc.,par. eccl.,,240,
Wansen,Wansaw,Wratisl. dioc.,par. eccl.,,"28, 298, 351",
Warburg,"Wartberg, Wartemberg",Padeb. dioc.,par. eccl. s. Johannis bapt. Noui-opidi,,221,
Warengeuilla,,,,,,Varangéville
Warmbrunn,Warmborn,Wratisl. dioc.,par. eccl.,,281,
Warmbrunn,Warmborn,Wratisl. dioc.,,prepos.,281,
Warmien.,,,,,,Ermland
Warnow,Warne,Zwerin. dioc.,capel. b. Marie,,145,
Warschau,Warszouien.,Poznan. dioc.,par. eccl. s. Johannis,,102,
"Wartberg, Wartemberg",,,,,,Warburg
Wassenberg,Wassenburg,Leod. dioc.,eccl. s. Georgii,prepos.,239,
Wassenberg,Wassenburg,Leod. dioc.,eccl. s. Georgii,scholast.,120,
Wassenberg,Wassenburg,Leod. dioc.,eccl. s. Georgii,can.,239,
Wassenberg,Wassenburg,Leod. dioc.,eccl. s. Georgii,matricularia,157,
Waydehouen,,,,,,Waidhofen
Weddern,Wederden,Monast. dioc.,capel.,,166,
Weddingen,,,,,,Langen-Weddingen
Wegklapruck,,,,,,Vöcklabruck
Weglastorf,,,,,,Pfaffing
Wehingen,Wahingen,Const. dioc.,par. eccl.,,328,
Weiarn,Weyr,Frising. dioc.,mon. s. Petri o. s. A.,can.,363,
Weiding,Weyding,Patav. dioc.,capel. ss. Petri et Catherine,,360,
Weihmörting,Weihenmerting,Patav. dioc.,par. eccl.,,364,
Weilburg,Wileborg,Trev. dioc.,eccl. s. Walburgis,can.,387,
Weiler,"Maior Wyler, Viller",August. dioc.,par. eccl. s. Michaelis,,124,
"Weilerthal, Val de Villè",Wilrtal,Argent. dioc.,mon. o. s. B.,abb. et conv.,374,
Weimersheim,Weymersheim,Eystet. dioc.,par. eccl. s. Viti,,363,
Weingarten,Wingarten,Const. dioc.,mon. o. s. B.,,95,
Weingarten,Wingarten,Const. dioc.,mon. o. s. B.,abb.,"193, 330",
Weingarten,Wingarten,Const. dioc.,mon. o. s. B.,conv.,330,
Weingarten,Wingarten,Const. dioc.,mon. o. s. B.,capel. in eccl.,193,
Weinheim,Wynheym,Wormat. dioc.,par. eccl.,,98,
Weissenhorn,Wissenhorn,August. dioc.,par. eccl.,,375,
Weisskirchen,Wyskirchen,Colon. dioc.,par. eccl.,,393,
Welden,,Traiect. dioc.,par. eccl.,,256,
Welmeldingen,,,,,,Wemeldingen
Wels,Welcz,Patav. dioc.,par. eccl. (s. Johannis evang.),,"123, 164, 170, 316, 320",
Weltenburg,,Ratisp. dioc.,mon. s. Georgii mart.,abb.,47,
Wemeldingen,Welmeldingen,Traiect. dioc.,eccl.,alt.,44,
Wengen,,,,,,Ulm
Wenige Czaken,,,,,,(Kl.) Zacken
Werde,Werdea,Passav. dioc.,eccl. ss. Primi et Feliciani,prepos.,170,
Werden,,Colon. dioc.,eccl. s. Swiberti,can.,"70, 171, 241",
Werinuillerium,,,,,,Werschweiler
Werle,,,dominus terre,,"60, 192",
Wernigerode,Werningerode,,,comes,167,
Werschweiler,Werinuillerium,Meten. dioc.,mon. Cist. ord.,abb.,146,
Wertheim,,Herbipol. dioc.,par. eccl. b. Marie,,367,
Wertheim,,Herbipol. dioc.,,comes,"123, 253",
Wesalien.,,,,,,Oberwesel
Wesel,Wesele,Colon. dioc.,,curtes et decime,79,
Wesprim,Vesprimen.,,,administrator,345,
Wesprim,Vesprimen.,,,dioc.,"251, 258",
Westmunster,,,,,,Middelburg
West-Zouburg,Vesterzuborch prope,Middelborch-Traiect. dioc.,par. eccl.,,29,
Wetzendorf,Wetzendorff,Bamberg. dioc.,,decima,61,
Wetzlar,"Wetflarien, Wetzflarien.",Trev. dioc.,eccl. b. Marie,prepos.,"301, 311",
Wetzstein,Wethstein,Herbipol. dioc.,par. eccl.,,91,
Weutsch,Vels,Aquil. dioc.,capel.,,285,
Weyden,,,,,,Neunkirchen
Weypstad,,,,,,Waibstadt
Weyr,,,,,,Weiarn
Wiblingen,Wibblingen,Const. dioc.,mon. o. s. B.,monach.,191,
Wichiolowo,,Gnezn. dioc.,par. eccl. s. Margarethe,,333,
Wichtmunden,,,,,,Wittmund
Wickersheim,,,,,,Ill-Wickersheim
Wiedenbrück,Wydenburg,Osnab. dioc.,eccl.,can.,108,
Wiemeringhausen,Wigmerinchusen,Padeb. dioc.,,additamentum eccl. Padeb.,363,
Wien,Wiennen.,Patav. dioc.,eccl. ss. Stephani et Omniumsanctorum,prepos.,374,
Wien,Wiennen.,Patav. dioc.,eccl. ss. Stephani et Omniumsanctorum,can.,224,
Wien,Wiennen.,Patav. dioc.,capel. s. Georgii,,"15, 152, 153, 389",
Wien,Wiennen.,Patav. dioc.,capel. dom. s. Jeronimi,,30,
Wien,Wiennen.,Patav. dioc.,mon. Scotorum o. s. B.,abb.,25,
Wien,Wiennen.,Patav. dioc.,studium,,"15, 275, 298, 358, 360, 376",
Wien,Wiennen.,Patav. dioc.,,opid.,"48, 355",
Wien,Wiennen.,Patav. dioc.,,civit.,"138, 153",
Wieselburg,Wiselburg,Patav. dioc.,par. eccl.,,50,
Wiesenfeld,"Wysenpfelt, Wisenpfelt",Herbipol. dioc.,par. eccl.,,215,
Wiesensteig,Wisenstaig,Const. dioc.,eccl. s. Ciriaci,can.,268,
Wigmerinchusen,,,,,,Wiemeringhausen
Wigoltingen,,Const. dioc.,par. eccl.,,94,
Wijk by Duurstede,"Wiech, Wiick prope Duersteden",Traiect. dioc.,eccl.,,368,
Wijk by Duurstede,"Wiech, Wiick prope Duersteden",Traiect. dioc.,eccl.,dec. et capit.,"357, 368",
Wijk by Duurstede,"Wiech, Wiick prope Duersteden",Traiect. dioc.,par. eccl.,,358,
Wijk by Duurstede,"Wiech, Wiick prope Duersteden",Traiect. dioc.,mon. b. Marie Magdalene o. s. A. (Prem. ord.),priorissa et sorores,368,
Wiir,,,,,,Wiry
Wildenau,Wildenau,Patav. dioc.,capel. b. Marie Virg. et s. Georgii mart.,,368,
Wildeshausen,Wildeshusen,Osnab. dioc.,eccl. s. Alexandri,can.,"44, 71, 388",
Wileburg,,,,,,Weilburg
Willgotheim,Wiltgothem,Argent. dioc.,eccl.,primissaria,361,
Wilrtal,,,,,,Weilerthal
Wilshofen,,,,,,Vilshofen
Wilster,"Wilstria, Wilsnia",Bremen. dioc.,par. eccl.,,"150, 293",
Windberg,Windperg,Ratisp. dioc.,mon. Prem. ord. (o. s. B.),abb.,"39, 374, 401",
Windberg,Windperg,Ratisp. dioc.,mon. Prem. ord. (o. s. B.),conv.,39,
Windischgrätz,Windischgretz,Aquil. dioc.,par. eccl. s. Martini prope W.,,69,
Windischgrätz,Windischgretz,Aquil. dioc.,par. eccl. s. Pancratii,,69,
Windsbach,Windsbach,Eystet. dioc.,par. eccl.,,175,
Wingarten.,,,,,,Weingarten
Winsen,Wynsem,Colon. dioc.,par. eccl.,,402,
Wintersdorf,Wyntersdorf,Argent. dioc.,,villa,"64, 333",
Winterswyck,"Winterswick, Wynterswich",Monast. dioc.,par. eccl.,,252,
Wintzenheim,Witzenheim,Basil. dioc.,par. eccl.,,92,
Wippach,Wippacum,Aquil. dioc.,par. eccl. s. Stephani,,"228, 310",
Wirtenberg,,,,,,Württemberg
Wiry,"? Wyr, Wiir",Poznan. dioc.,par. eccl.,,"282, 283",
Wischedrad,Wissegaden.,Prag. dioc.,eccl. s. Petri,decan.,183,
Wischedrad,Wissegaden.,Prag. dioc.,eccl. s. Petri,can.,"20, 50, 173, 251",
Wischo,,,,,,Treptow
Wiselburg,,,,,,Wieselburg
Wisenpfelt,,,,,,Wiesenfeld
Wisenstaig,,,,,,Wiesensteig
Wiskow,,,,,,Treptow
Wislica,"Vislicien., Wislicien.",Gnezn. dioc.,eccl. b. Marie,cantor.,310,
Wislica,"Vislicien., Wislicien.",Gnezn. dioc.,eccl. b. Marie,can.,399,
Wismar,"Wysmarien., Wismer",Raseb. dioc.,par. eccl. s. Georgii,,"235, 290",
Wismar,"Wysmarien., Wismer",Raseb. dioc.,par. eccl. b. Marie,,"210, 216, 256",
Wissegaden.,,,,,,Wischedrad
Wissenhorn,,,,,,Weissenhorn
Withmunden,,,,,,Wittmund
Wittenberg,,Brandeb. dioc.,eccl. Omniumsanctorum,,"329, 375",
Wittenberg,,Brandeb. dioc.,,civit.,329,
Witterda,Witterde,Magunt. dioc.,par. eccl.,,195,
Witternheim,Wittersheim,Argent. dioc.,par. eccl.,,333,
Wittichenau,"Wytschenau, Witchenaw",Misn. dioc.,par. eccl.,,"276, 318, 399",
Wittmund,"Withmunden, Wichtmunden",Traiect. dioc.,par. eccl.,,277,
Witzenheim,,,,,,Wintzenheim
Wladislauien.,,,,,,"Leslau, Loslau"
Wlfrastorf,,,,,,Wulfersdorf
Wlinghusen,,,,,,Wülﬁnghusen
Woerden,,Traiect. dioc.,par. eccl.,,244,
Woghedeshagen,,,,,,Voigtshagen
Wognum,? Woggenheim,Traiect. dioc.,par. eccl.,,324,
Wola,Longawola,Poznan. dioc.,eccl. ﬁlialis ss. Laurentii et Marci,,102,
Wolborz,"Woybors, Woyborcz",Gnezn. dioc.,par. eccl.,,"37, 289",
Woldenbrucge,,,,,,Wallenbrück
Wolfenbüttel,Vulfelbotel,Halberst. dioc.,capel. s. Longini,,376,
Wolfenbüttel,Vulfelbotel,Halberst. dioc.,,castrum,"64, 376",
Wolfensweiler,Woluensuiler,Const. dioc.,par. eccl.,,226,
Wölfis,Wolfys,Magunt. dioc.,par. eccl.,,158,
Wolfsbach,Wolfspach,Patav. dioc.,par. eccl. s. Viti,,352,
Wolfsberg,Wolfsperg,Salzb. dioc.,par. eccl.,,126,
Wolkenderode,,,,,,Volkerode
Wollin,Wolyn,Camin. dioc.,mon. Cist. ord.,priorissa,9,
Wollmen,Wolmen,Merseb. dioc.,par. eccl.,,147,
Wondelgem,Wondelgheem,Tornac. dioc.,par. eccl.,,291,
Wonsees,Wunghesesz,Bamberg. dioc.,par. eccl.,,"349, 401",
Woringen,Worringen,August. dioc.,par. eccl.,,9,
Wormditt,Wormedith,Warmien. dioc.,par. eccl.,,125,
Wormpach,,,,,,Formbach
Worms,Wormatien.,,,ep.,"135, 271, 391",
Worms,Wormatien.,,eccl.,prepos.,24,
Worms,Wormatien.,,eccl.,can.,"66, 71, 287, 299",
Worms,Wormatien.,,eccl.,capit.,135,
Worms,Wormatien.,,eccl.,vic.,315,
Worms,Wormatien.,,eccl.,alt.,"161, 287",
Worms,Wormatien.,,eccl. s. Andree,prepos.,224,
Worms,Wormatien.,,eccl. s. Andree,can.,224,
Worms,Wormatien.,,eccl. s. Ciriaci Nuhusen. e. m.,prepos.,121,
Worms,Wormatien.,,eccl. s. Ciriaci Nuhusen. e. m.,can.,"91, 224, 394",
Worms,Wormatien.,,eccl. s. Ciriaci Nuhusen. e. m.,capit.,121,
Worms,Wormatien.,,eccl. b. Marie e. m.,vic.,239,
Worms,Wormatien.,,capel. novi hosp. paup. e. m.,alt.,227,
Worms,Wormatien.,,mon. Nunnenmunster Cist. ord. e. m.,alt. in eccl.,227,
Worms,Wormatien.,,,presb.,287,
Worms,Wormatien.,,,cler.,"121, 177, 211, 224, 260, 292, 394",
Worms,Wormatien.,,,subcollect.,391,
Worms,Wormatien.,,,civit.,337,
Worselden,,,,,,Wurselde
Woyborcz,,,,,,Wolborz
Wratislauien.,,,,,,Breslau
Wulfersdorf,Wlfrastorf,Misn. dioc.,par. eccl.,,28,
Wülflinghausen,"Wlinghusen, Wulinc husen",Hildesem. dioc.,mon. o. s. A.,,376,
Wunghesesz,,,,,,Wonsees
Wunnaw,,,,,,Wynau
Wunsiedel,Bonsidel,Ratisp. dioc.,par. eccl.,,"86, 87",
Wunstorf,Vunstorp,Minden. dioc.,,comes,257,
Wurselde,Worselden,Colon. dioc.,par. eccl.,,10,
Wursten,Wurzacia,Bremen. dioc.,,archidiacon.,95,
Württemberg,Wirtenberg,Const. dioc.,,comes,107,
Würzburg,Herbipolen.,,,ep. (el.),"39, 67, 79, 86, 91, 94, 105, 126, 154, 158, 164, 167, 189, 197, 201, 215, 223, 230, 254, 272, 281, 294, 311, 391",
Würzburg,Herbipolen.,,,vic. episc.,"86, 94, 269, 281",
Würzburg,Herbipolen.,,eccl.,,7,
Würzburg,Herbipolen.,,eccl.,prepos.,301,
Würzburg,Herbipolen.,,eccl.,decan.,301,
Würzburg,Herbipolen.,,eccl.,archidiacon.,185,
Würzburg,Herbipolen.,,eccl.,scholast.,123,
Würzburg,Herbipolen.,,eccl.,can.,"7, 8, 105, 110, 111, 122, 123, 126, 132, 133, 163, 165, 175, 185, 197, 216, 272, 273, 275, 294, 302, 350, 351",
Würzburg,Herbipolen.,,eccl.,capit.,"39, 67, 164, 167, 189, 391",
Würzburg,Herbipolen.,,eccl.,vic.,"55, 109, 165, 168, 299",
Würzburg,Herbipolen.,,eccl.,alt.,223,
Würzburg,Herbipolen.,,eccl. s. Johannis in Haugis e. m.,prepos.,175,
Würzburg,Herbipolen.,,eccl. s. Johannis in Haugis e. m.,can.,"14, 92, 96, 141, 142, 276",
Würzburg,Herbipolen.,,eccl. s. Johannis Nouimonasterii,prepos.,105,
Würzburg,Herbipolen.,,eccl. s. Johannis Nouimonasterii,vicedecan.,239,
Würzburg,Herbipolen.,,eccl. s. Johannis Nouimonasterii,can.,"121, 165, 215, 239, 349, 391, 400",
Würzburg,Herbipolen.,,eccl. s. Johannis Nouimonasterii,capit.,239,
Würzburg,Herbipolen.,,mon. s. Burchardi o. s. B. e. m.,,167,
Würzburg,Herbipolen.,,mon. s. Burchardi o. s. B. e. m.,abb.,281,
Würzburg,Herbipolen.,,,presb.,"86, 88, 91, 158, 164, 206, 269",
Würzburg,Herbipolen.,,,cler.,"39, 61, 78, 87, 110, 121, 123, 133, 152, 165, 167, 169, 206, 207, 216, 275, 276, 351",
Würzburg,Herbipolen.,,,can. in civit.,266,
Würzburg,Herbipolen.,,,scolar.,172,
Würzburg,Herbipolen.,,,armig.,"42, 105, 278",
Würzburg,Herbipolen.,,,laici,"39, 96, 107, 175, 275, 362",
Würzburg,Herbipolen.,,,castrum Montis b. Marie Virg.,197,
Wurzen,Wurtzin.,Misn. dioc.,eccl.,can.,176,
Wydenburg,,,,,,Wiedenbrück
Wyler,,,,,,Weiler
Wynheym,,,,,,Weinheim
Wynsem,,,,,,Winsen
Wynau,? Wunnaw,Const. dioc.,par. eccl.,,203,
Wyr,,,,,,Wiry
Wysenpfelt,,,,,,Wiesenfeld
Wyskirchen,,,,,,Weisskirchen
Wychtenaw,,,,,,Wittichenau
Xanten,Xancten.,Colon. dioc.,eccl. s. Victoris,prepos.,"12, 25, 117, 118, 130, 135, 153, 154",
Xanten,Xancten.,Colon. dioc.,eccl. s. Victoris,decan.,135,
Xanten,Xancten.,Colon. dioc.,eccl. s. Victoris,dign.,"346, 372",
Xanten,Xancten.,Colon. dioc.,eccl. s. Victoris,can.,"12, 25, 31, 37, 58, 117, 118, 132, 134, 217, 237, 316, 317, 324, 325, 344, 346, 372, 395",
Xanten,Xancten.,Colon. dioc.,eccl. s. Victoris,capit.,"25, 117, 118, 135",
Xanten,Xancten.,Colon. dioc.,eccl. s. Victoris,offic.,135,
Ybbs,"Ybsa, Insa",,,flumen,122,
Yhorst,,Traiect. dioc.,par. eccl.,,145,
Ylergoye,,,,,,Illergau
Ymestat,,,,,,Immenstaad
Ymmenhusen,,,,,,Immenhusen
Yogkrim.,,,,,,Stolpe
Yponen.,,,,,,Hippo
Ysen,,,,,,Isen
Yselsteyn,,,,,,Isselstein
Ysenhem,,,,,,Isenheim
YsonTIUS,,,,,,ISONZO
YsselMuiden,Yselmuden,Traiect. dioc.,par. eccl.,,216,
Yuodien.,,,,,,Ivoix-Carignan
Zabelstein,Czabelstein,Herbipol. dioc.,,castrum,189,
Zabern,Zabernia,Argent. dioc.,par. eccl.,,32,
Zabern,Zabernia,Argent. dioc.,mon. s. Marie,,32,
Zabulum,,,,,,Brüssel
(Kl.) Zacken,"Czaken, Wenige Cz.",Wratisl. dioc.,,flumen,281,
Zagrabien.,,,,,,Agram
Zallandia,,,,,,Seeland
Zandberg,,Traiect. dioc.,,domina,139,
Zarow,,,,,,Sarau
Zeflicen.,,,,,,Zyfflich
Zeholfing,Czeolfinghen,Patav. dioc.,par. eccl.,,224,
Zeitz,"Ciczen., Czicen., Cy cen.",Nuemb. dioc.,eccl.,prepos.,"22, 386",
Zeitz,"Ciczen., Czicen., Cy cen.",Nuemb. dioc.,eccl.,dign.,398,
Zeitz,"Ciczen., Czicen., Cy cen.",Nuemb. dioc.,eccl.,can.,"22, 202, 316, 386, 398",
Zeitz,"Ciczen., Czicen., Cy cen.",Nuemb. dioc.,eccl.,capit.,"22, 394",
Zeitz,"Ciczen., Czicen., Cy cen.",Nuemb. dioc.,eccl.,vic.,"52, 143, 204, 216, 274, 301, 386, 394",
Zelandia,,,,,,Seeland
Zelente,,,,,,Selent
Zelking,Czelking,Patav. dioc.,,baron.,167,
Zell,Celle,Salzb. dioc.,par. eccl. b. Marie Virg.,,258,
Zengg,Signen.,,,ep.,370,
Zeven,Tzeuana,Bremen. dioc.,mon. s. Viti o. s. B.,"prep., priorissa ac conv.",246,
Ziegenhals,Czegenhals,Wratisl. dioc.,par. eccl. s. Laurentii,,"113, 284",
Zimbria,,,,,,Cembra
Zinnich,,,,,,Sinnich
Zirl,,Brixin. dioc.,eccl. s. Crucis,benef.,19,
Zitterden.,,,,,,Sittard
Znin,"Zwena, Znena",Poznan. dioc.,mon.,abb.,282,
Zoelen,,Traiect. dioc.,par. eccl.,,206,
Zofingen,,Const. dioc.,eccl. s. Mauritii,can.,"155, 294",
Zofingen,,Const. dioc.,eccl. s. Mauritii,capit.,32,
Zollae,,,,,,Mecheln
Zollern,Czolrn,,,comes,118,
Zosserim,,,,,,Sossmar
Zürich,Thuricen.,,abbatia ss. Felicis et Regule,prepos.,"90, 219",
Zürich,Thuricen.,,abbatia ss. Felicis et Regule,can.,"90, 92, 208, 219, 220, (233 345), 399",
Zürich,Thuricen.,,abbatia ss. Felicis et Regule,pleban.,"90, 219",
Zürich,Thuricen.,,ss. Felicis et Regule,prepos.,354,
Zürich,Thuricen.,,ss. Felicis et Regule,can.,"100, 101, 147, (208), 219, 220, (233 345), 355, 399",
Zürich,Thuricen.,,ss. Felicis et Regule,vic.,73,
Zurzach,Zurcziac.,Const. dioc.,eccl. s. Verene,can.,"284, 340",
Zusandmarein,,,,,,St. Marein
Zutphen,Zutphanen.,Traiect. dioc.,eccl. s. Walburgis,can.,137,
Zutphen,Zutphanen.,Traiect. dioc.,eccl. s. Walburgis,vic.,"185, 241, 278",
Zutphen,Zutphanen.,Traiect. dioc.,,cometa,"145, 188",
Zwarzach,,,,,,Schwarzach
Zwena,,,,,,Znin
Zwentendorf,Czwentendorff,Patav. dioc.,,par eccl.,316,
Zwerin.,,,,,,Schwerin
Zwettl,Czwetel,Patav. dioc.,par. eccl.,,"339, 340",
Zwetzko,,,,,,Schwetz
Zwickau,Czwickow,Nuemb. dioc.,capel. hosp. s. Georgii e. m.,,32,
Zwiefalten,"Zwiffalten, Czwifaltingen",Const. dioc.,mon. o. s. B.,abb.,"273, 375",
Zwiefalten,"Zwiffalten, Czwifaltingen",Const. dioc.,mon. o. s. B.,conv.,273,
Zwolle,"Swolle, Zuolle",Traiect. dioc.,par. eccl. s. Michaelis,,"341, 344",
Zwolle,"Swolle, Zuolle",Traiect. dioc.,mon. o. s. A.,prior et conv.,297,
Zwolle,"Swolle, Zuolle",Traiect. dioc.,mon. o. s. A.,monach.,140,
Zyfflich,Zeflicen.,Colon. dioc.,eccl.,can.,135,
Zynsich,,,,,,Sinzig
