ort_id,Place,Name Variant,Diocese,Institution,Office,Column_num,Reference
10300001,Aachen,"Aquisgran., Aquen.",Leod. dioc.,eccl. s. Adalberti,prepos.,239,
10300001,Aachen,"Aquisgran., Aquen.",Leod. dioc.,eccl. s. Adalberti,can.,239,
10300001,Aachen,"Aquisgran., Aquen.",Leod. dioc.,eccl. s. Marie,,54,
10300001,Aachen,"Aquisgran., Aquen.",Leod. dioc.,eccl. s. Marie,prepos.,"107, 161, 179, 256",
10300001,Aachen,"Aquisgran., Aquen.",Leod. dioc.,eccl. s. Marie,decan.,"6, 137",
10300001,Aachen,"Aquisgran., Aquen.",Leod. dioc.,eccl. s. Marie,cantor.,325,
10300001,Aachen,"Aquisgran., Aquen.",Leod. dioc.,eccl. s. Marie,archipresbyt.,183,
10300001,Aachen,"Aquisgran., Aquen.",Leod. dioc.,eccl. s. Marie,dign.,"166, 313",
10300001,Aachen,"Aquisgran., Aquen.",Leod. dioc.,eccl. s. Marie,can.,"7, 57, 137, 157, 161, 166, 194, 204, 258, 303, 325, 354, 355",
10300001,Aachen,"Aquisgran., Aquen.",Leod. dioc.,eccl. s. Marie,capit.,"107, 161, 179, 256",
10300001,Aachen,"Aquisgran., Aquen.",Leod. dioc.,eccl. s. Marie,vic.,"159, 326",
10300001,Aachen,"Aquisgran., Aquen.",Leod. dioc.,eccl. s. Marie,capel.,159,
10300001,Aachen,"Aquisgran., Aquen.",Leod. dioc.,par. eccl. s. Flori,,217,
10300001,Aachen,"Aquisgran., Aquen.",Leod. dioc.,par. eccl. b. Marie,,239,
10300001,Aachen,"Aquisgran., Aquen.",Leod. dioc.,capel. s. Salvatoris,,325,
10300001,Aachen,"Aquisgran., Aquen.",Leod. dioc.,dom. ord. Carmelit.,,133,
10300001,Aachen,"Aquisgran., Aquen.",Leod. dioc.,dom. s. Egidii ord. b. Marie Theuton.,,325,
10300001,Aachen,"Aquisgran., Aquen.",Leod. dioc.,,opid.,"54, 217",
10300002,Aalen,Aulon,August. dioc.,par. eccl.,,5,
10300003,Aargau,Ergoye,Const. dioc.,,archidiacon.,94,
10300004,Abcoude,,Traiect. dioc.,,dominus loci,368,
10300005,Abstetten,Absteten,Patav. dioc.,par. eccl.,,"76, 358",
10300006,Acco,Acconen.,,,ep.,"94, 168",
10300008,Adensen,"Adenoys, Andenois",Minden. dioc.,par. eccl.,,"361, 376",
10300011,Admont,,Salzb. dioc.,mon. o. s. B.,,353,
10300011,Admont,,Salzb. dioc.,mon. o. s. B.,abb.,353,
10300012,Adorf,,Nuemb. dioc.,,castrum,13,
10300013,Adriach,,Salzb. dioc.,par. eccl.,,"339, 340",
10300014,Adwert,"Adewert, Adewoert",Monast. dioc.,mon. Cist. ord.,monach,"148, 160",
10300016,Affenhausen,Affhausen,Patav. dioc.,par. eccl.,,353,
10300018,Agde,Agaten.,,eccl.,prepos.,300,
10300019,St. Ägyden bei Steinbrück,Raczach,Aquil. dioc.,par. eccl.,,313,
10300020,Ägina,Egninen.,,,ep.,363,
10300021,Agneyum,,? Meten. dioc.,,priorat. o. s. B.,312,
10300022,Agram,Zagabien.,,,ep.,284,
10300022,Agram,Zagabien.,,eccl.,can.,284,
10300022,Agram,Zagabien.,,,dioc.,247,
10300023,Aholming,Ohalming,Patav. dioc.,par. eccl.,,385,
10300024,Aich,Aych,Aquil. dioc.,par. eccl.,,243,
10300025,Aiterhofen,,Ratisp. dioc.,par. eccl.,,284,
10300026,Aix,Aquen.,,,dioc.,208,
10300029,Albano,Albanen.,,,ep.,201,
10300030,Albeins,,Brixin. dioc.,par. eccl.,,119,
10300031,Albicastren,,,,ep.,370,
10300032,Albrechtsberg,Albrechtzperg,Patav. dioc.,par. eccl. s. Laurentii,,359,
10300036,Alet,Electen.,,,ep.,"162, 357",
10300037,Alexandrien,Alexandria,,,op.,305,
10300038,Alfeld,Auelden.,Hildesem. dioc.,capel. s. Spiritus,,265,
10300039,Algesheim,"Algisheim, Algensheim",Magunt. dioc.,par. eccl.,,274,
10300039,Algesheim,"Algisheim, Algensheim",Magunt. dioc.,,campanaria,117,
10300040,Alkmaar,Alcmaria,Traiect. dioc.,eccl. secul.,abbat.,264,
10300040,Alkmaar,Alcmaria,Traiect. dioc.,par. eccl.,,"136, 137",
10300041,Allerheiligen,Omniusanctorum,Wratisl. dioc.,par. eccl. Omniusanctorum,,"284, 29",
10300042,Almkerk,Almkerc,Traiect. dioc.,par. eccl.,,372,
10300045,Altdamm,? Damnis,Camin. dioc.,par. eccl. s. Nicolai,,147,
10300047,Altdorf,,Argent. dioc.,mon. o. s. B.,monach.,220,
10300047,Altdorf,Altdorff al. Engenpach,Ratisp. dioc.,par. eccl.,,91,
10300048,Altenburg,Aldenburg,Nuemb. dioc.,eccl. b. Marie Virg. in castro,,46,
10300048,Altenburg,Aldenburg,Nuemb. dioc.,eccl. b. Marie Virg. in castro,prepos.,112,
10300048,Altenburg,Aldenburg,Nuemb. dioc.,capel. s. Georgii in castro,,46,
10300049,Altenmünster,de Hayaualteri al. d. Altomonasterio,Const. dioc.,par. eccl.,,327,
10300051,Altstetten,Altsteten,Const. dioc.,eccl. filialis,,140,
10300052,Alvensleben,Aluenzleue,Halberst. dioc.,capel.,,143,
10300053,Alzei,"Alzeya, Altzeia",Magunt. dioc.,dom. s. Antonii o. s. A.,preceptor,"228, 308",
10300054,St. Amarin,de Sanctoameri(a)n,Basil. dioc.,eccl. s. Amerini,prepos.,"73, 237",
10300054,St. Amarin,de Sanctoameri(a)n,Basil. dioc.,eccl. s. Amerini,can.,73,
10300054,St. Amarin,de Sanctoameri(a)n,Basil. dioc.,eccl. s. Amerini,capit.,237,
10300055,Amatia,,,,advocatus,61,
10300056,Amberg,Amberga,Ratisp. dioc.,,vicedominus,205,
10300057,Amersfoort,Amersforden.,Traiect. dioc.,eccl. s. Georgii,can.,"159, 162, 224",
10300058,Amoeneburg,Ameneburg,Magunt. dioc.,eccl.,scolast.,163,
10300058,Amoeneburg,Ameneburg,Magunt. dioc.,eccl.,can.,163,
10300059,Amsterdam,Aemsterdam,Traiect. dioc.,par. eccl.,,"62, 373",
10300059,Amsterdam,Aemsterdam,Traiect. dioc.,Nieuwe-Zijdskapel (Heiligestede),,373,
10300065,Andernach,Andernacen.,Trev. dioc.,capel. s. Michaelis,,227,
10300067,Andlau,"Andello, Andelacen., Vallis-andelache",Argent. dioc.,mon. nullius ord.,monialis,272,
10300067,Andlau,"Andello, Andelacen., Vallis-andelache",Argent. dioc.,mon. nullius ord.,alt. in eccl.,43,
10300069,Angelsdorf,Angelstorp,Colon. dioc.,par. eccl.,,319,
10300070,Angers,Andegavien.,,,dioc.,314,
10300072,St. Anne,,? Msn. dioc.,capel. s. Anne hosp. paup.,,245,
10300073,Ansbach,"Onelspach, Onalspacen.",Her-bipol. dioc.,eccl. s. Gumperti,,297,
10300073,Ansbach,"Onelspach, Onalspacen.",Her-bipol. dioc.,eccl. s. Gumperti,decan.,87,
10300073,Ansbach,"Onelspach, Onalspacen.",Her-bipol. dioc.,eccl. s. Gumperti,can.,"87, 92, 120, 165, 181, 311, 334, 346, 349, 400",
10300073,Ansbach,"Onelspach, Onalspacen.",Her-bipol. dioc.,eccl. s. Gumperti,vic.,223,
10300074,Ansperg,"Onsperg, Omsberg, Homsber, Musberg",Bamberg. dioc.,capel. s. Viti,,"123, 334",
10300075,Antiochien,Antiochia,,,patr.,30,
10300077,Aosta,Augusten.,,,ep.,"49, 147, 242, 330, 361, 366",
10300078,Appenheim,,Magunt. dioc.,par. eccl.,,317,
10300079,Appenzell,Appenceller,,,rustici,330,
10300081,Aquileja,Aquilegien.,,,patr.,"12, 24, 125, 170, 287, 321, 352",
10300081,Aquileja,Aquilegien.,,eccl.,can.,"279, 287",
10300081,Aquileja,Aquilegien.,,eccl.,capit.,"278, 321, 352",
10300081,Aquileja,Aquilegien.,,eccl.,benef.,279,
10300081,Aquileja,Aquilegien.,,,presb.,"125, 278, 284, 321, 340",
10300081,Aquileja,Aquilegien.,,,cler.,"110, 192, 375",
10300081,Aquileja,Aquilegien.,,,scolar.,236,
10300081,Aquileja,Aquilegien.,,,armig.,"128, 176",
10300081,Aquileja,Aquilegien.,,,mil.,"42, 50, 107, 110, 167",
10300081,Aquileja,Aquilegien.,,,laici,125,
10300081,Aquileja,Aquilegien.,,,castella,12,
10300083,Aragon,,,,rex,334,
10300084,Arberg,,Eystet. dioc.,par. eccl.,,96,
10300085,Ardagger,Ardeac.,Patav. dioc.,eccl. s. Margarete,prepos.,170,
10300085,Ardagger,Ardeac.,Patav. dioc.,eccl. s. Margarete,can.,321,
10300087,Arezzo,Aretin.,,,ep.,113,
10300087,Arezzo,Aretin.,,,civit.,13,
10300089,Arheiligen,Arheilgen,Magunt. dioc.,capel. b. Marie Virg.,,54,
10300090,Arien,,,,ep.,90,
10300092,Armuth,Armud,Magunt. dioc.,capel. s. Catherine,,192,
10300093,Arnheim,Arnhemen.,Traiect. dioc.,eccl. s. Walburgis,prepos.,6,
10300093,Arnheim,Arnhemen.,Traiect. dioc.,eccl. s. Walburgis,decan.,"100, 258",
10300093,Arnheim,Arnhemen.,Traiect. dioc.,eccl. s. Walburgis,can.,"215, 225, 313, 347",
10300094,Arni,,Const. dioc.,par. eccl. s. Johannis bapt.,,186,
10300096,Arnoldstein,Arnoldstain,Aquil. dioc.,mon. o. s. B.,,192,
10300097,St. Arnual,de Sanctoarnuale,Meten. dioc.,eccl. s. Arnualis,can.,314,
10300098,Arsdorf,Aresdorf,Trev. dioc.,par. eccl.,,46,
10300099,Arth,Art,Const. dioc.,par. eccl.,,360,
10300100,Asbach,Aspach,Patav. dioc.,par. eccl.,,"213, 284",
10300101,Aschaffenburg,Aschaffinburg,Magunt. dioc.,eccl. ss. Petri et Alexandri,prepos.,88,
10300101,Aschaffenburg,Aschaffinburg,Magunt. dioc.,eccl. ss. Petri et Alexandri,can.,"28, 90, 114, 158, 195, 309, 310",
10300101,Aschaffenburg,Aschaffinburg,Magunt. dioc.,eccl. ss. Petri et Alexandri,capit.,88,
10300101,Aschaffenburg,Aschaffinburg,Magunt. dioc.,par. eccl. s. Agathe e. m.,,158,
10300102,Aschendorf,Asschendorpe,Osnab. dioc.,par. eccl.,,64,
10300103,Aschersleben,"Asschersleiben, Aschersleue",Halberst. dioc.,capel. s. Nicolai in castro,,"120, 130, 387",
10300106,Assisi,Assisinat.,,mon. s. Petri o. s. B.,abb.,288,
10300108,Athyra,Naturen.,,,ep.,110,
10300109,Attendorn,,Colon. dioc.,par. eccl.,,355,
10300110,Attenheim,Atensheim,Patav. dioc.,capel. hosp. paup.,,324,
10300111,Attenhofen,Attelkouen,Ratisp. dioc.,par. eccl.,,367,
10300113,Atting,Ating,Ratisp. dioc.,par. eccl.,,27,
10300115,Au,Ow,Const. dioc.,eccl. s. Georgii,can.,186,
10300115,Au,Aw,Frising. dioc.,eccl. filialis,,7,
10300117,Aub,"Augea, Auwe",Herbipol. dioc.,eccl. s. Marie o. s. A.,prepos.,281,
10300117,Aub,"Augea, Auwe",Herbipol. dioc.,mon. o. s. B.,,59,
10300118,Audorf,"Ousdorff, Oustorff",Salzb. dioc.,par. eccl.,,"129, 292",
10300119,Aue,? Oue,Traiect. dioc.,par. eccl.,,130,
10300120,Auerbach,Awrbach,Patav. dioc.,par. eccl.,,"187, 206",
10300124,Augsburg,Augusten.,,,ep. (el.),"7, 51, 52, 75, 76, 84, 88, 115, 125, 184, 199, 212, 213, 219, 298",
10300124,Augsburg,Augusten.,,,vic. episc.,"125, 184, 212",
10300124,Augsburg,Augusten.,,,mensa episc.,52,
10300124,Augsburg,Augusten.,,eccl.,prepos.,392,
10300124,Augsburg,Augusten.,,eccl.,decan.,135,
10300124,Augsburg,Augusten.,,eccl.,custod.,"51, 219",
10300124,Augsburg,Augusten.,,eccl.,dign.,311,
10300124,Augsburg,Augusten.,,eccl.,can.,"52, 88, 93, 96, 121, 135, 207, 212, 219, 311, 359, 376, 392",
10300124,Augsburg,Augusten.,,eccl.,capit.,"51, 199, 212",
10300124,Augsburg,Augusten.,,eccl.,alt.,212,
10300124,Augsburg,Augusten.,,eccl. s. Mauritii,,58,
10300124,Augsburg,Augusten.,,eccl. s. Mauritii,prepos.,392,
10300124,Augsburg,Augusten.,,eccl. s. Mauritii,decan.,"88, 125, 155, 183, 298",
10300124,Augsburg,Augusten.,,eccl. s. Mauritii,can.,"75, 88, 155, 207, 212, 268, 269, 392",
10300124,Augsburg,Augusten.,,eccl. s. Mauritii,capit.,155,
10300124,Augsburg,Augusten.,,capel. s. Gertrudis,,392,
10300124,Augsburg,Augusten.,,capel. s. Ottilie,,58,
10300124,Augsburg,Augusten.,,capel. s. Sepulcri,,359,
10300124,Augsburg,Augusten.,,mon. ss. Vlrici et Afre o. s. B.,abb.,58,
10300124,Augsburg,Augusten.,,mon. s. Vrsi e. m.,,58,
10300124,Augsburg,Augusten.,,,presb.,"84, 125, 155, 162, 184, 199, 298, 354, 360, 387",
10300124,Augsburg,Augusten.,,,cler.,"51, 62, 73, 84, 149, 189, 210, 219, 268, 269, 298, 303, 387",
10300124,Augsburg,Augusten.,,,subcollect.,"155, 212",
10300124,Augsburg,Augusten.,,,offic.,88,
10300124,Augsburg,Augusten.,,,armig.,298,
10300124,Augsburg,Augusten.,,,opid.,268,
10300124,Augsburg,Augusten.,,,laici,"51, 75, 362",
10300128,Autun,Eduen.,,,dioc.,180,
10300131,St. Avold,de Sanctonabore,Meten. dioc.,mon. s. Naboris o. s. B.,abb. e. conv.,42,
10300137,Azmannsdorf,Aczmanstorff,Magunt. dioc.,par. eccl.,,247,
10300138,Azum,Adlefsen,Halberst. dioc.,,archidiacon.,97,
10300139,Babenhausen,Babinhusen,Magunt. dioc.,par. eccl.,,368,
10300140,Babylonien,Babilonia,,,soldanus,305,
10300141,Baden,,Const. dioc.,hosp. paup.,,59,
10300141,Baden,,Const. dioc.,,marchio,"45, 64, 167, 223, 285, 333",
10300142,Badenheim,,Magunt. dioc.,par. eccl.,,116,
10300144,Balsamgau,Balsamia,Halberst. dioc.,,archidiacon.,105,
10300145,Bamberg,,,,ep.,"39, 61, 92, 93, 111, 123, 126, 151, 15, 189, 235, 241, 264",
10300145,Bamberg,,,,capellani episc.,123,
10300145,Bamberg,,,eccl.,decan.,273,
10300145,Bamberg,,,eccl.,can.,"39, 109, 12, 122, 123, 163, 165, 273, 302",
10300145,Bamberg,,,eccl.,capit.,"39, 92, 112, 151, 241, 273",
10300145,Bamberg,,,eccl.,vic.,"12, 127",
10300145,Bamberg,,,eccl.,alt.,"146, 151, 177",
10300145,Bamberg,,,eccl. s. Jacobi e. m.,prepos.,123,
10300145,Bamberg,,,eccl. s. Jacobi e. m.,decan.,123,
10300145,Bamberg,,,eccl. s. Jacobi e. m.,can.,"39, 96",
10300145,Bamberg,,,eccl. s. Jacobi e. m.,capit.,"12, 235",
10300145,Bamberg,,,eccl. s. Stephani e. m.,,61,
10300145,Bamberg,,,eccl. s. Stephani e. m.,prepos.,"61, 105, 123, 241",
10300145,Bamberg,,,eccl. s. Stephani e. m.,decan.,"61, 158, 197",
10300145,Bamberg,,,eccl. s. Stephani e. m.,can.,"39, 97, 105, 119, 159, 165, 374",
10300145,Bamberg,,,eccl. s. Stephani e. m.,capit.,"61, 241",
10300145,Bamberg,,,"eccl. b. Marie in Teuerstadt (Teurstat, Tew(e)rstat e. m.)",decan.,151,
10300145,Bamberg,,,"eccl. b. Marie in Teuerstadt (Teurstat, Tew(e)rstat e. m.)",vicedecan.,103,
10300145,Bamberg,,,"eccl. b. Marie in Teuerstadt (Teurstat, Tew(e)rstat e. m.)",can.,"39, 103, 111, 215",
10300145,Bamberg,,,"eccl. b. Marie in Teuerstadt (Teurstat, Tew(e)rstat e. m.)",capit.,103,
10300145,Bamberg,,,capel. s. Andree,,311,
10300145,Bamberg,,,mon. s. Clare ord. s. Clare,,61,
10300145,Bamberg,,,,presb.,"73, 93, 94, 295, 298",
10300145,Bamberg,,,,cler.,"39, 91, 110, 163, 241",
10300145,Bamberg,,,,collector,"137, 241",
10300145,Bamberg,,,,armig.,165,
10300145,Bamberg,,,,mil.,375,
10300145,Bamberg,,,,laici,"39, 51, 76, 162, 211, 245, 247, 274, 310, 314, 333",
10300146,Bar,Barren.,Tullen. dioc.,,dux,106,
10300148,Bardowieck,Bardewicen. Verden. seu,Halberst. dioc.,eccl. ss. Petri et Pauli,prepos.,389,
10300148,Bardowieck,Bardewicen. Verden. seu,Halberst. dioc.,eccl. ss. Petri et Pauli,decan.,"83, 84, 231",
10300148,Bardowieck,Bardewicen. Verden. seu,Halberst. dioc.,eccl. ss. Petri et Pauli,can.,"18, 82, 83, 84, 145, 183, 237, 389, 396",
10300148,Bardowieck,Bardewicen. Verden. seu,Halberst. dioc.,eccl. ss. Petri et Pauli,capit.,389,
10300148,Bardowieck,Bardewicen. Verden. seu,Halberst. dioc.,eccl. ss. Petri et Pauli,vic.,7,
10300149,Barendt,Barenthe,Pomezan. dioc.,par. eccl.,,240,
10300150,Basel,Basilien.,,,ep. (el.),"14, 16, 42, 78, 91, 181, 260, 332",
10300150,Basel,Basilien.,,,vic. gen.,260,
10300150,Basel,Basilien.,,eccl.,prepos.,312,
10300150,Basel,Basilien.,,eccl.,can.,"67, 73, 90, 114, 149, 181, 208, 319",
10300150,Basel,Basilien.,,eccl.,capit.,42,
10300150,Basel,Basilien.,,eccl.,alt. (capel.),"237, 312, 319",
10300150,Basel,Basilien.,,eccl. s. Petri,archidiacon.,90,
10300150,Basel,Basilien.,,eccl. s. Petri,thesaurar.,"90, 260",
10300150,Basel,Basilien.,,mon. s. Albani o. s. B.,prior,287,
10300150,Basel,Basilien.,,,presb.,259,
10300150,Basel,Basilien.,,,cler.,"73, 273",
10300150,Basel,Basilien.,,,puella litterata,"78, 272",
10300150,Basel,Basilien.,,,collector,"137, 241",
10300150,Basel,Basilien.,,,opid.,78,
10300150,Basel,Basilien.,,,civit.,337,
10300151,Bassel,Baselen,Meten. dioc.,mon. s. Johannis o. s. A.,capel. in eccl.,215,
10300152,Bathmen,Batman,Traiect. dioc.,par. eccl.,,351,
10300153,Bautzen,Budissin.,Misn. dioc.,eccl. s. Petri,prepos.,"242, 276, 344",
10300153,Bautzen,Budissin.,Misn. dioc.,eccl. s. Petri,cantor.,245,
10300153,Bautzen,Budissin.,Misn. dioc.,eccl. s. Petri,can.,"176, 181, 274",
10300153,Bautzen,Budissin.,Misn. dioc.,eccl. s. Petri,capit.,242,
10300153,Bautzen,Budissin.,Misn. dioc.,eccl. s. Petri,vic.,"242, 245, 390, 397",
10300154,Bayern,Bauaria,,,provinc. ord. Herem. s. A.,"25, 125, 137",
10300154,Bayern,Bauaria,,,dux,"13, 14, 16, 26, 31, 60, 81, 91, 114, 146, 191, 263, 267, 277, 279, 295, 391",
10300154,Bayern,Bauaria,,,ducissa,"14, 75, 271",
10300154,Bayern,Bauaria,,,vicedom. Inferioris-Bauarie,"160, 304",
10300154,Bayern,Bauaria,,,ducatus,267,
10300155,Bayeux,Baiocen.,,,el.,216,
10300156,Bayreuth,Peyerreut,Bamberg. dioc.,capel. s. Crucis,,304,
10300157,Beauvais,Beluacen.,,eccl.,decan.,268,
10300157,Beauvais,Beluacen.,,eccl.,can.,268,
10300159,Bebra,Bebracen.,Magunt. dioc.,eccl. ss. Justi et Clementis,decan.,148,
10300159,Bebra,Bebracen.,Magunt. dioc.,eccl. ss. Justi et Clementis,capit.,148,
10300159,Bebra,Bebracen.,Magunt. dioc.,eccl. ss. Justi et Clementis,vic.,"148, 225",
10300161,Beckum,Beken.,Monast. dioc.,eccl.,thesaurar.,213,
10300161,Beckum,Beken.,Monast. dioc.,eccl.,can.,213,
10300162,Bedburg,"Beydbur, Beydburreyfercheyt",Colon. dioc.,par. eccl.,,63,
10300162,Bedburg,"Beydbur, Beydburreyfercheyt",Colon. dioc.,dom. fr. ord. Herem.,,63,
10300163,Bederkesa,,Bremen. dioc.,par. eccl.,,293,
10300164,Beenhausen,Benhusen,Magunt. dioc.,par. eccl.,,159,
10300165,"Beelhem, Bethlehem","Belheim, Belheem",Traiect. dioc.,mon. o. s. A.,abb. et conv.,351,
10300165,"Beelhem, Bethlehem","Belheim, Belheem",Traiect. dioc.,mon. o. s. A.,monach.,140,
10300166,Beesd,Beesede,Traiect. dioc.,par. eccl.,,133,
10300167,Beeskow,Besekow,Misn. dioc.,eccl.,alt.,324,
10300169,Beinwil,Beinuiler,Basil. dioc.,mon. s. Vincentii o. s. B.,administrator,252,
10300171,Belbuck,Belbuk,Camin. dioc.,mon. Prem. ord.,monach.,253,
10300174,Bellelay,Bellilage,Basil. dioc.,mon. o.s.B.(Prem. ord.),abb.,"14, 145",
10300175,Belluno-Feltre,Bellunen. et Feltren.,,,mensa episc.,288,
10300175,Belluno-Feltre,Bellunen. et Feltren.,,,feuda,288,
10300179,Bentheim,Benthem,Traiect. dioc.,,cometa,145,
10300182,Berchtesgaden,"Berchtersgaden, Pertschaden",Salzb. dioc.,mon. o. s. A.,prepos.,"19, 63, 377",
10300182,Berchtesgaden,"Berchtersgaden, Pertschaden",Salzb. dioc.,mon. o. s. A.,capit.,63,
10300183,Berg,Monten.,,,dux,23,
10300184,Bergbieten,"Bergbuthenem, Berchbutenheim",Argent. dioc.,par. eccl.,,68,
10300185,Berge,Berghen,Osnab. dioc.,par. eccl.,,253,
10300186,Bergedorf,"Bergerdorpe, Bergherdorpe",Razeb. dioc.,par. eccl.,,"82, 148",
10300188,Berghausen,Berghusen,Spiren. dioc.,capel. s. Pancratii,,195,
10300190,Bergheim,"Perchen, Percheim al. Talkerchen, Talkirchen",Ratisp. dioc.,par. eccl.,,184,
10300191,Berka,,Magunt. dioc.,par. eccl.,,151,
10300192,Berlin,,Brandeb. dioc.,eccl. s. Nicolai,,252,
10300193,Berlinichen,Noua Berlin,Camin. dioc.,par. eccl.,,86,
10300194,Bermatingen,,Const. dioc.,par. eccl.,,"89, 96, 187",
10300195,Bernau,Bernow,Brandeb. dioc.,par. eccl.,,130,
10300196,Bernbach,Bernspach,August. dioc.,par. eccl.,,5,
10300197,Bernburg,Berneburg,Magdeb. dioc.,eccl.,alt.,324,
10300198,St. Bernhard,Mons Jouis,Sedun. dioc.,hosp. ss. Bernardi et Nicolai o. s. A.,prepos.,179,
10300198,St. Bernhard,Mons Jouis,Sedun. dioc.,hosp. ss. Bernardi et Nicolai o. s. A.,can.,179,
10300198,St. Bernhard,Mons Jouis,Sedun. dioc.,hosp. ss. Bernardi et Nicolai o. s. A.,conv.,179,
10300199,Bernhardszell,Cellabernhardi,Const. dioc.,par. eccl. s. Martini,,168,
10300200,Bernsdorf,Bernstorff,Misn. dioc.,par. eccl.,,276,
10300201,Bernstadt,Bernstad,Wratisl. dioc.,par. eccl.,,339,
10300203,Berschis,Berschina,Curien. dioc.,par. eccl.,,90,
10300204,Bersenbrück,Bersenburghe,Osnab. dioc.,mon. o. s. B.,abb. et conv.,270,
10300205,Berssen,Berson,Osnab. dioc.,eccl.,vic.,64,
10300206,Besancon,Bisuntin.,,mon. s. Pauli o. s. A.,can.,193,
10300206,Besancon,Bisuntin.,,,cler.,335,
10300208,Bessières,Becerie,Xancton. dioc.,dom. s. Antonii o. s. A.,preceptor.,60,
10300210,Bettmaringen,Betmaringen,Const. dioc.,par. eccl.,,69,
10300213,Bèziers,Biterren.,,par. eccl. s. Stephani Villenoue,,114,
10300214,Biberach,Bibracum,Const. dioc.,par. eccl.,,239,
10300215,Biberg,Biberc,Bamberg. dioc.,par. eccl.,,163,
10300216,Biblis,Bibelos,Magunt. dioc.,par. eccl.,,134,
10300217,Bielfeld,Biluelden.,Padeb. dioc.,eccl. b. Marie Nouiopidi,can.,"254, 255",
10300217,Bielfeld,Biluelden.,Padeb. dioc.,eccl. b. Marie Nouiopidi,vic.,"162, 221",
10300218,Bilk,Bilke,Colon. dioc.,par. eccl.,,38,
10300219,Billerbeck,"Bilrebeke, Belrebeke",Monast. dioc.,eccl.,decan.,65,
10300219,Billerbeck,"Bilrebeke, Belrebeke",Monast. dioc.,eccl.,capit.,65,
10300219,Billerbeck,"Bilrebeke, Belrebeke",Monast. dioc.,eccl.,capel.,65,
10300219,Billerbeck,"Bilrebeke, Belrebeke",Monast. dioc.,,archidiacon.,"65, 246",
10300220,Bingen,Pingwen.,Magunt. dioc.,eccl. s. Martini,prepos.,"95, 255",
10300220,Bingen,Pingwen.,Magunt. dioc.,eccl. s. Martini,decan.,"157, 260",
10300220,Bingen,Pingwen.,Magunt. dioc.,eccl. s. Martini,scholast.,250,
10300220,Bingen,Pingwen.,Magunt. dioc.,eccl. s. Martini,can.,"100, 116, 117, 157, 192, 243, 251, 260",
10300220,Bingen,Pingwen.,Magunt. dioc.,eccl. s. Martini,capit.,"157, 250, 260",
10300220,Bingen,Pingwen.,Magunt. dioc.,mon. Montissanciruperti Cist. ord. (o. s. B.),benef. in eccl.,"116, 117",
10300221,Binsfeld,Bynsuelt,Colon. dioc.,par. eccl.,,199,
10300223,Bir Seba,Bersabea,,,ep.,174,
10300224,Birkungen,Bergungin,Magunt. dioc.,par. eccl.,,29,
10300226,Bischhausen,Bischoffeshusen,Magunt. dioc.,par. eccl.,,399,
10300227,Bischofstein,Bischofstein,Trev. dioc.,eccl.,can.,234,
10300228,Bischofswerda,"Bischofwerde, By-schoffswerde",Misn. dioc.,par. eccl. b. Marie,,"28, 195, 288",
10300229,Bischofswerder,Bisschoffwerder,Pomezan. dioc.,par. eccl.,,60,
10300230,Bischofszell,Episcopaliscella,Const. dioc.,eccl. s. Pelagii,prepos.,94,
10300230,Bischofszell,Episcopaliscella,Const. dioc.,eccl. s. Pelagii,can.,"155, 262, 317",
10300231,Bislich,,Colon. dioc.,,curtis et decime,79,
10300231,Bislich,,Colon. dioc.,,predium Nouatera,79,
10300231,Bislich,,Colon. dioc.,,terra Vpdengrauen,79,
10300234,Blankenberghe,? Scarphout,Tornac. dioc.,par. eccl.,,47,
10300235,Blankenheim,Brankenheim,Magunt. dioc.,mon. o. s. A.,magistra et conv.,394,
10300236,St. Blasien,in Nigrasilua,Const. dioc.,mon. s. Blasii o. s. B.,abb. et conv.,69,
10300237,Blaubeuren,Blauburen,Const. dioc.,mon. o. s. B.,abb. et conv.,191,
10300238,Bleckenstedt,Blekenstede,Hildesem. dioc.,par. eccl.,,347,
10300239,Bleichenbach,Bleychenbach,Const. dioc.,par. eccl.,,155,
10300243,Blotnik,Blothmicza,Poznan. dioc.,,villa,357,
10300244,Bobenhausen,Bobenhusen,August. dioc.,par. eccl.,,312,
10300246,Böddeken,Budeken,Padeb. dioc.,mon. o. s. A.,prior et fr.,297,
10300247,Bodegraven,,Traiect. dioc.,par. eccl.,,"14, 43, 44",
10300249,Bodingen,Boydighen,Colon. dioc.,capel.,,313,
10300250,Böhmen,Boemia,,,rex,"23, 98, 111, 342, 375",
10300250,Böhmen,Boemia,,,regina,98,
10300250,Böhmen,Boemia,,,regnum,"17, 21, 54, 183, 211, 218, 267, 277",
10300252,Bolleschin,Boleszino,Gnezn. dioc.,par. eccl.,,30,
10300253,Bologna,Bononien.,,,legatus,70,
10300253,Bologna,Bononien.,,studium,,"6, 198, 212",
10300253,Bologna,Bononien.,,,mil.,"172, 180",
10300253,Bologna,Bononien.,,,domic.,53,
10300253,Bologna,Bononien.,,,civit.,"87, 129, 259, 288, 354",
10300255,Boltesberg,Monsboldensberg,Brandeb. dioc.,capel. b. Marie Virg.,,280,
10300256,Bolzum,Boltzem,Hildesem. dioc.,,villa,"71, 138",
10300257,Bonn,Bunnen.,Colon. dioc.,eccl. s. Cassii,prepos.,"12, 72, 152, 183, 237, 249, 310, 313",
10300257,Bonn,Bunnen.,Colon. dioc.,eccl. s. Cassii,scholast.,173,
10300257,Bonn,Bunnen.,Colon. dioc.,eccl. s. Cassii,subthesaurar.,57,
10300257,Bonn,Bunnen.,Colon. dioc.,eccl. s. Cassii,can.,"8, 57, 63, 152, 168, 171, 199, 241, 246, 250",
10300257,Bonn,Bunnen.,Colon. dioc.,eccl. s. Cassii,capit.,"72, 183, 237, 249, 310",
10300257,Bonn,Bunnen.,Colon. dioc.,eccl. s. Cassii,vic.,"231, 232",
10300257,Bonn,Bunnen.,Colon. dioc.,par. eccl. s. Remigii,,"72, 232",
10300257,Bonn,Bunnen.,Colon. dioc.,dom. leprosorum,,72,
10300257,Bonn,Bunnen.,Colon. dioc.,studium,,325,
10300257,Bonn,Bunnen.,Colon. dioc.,,civit.,72,
10300260,Boofzheim,Boffisheim,Argent. dioc.,par. eccl.,,236,
10300261,Boos,Bos,Const. dioc.,par. eccl. s. Valentini,,211,
10300262,Bopfingen,Boppfingen,August. dioc.,par. eccl.,,184,
10300264,Borgholz,"Barcholte, Borcholte",Padeb. dioc.,par. eccl.,,148,
10300265,Bork,,Wratisl. dioc.,par. eccl.,,17,
10300266,Borken,,Monast. dioc.,par. eccl.,,"252, 265, 350",
10300268,Born,,Colon. dioc.,,dominus loci,166,
10300268,Born,,Magunt. dioc.,par. eccl.,,192,
10300270,Borzanczino,,? Poznan. dioc.,par. eccl.,,232,
10300272,Bosau,Posow,Nuemb. dioc.,mon. o. s. B.,abb.,168,
10300272,Bosau,Posow,Nuemb. dioc.,mon. o. s. B.,capel.,168,
10300272,Bosau,Posow,Nuemb. dioc.,mon. o. s. B.,hosp.,168,
10300273,Bösensell,Bozensele,Monast. dioc.,par. eccl.,,"109, 263",
10300274,Bouchout,Bochout,Traiect. dioc.,par. eccl.,,291,
10300276,Bozanzaren,,Poznan. dioc.,par. eccl.,,49,
10300277,Bozen,"Bolsanum, Bolza",Trident. dioc.,capel. ss. Triumregum,,394,
10300277,Bozen,"Bolsanum, Bolza",Trident. dioc.,,civit.,138,
10300278,Braach,Brache,Magunt. dioc.,par. eccl.,,394,
10300279,Brabant,Brabantia,Leod. dioc.,,archidiacon.,"187, 228",
10300279,Brabant,Brabantia,Leod. dioc.,,custod. ord. Min.,354,
10300279,Brabant,Brabantia,Leod. dioc.,,dux,6,
10300280,Brake,Brak,Minden. dioc.,par. eccl.,,174,
10300281,Brakel,,Padeb. dioc.,par. eccl.,,390,
10300283,Bramberg,Pramberg,Salzb. dioc.,par. eccl. s. Laurentii,,"129, 324",
10300284,Bramstedt,Bramstede,Bremen. dioc.,par. eccl.,,236,
10300285,Brandenburg,Brandeburgen.,,,ep.,"52, 70, 115",
10300285,Brandenburg,Brandeburgen.,,eccl.,capit.,70,
10300285,Brandenburg,Brandeburgen.,,,cler.,201,
10300285,Brandenburg,Brandeburgen.,,,marchio,"26, 142, 252, 342",
10300287,Braunenweiler,Brunenwiler,Const. dioc.,par. eccl. s. Pancratii,,19,
10300288,Braunschweig,Brunswicen. Halberst. et,Hildesem. dioc.,eccl. s. Blasii,prepos.,"107, 248",
10300288,Braunschweig,Brunswicen. Halberst. et,Hildesem. dioc.,eccl. s. Blasii,decan.,"64, 71, 156, 386",
10300288,Braunschweig,Brunswicen. Halberst. et,Hildesem. dioc.,eccl. s. Blasii,scholast.,264,
10300288,Braunschweig,Brunswicen. Halberst. et,Hildesem. dioc.,eccl. s. Blasii,can.,"83, 264",
10300288,Braunschweig,Brunswicen. Halberst. et,Hildesem. dioc.,eccl. s. Blasii,capit.,"64, 71, 107, 156, 248, 386",
10300288,Braunschweig,Brunswicen. Halberst. et,Hildesem. dioc.,eccl. s. Blasii,vic.,"64, 144, 156, 357",
10300288,Braunschweig,Brunswicen. Halberst. et,Hildesem. dioc.,eccl. Montissanticiaci e. m.,decan.,"64, 386",
10300288,Braunschweig,Brunswicen. Halberst. et,Hildesem. dioc.,eccl. Montissanticiaci e. m.,capit.,"64, 386",
10300288,Braunschweig,Brunswicen. Halberst. et,Hildesem. dioc.,eccl. Montissanticiaci e. m.,vic.,64,
10300288,Braunschweig,Brunswicen. Halberst. et,Hildesem. dioc.,par. eccl. s. Andree,,"71, 207",
10300288,Braunschweig,Brunswicen. Halberst. et,Hildesem. dioc.,par. eccl. s. Blasii,,71,
10300288,Braunschweig,Brunswicen. Halberst. et,Hildesem. dioc.,par. eccl. s. Catherine,,71,
10300288,Braunschweig,Brunswicen. Halberst. et,Hildesem. dioc.,par. eccl. s. Ciriaci e. m.,,71,
10300288,Braunschweig,Brunswicen. Halberst. et,Hildesem. dioc.,par. eccl. s. Magni,,71,
10300288,Braunschweig,Brunswicen. Halberst. et,Hildesem. dioc.,par. eccl. s. Martini,,71,
10300288,Braunschweig,Brunswicen. Halberst. et,Hildesem. dioc.,par. eccl. s. Michaelis,,71,
10300288,Braunschweig,Brunswicen. Halberst. et,Hildesem. dioc.,par. eccl. s. Odolrici,,"64, 71, 155, 156",
10300288,Braunschweig,Brunswicen. Halberst. et,Hildesem. dioc.,par. eccl. s. Petri,,"64, 71",
10300288,Braunschweig,Brunswicen. Halberst. et,Hildesem. dioc.,par. eccl. . . .,,71,
10300288,Braunschweig,Brunswicen. Halberst. et,Hildesem. dioc.,capel. s. Bartholomei,,64,
10300288,Braunschweig,Brunswicen. Halberst. et,Hildesem. dioc.,capel. s. Jacobi,,64,
10300288,Braunschweig,Brunswicen. Halberst. et,Hildesem. dioc.,mon. s. Egidii,abb. et conv.,386,
10300288,Braunschweig,Brunswicen. Halberst. et,Hildesem. dioc.,,cler.,71,
10300288,Braunschweig,Brunswicen. Halberst. et,Hildesem. dioc.,,dux,"64, 295, 392",
10300288,Braunschweig,Brunswicen. Halberst. et,Hildesem. dioc.,,ducissa,64,
10300288,Braunschweig,Brunswicen. Halberst. et,Hildesem. dioc.,,civit.,"64, 71, 386",
10300292,Breisach,Brisac.,Const. dioc.,mon. Augie s. Marie Cist. ord. e. m. abbat.,,78,
10300292,Breisach,Brisac.,Const. dioc.,,decan.,70,
10300292,Breisach,Brisac.,Const. dioc.,,magistercivium etc.,70,
10300293,Breisgau,Brisgaudia,Const. dioc.,,archidiacon.,115,
10300294,Breisig,Briseke,Colon. dioc.,par. eccl.,,231,
10300295,Bremen,,,,aep.,"70, 146, 158, 175, 189, 216, 244, 246, 247, 271, 293, 330, 367",
10300295,Bremen,,,eccl.,prepos.,98,
10300295,Bremen,,,eccl.,scholast.,"150, 293, 349",
10300295,Bremen,,,eccl.,thesaurar.,248,
10300295,Bremen,,,eccl.,can.,"8, 23, 95, 124, 150, 217, 227, 248",
10300295,Bremen,,,eccl.,capit.,"70, 146, 158, 175, 216, 244, 246, 247, 293, 367",
10300295,Bremen,,,eccl.,vic.,"57, 240, 256, 349",
10300295,Bremen,,,eccl. s. Anscharii,can.,247,
10300295,Bremen,,,eccl. s. Anscharii,vic.,247,
10300295,Bremen,,,eccl. s. Petri,vic.,330,
10300295,Bremen,,,eccl. s. Willehadi,prepos.,203,
10300295,Bremen,,,eccl. s. Willehadi,capit.,203,
10300295,Bremen,,,eccl. s. Willehadi,vic.,"246, 247",
10300295,Bremen,,,,presb.,"168, 330",
10300295,Bremen,,,,cler.,"98, 158, 160, 207, 237, 286, 290, 323, 345, 346",
10300295,Bremen,,,,fr. ord. Pred.,295,
10300295,Bremen,,,,provincia,59,
10300295,Bremen,,,dom. s. Antoni o. s. A.,,271,
10300295,Bremen,,,,dioc.,140,
10300295,Bremen,,,,nuntius,66,
10300295,Bremen,,,,collector,"66, 194, 226, 267",
10300295,Bremen,,,,subcollect.,"148, 236",
10300295,Bremen,,,,armig.,337,
10300295,Bremen,,,,mil.,337,
10300295,Bremen,,,,laici,104,
10300295,Bremen,,,,civit.,246,
10300296,Brenich,,Colon. dioc.,par. eccl.,,"109, 182",
10300297,Brenken,,Padeb. dioc.,,obedientia,269,
10300298,Brenberg,Bruberg,Magunt. dioc.,,castrum,99,
10300299,Brescia,Brixien.,,,dioc.,124,
10300300,Breslau,Wratislavièn.,,,ep.,"30, 41, 48, 56, 60, 76, 82, 132, 133, 191, 198, 276, 281, 284, 289, 295, 336, 344, 353, 357, 358, 363, 375",
10300300,Breslau,Wratislavièn.,,,vic. gen.,344,
10300300,Breslau,Wratislavièn.,,,not. episc.,282,
10300300,Breslau,Wratislavièn.,,,cap. episc.,282,
10300300,Breslau,Wratislavièn.,,eccl.,prepos.,"81, 82, 113, 260, 282",
10300300,Breslau,Wratislavièn.,,eccl.,archidiacon.,"22, 51, 82, 173, 277, 282",
10300300,Breslau,Wratislavièn.,,eccl.,decan.,82,
10300300,Breslau,Wratislavièn.,,eccl.,cantor.,282,
10300300,Breslau,Wratislavièn.,,eccl.,custod.,"17, 66",
10300300,Breslau,Wratislavièn.,,eccl.,cancellaria,"168, 344",
10300300,Breslau,Wratislavièn.,,eccl.,can.,"5, 17, 20, 28, 31, 49, 51, 66, 82, 99, 113, 132, 139, 141, 142, 164, 168, 173, 183, 198, 229, 240, 244, 247, 251, 254, 257, 260, 282, 286, 293, 298, 308, 318, 353, 357, 358, 360, 364, 366",
10300300,Breslau,Wratislavièn.,,eccl.,capit.,"41, 48, 56, 60, 113, 132, 198, 284, 289, 336, 353, 358",
10300300,Breslau,Wratislavièn.,,eccl.,vic.,"31, 401",
10300300,Breslau,Wratislavièn.,,eccl.,alt. (capel.),"42, 127, 256, 260, 276, 376",
10300300,Breslau,Wratislavièn.,,eccl. Corporis Christi e. m.,,78,
10300300,Breslau,Wratislavièn.,,eccl. s. Crucis,prepos.,48,
10300300,Breslau,Wratislavièn.,,eccl. s. Crucis,decan.,334,
10300300,Breslau,Wratislavièn.,,eccl. s. Crucis,cantor.,186,
10300300,Breslau,Wratislavièn.,,eccl. s. Crucis,succustod.,376,
10300300,Breslau,Wratislavièn.,,eccl. s. Crucis,can.,"17, 82",
10300300,Breslau,Wratislavièn.,,eccl. s. Crucis,capit.,"48, 376",
10300300,Breslau,Wratislavièn.,,eccl. s. Elizabethis,alt.,"260, 276",
10300300,Breslau,Wratislavièn.,,par. eccl. ss. Dorothee et Nicolai e. m.,,"289, 294, 353",
10300300,Breslau,Wratislavièn.,,par. eccl. s. Marie Magdalene,,"17, 319",
10300300,Breslau,Wratislavièn.,,mon. s. Clare ord. s. Clare,abbat. et conv.,"113, 186, 276, 376",
10300300,Breslau,Wratislavièn.,,mon. b. Marie o. s. A. in Arena e. m.,abb.,"185, 308",
10300300,Breslau,Wratislavièn.,,mon. b. Marie o. s. A. in Arena e. m.,can.,"58, 185",
10300300,Breslau,Wratislavièn.,,mon. b. Marie o. s. A. in Arena e. m.,conv.,"185, 308",
10300300,Breslau,Wratislavièn.,,mon. s. Vincentii Prem. ord. e. m.,abb.,"24, 76, 77, 376",
10300300,Breslau,Wratislavièn.,,mon. s. Vincentii Prem. ord. e. m.,prepos.,376,
10300300,Breslau,Wratislavièn.,,mon. s. Vincentii Prem. ord. e. m.,conv.,"76, 376",
10300300,Breslau,Wratislavièn.,,hosp. s. Sepulcridomini,,376,
10300300,Breslau,Wratislavièn.,,,presb.,"191, 238, 247, 279, 281, 282, 287, 310, 352, 363, 397",
10300300,Breslau,Wratislavièn.,,,cler.,"50, 164, 167, 289, 295, 334, 375, 385",
10300300,Breslau,Wratislavièn.,,,dioc.,375,
10300300,Breslau,Wratislavièn.,,,collector,"51, 173",
10300300,Breslau,Wratislavièn.,,,subcollect.,257,
10300300,Breslau,Wratislavièn.,,,armig.,"65, 133, 161, 233, 281, 282, 316, 326",
10300300,Breslau,Wratislavièn.,,,mil.,"64, 221, 260, 292, 293, 294",
10300300,Breslau,Wratislavièn.,,,domic.,"31, 354",
10300300,Breslau,Wratislavièn.,,,laici,"51, 58, 59, 69, 78, 113, 129, 147, 216, 220, 221, 238, 272, 284, 287, 309, 311",
10300300,Breslau,Wratislavièn.,,,opid.,"206, 209, 236, 245, 292, 318, 364, 375",
10300303,Brieg,"Briga, Bregen.",Wratisl. dioc.,eccl. s. Hedwigis,can.,344,
10300303,Brieg,"Briga, Bregen.",Wratisl. dioc.,eccl. s. Hedwigis,vic.,"156, 256",
10300303,Brieg,"Briga, Bregen.",Wratisl. dioc.,dom. s. Antonii o. s. A.,preceptor.,"222, 310",
10300304,Brielle,Briellen.,Traiect. dioc.,eccl. s. Katherine,can.,213,
10300308,Brixen,Brixinen.,,,ep.,"48, 116, 119, 126",
10300308,Brixen,Brixinen.,,,mensa episc.,116,
10300308,Brixen,Brixinen.,,eccl.,can.,"119, 126, 285",
10300308,Brixen,Brixinen.,,eccl.,capit.,"48, 126",
10300308,Brixen,Brixinen.,,eccl.,advocatus,116,
10300308,Brixen,Brixinen.,,eccl.,alt. (capel.),"8, 107, 119, 162",
10300308,Brixen,Brixinen.,,eccl b. Marie in ambitu,prepos.,48,
10300308,Brixen,Brixinen.,,eccl b. Marie in ambitu,can.,"107, 119, 126, 162, 181",
10300308,Brixen,Brixinen.,,eccl b. Marie in ambitu,capit.,48,
10300308,Brixen,Brixinen.,,capel. s. Catherine in Runcoda,,181,
10300308,Brixen,Brixinen.,,,cler.,333,
10300308,Brixen,Brixinen.,,,collector,359,
10300308,Brixen,Brixinen.,,,armig.,"129, 271, 275",
10300308,Brixen,Brixinen.,,,mil.,106,
10300308,Brixen,Brixinen.,,,domic.,106,
10300308,Brixen,Brixinen.,,,laici,103,
10300309,Brixenthal,Brixintal,Chiem. dioc.,par. eccl. s. Martini,,129,
10300312,Brombach,Brambach,Const. dioc.,par. eccl.,,69,
10300313,Brondolo,Brondulum,Clugien. dioc.,mon. Cist. ord.,abb.,6,
10300314,Bronnbach,Brunbach,Herbipol. dioc.,mon. Cist. ord.,abb.,178,
10300315,Bröns,Bredenes,Ripen. dioc.,par. eccl.,,48,
,zum Bruche,de Broke,Bremen. dioc.,par. eccl.,,253,
10300318,Bruck,,Salzb. dioc.,capel. s. Georgii,,312,
10300318,Bruck,Prugk in Stiria,Salzb. dioc.,par. eccl. s. Dionisii in monte,,234,
10300319,Brügge,Brugen.,Tornac. dioc.,eccl. s. Donatiani,prepos.,185,
10300319,Brügge,Brugen.,Tornac. dioc.,eccl. s. Donatiani,can.,"127, 128, 188",
10300319,Brügge,Brugen.,Tornac. dioc.,eccl. s. Donatiani,capit.,185,
10300320,Brumby,,Magdeb. dioc.,par. eccl.,,402,
10300325,Brüssel,Bruxellen.,Camerac. dioc.,eccl. b. Marie supra Zabulum,,304,
10300326,Buch,Puch,Bamberg. dioc.,,decima,61,
10300327,Buchau,Buochow,Const. dioc.,mon.,abb.,239,
10300328,Büchel,Pucchel,Patav. dioc.,par. eccl.,,367,
10300329,Büchenbach,Buchembach,Bamberg. dioc.,par. eccl. s. Viti,,73,
10300330,Buchkirchen,Puchkirchen al. Mawrkirchen,Patav. dioc.,par. eccl.,,292,
10300331,Buchloe,Buchlon,August. dioc.,par. eccl.,,294,
10300332,Bücken,Bucen.,Bremen. dioc.,eccl. s. Nicolai,prepos.,160,
10300332,Bücken,Bucen.,Bremen. dioc.,eccl. s. Nicolai,can.,231,
10300332,Bücken,Bucen.,Bremen. dioc.,eccl. s. Nicolai,capit.,160,
10300335,Büdesheim,"Budisheim, Budinsheim",Magunt. dioc.,capel. s. Oswaldi in Drybilshem prope B.,,"78, 286",
10300337,Bündheim,Bunthen,Halberst. dioc.,par. eccl.,,217,
10300338,Bünigheim,Bunig,Const. dioc.,mon. Cist. ord.,monialis,"51, 78",
10300341,Burg,Burc,Colon. dioc.,par. eccl.,,245,
10300342,Burgbernheim,Burckbernheim,Herbipol. dioc.,par. eccl.,,164,
10300343,Burgebrach,Burchebrach,Herbipol. dioc.,par. eccl.,,151,
10300344,Bürgstadt,Borgestad prope Miltenberg,Magunt. dioc.,par. eccl.,,243,
10300345,Burgstall,Purgstall,Trident. dioc.,capel. Triumregum,,389,
10300347,Burtscheid,Bortschetum,Leod. dioc.,mon. o. s. B.,abb. et conv.,107,
10300348,Buschbell,Belle,Colon. dioc.,par. eccl.,,80,
10300350,Busendorf,Pusendorff,Salzb. dioc.,par. eccl.,,276,
10300351,Büsum,Bussen,Bremen. dioc.,par. eccl.,,"82, 83, 84, 395",
10300352,Butzbach,,Magunt. dioc.,par. eccl.,,"10, 52, 254, 301, 302",
10300353,Bützow,Buczowen.,Zwerin. dioc.,eccl.,prepos.,"160, 283",
10300353,Bützow,Buczowen.,Zwerin. dioc.,eccl.,can.,"91, 226, 347",
10300354,Buxtehude,,Verden. dioc.,eccl.,vic.,255,
10300359,Cambrai,Cameracen.,,eccl. s. Crucis,can.,97,
10300359,Cambrai,Cameracen.,,eccl. s. Gaugerici,can.,97,
10300359,Cambrai,Cameracen.,,,presb.,324,
10300359,Cambrai,Cameracen.,,,cler.,323,
10300359,Cambrai,Cameracen.,,,dioc.,"60, 203, 307",
10300359,Cambrai,Cameracen.,,,legatus,306,
10300360,Caminiecz,"Kamenecen., Camiensen.",,,ep.,"47, 303",
10300361,Cammin,Caminen.,,,ep.,"8, 9, 22, 144, 270, 271",
10300361,Cammin,Caminen.,,eccl.,decan.,105,
10300361,Cammin,Caminen.,,eccl.,can.,"65, 105, 194, 237, 285",
10300361,Cammin,Caminen.,,eccl.,capit.,"8, 74, 144",
10300361,Cammin,Caminen.,,eccl.,vic.,16,
10300361,Cammin,Caminen.,,,presb.,"284, 293",
10300361,Cammin,Caminen.,,,cler.,"174, 348, 401",
10300361,Cammin,Caminen.,,,dioc.,341,
10300361,Cammin,Caminen.,,,nuntius,66,
10300361,Cammin,Caminen.,,,collector,"194, 226, 267",
10300361,Cammin,Caminen.,,,vicedom.,105,
10300361,Cammin,Caminen.,,,opid.,74,
10300361,Cammin,Caminen.,,,laici,61,
10300362,Campagna,Campania,,,provincia,227,
10300368,Capua,,,,aep.,124,
10300372,Carlow,Karlow,Rzeb. dioc.,par. eccl.,,312,
10300375,Cassel,Casleten.,Morinen. dioc.,eccl. s. Petri,prepos.,13,
10300375,Cassel,Casleten.,Morinen. dioc.,eccl. s. Petri,can.,"13, 127, 128",
10300377,Caub,Cuba,Trev. dioc.,par. eccl.,,203,
10300380,Cembra,"Cymbria, Zimbria",Trident. dioc.,par. eccl. s. Marie,,"165, 394",
10300385,Châlons s. M,Cathalaun.,,capel. in eccl.,,"12, 117, 118",
10300385,Châlons s. M,Cathalaun.,,,dioc.,"180, 371",
10300386,Châlons s. S,Cabilonen.,,,dioc.,179,
10300387,Cham,Cambia,Ratisp. dioc.,par. eccl. s. Jacobi,,74,
10300388,Chammünster,Chammunster,Ratisp. dioc.,par. eccl.,,86,
10300389,Chartres,Carnoten.,,eccl.,dign.,102,
10300389,Chartres,Carnoten.,,eccl.,can.,102,
10300390,Chelmce,Chelmcze,Gnezn. dioc.,par. eccl.,,310,
10300391,Chemnitz,"Cempniczen, Kempnicz",Misn. dioc.,mon. b. Marie o. s. B.,abb.,297,
10300391,Chemnitz,"Cempniczen, Kempnicz",Misn. dioc.,,archidiacon.,27,
10300391,Chemnitz,"Cempniczen, Kempnicz",Misn. dioc.,,opid.,37,
10300392,Chezy-sur-Marne,Casiacum,Suession. dioc.,mon. o. s. B.,,313,
10300394,Chiemsee,Chiemen.,,,presb.,129,
10300400,Christianopolis,Cristinopolitan.,,,ep.,130,
10300402,Chrzumczütz,Crempschicz,Wratisl. dioc.,par. eccl.,,397,
10300404,Chur,Curien.,,,ep. (el.),"99, 168",
10300404,Chur,Curien.,,eccl.,can.,"89, 101, 168, 189, 317, 388",
10300404,Chur,Curien.,,eccl.,capit.,99,
10300404,Chur,Curien.,,,subdiacon.,331,
10300404,Chur,Curien.,,,cler.,328,
10300404,Chur,Curien.,,,collector,359,
10300407,Cilli,Cilia,,,comes,"53, 118, 170, 227, 278, 321",
10300408,Citrum,Citren.,,,ep.,17,
10300409,Cividale,Ciuitasaustrie,Aquil. dioc.,eccl. b. Marie,can.,228,
10300410,Cittá di Castello,Ciuitascastelli,,,. ep.,63,
10300413,Cleve,Cliuen.,Colon. dioc.,,com.,"79, 130",
10300414,Clingen,,Magunt. dioc.,par. eccl.,,187,
10300418,Coblenz,Confluentia,Trev. dioc.,eccl. s. Castoris,can.,"7, 57, 132",
10300418,Coblenz,Confluentia,Trev. dioc.,eccl. s. Florini,can.,132,
10300419,Colbatz,Colbast.,Camin. dioc.,mon. Cist. ord.,abb.,147,
10300420,Coldicz,,MIsn. dioc.,,baron.,"28, 41",
10300421,Cölln,Colen,Brandeb. dioc.,par. eccl.,,"349, 401",
10300422,Colmar,Columbarien.,Basil. dioc.,eccl. s. Martini,can.,259,
10300422,Colmar,Columbarien.,Basil. dioc.,eccl. s. Martini,alt.,259,
10300422,Colmar,Columbarien.,Basil. dioc.,mon. in Subtilia o. s. A.,soror,143,
10300423,Cöln,Colonien.,,,aep. (el.),"6, 12, 16, 63, 70, 79, 93, 106, 115, 132, 152, 179, 180, 232, 233, 297, 319, 346, 347, 348, 356",
10300423,Cöln,Colonien.,,,chorepisc.,179,
10300423,Cöln,Colonien.,,,vic. in spirit.,252,
10300423,Cöln,Colonien.,,,offic.,"63, 79, 80, 106",
10300423,Cöln,Colonien.,,eccl.,,"6, 9",
10300423,Cöln,Colonien.,,eccl.,prepos.,"80, 347, 390",
10300423,Cöln,Colonien.,,eccl.,decan.,"60, 171",
10300423,Cöln,Colonien.,,eccl.,archidiacon.,80,
10300423,Cöln,Colonien.,,eccl.,scholast.,182,
10300423,Cöln,Colonien.,,eccl.,subdiacon.,10,
10300423,Cöln,Colonien.,,eccl.,can.,"12, 79, 105, 135, 149, 171, 179, 299, 318, 346, 347, 348",
10300423,Cöln,Colonien.,,eccl.,capit.,"12, 70, 79, 93, 132, 171, 233",
10300423,Cöln,Colonien.,,eccl.,vic. (alt.),"15, 16, 18, 38, 137, 217, 233, 234, 316, 317",
10300423,Cöln,Colonien.,,eccl. s. Andree,,80,
10300423,Cöln,Colonien.,,eccl. s. Andree,prepos.,"12, 196",
10300423,Cöln,Colonien.,,eccl. s. Andree,decan.,"109, 182, 264",
10300423,Cöln,Colonien.,,eccl. s. Andree,dign.,372,
10300423,Cöln,Colonien.,,eccl. s. Andree,can.,"13, 38, 66, 80, 127, 128, 132, 135, 161, 162, 234, 241, 348, 349, 370, 372",
10300423,Cöln,Colonien.,,eccl. s. Andree,capit.,196,
10300423,Cöln,Colonien.,,eccl. s. Andree,vic.,"79, 198, 264, 315, 398",
10300423,Cöln,Colonien.,,eccl. ss. Apostol.,prepos.,12,
10300423,Cöln,Colonien.,,eccl. ss. Apostol.,decan.,"80, 183, 261",
10300423,Cöln,Colonien.,,eccl. ss. Apostol.,can.,"12, 38, 93, 132, 136, 137, 171, 177, 194, 195, 199, 214, 261, 325, 372, 374",
10300423,Cöln,Colonien.,,eccl. ss. Apostol.,capit.,80,
10300423,Cöln,Colonien.,,eccl. ss. Apostol.,vic.,"16, 193",
10300423,Cöln,Colonien.,,eccl. ss. Apostol.,alt.,"231, 232",
10300423,Cöln,Colonien.,,eccl. s. Cecilie,abbat.,"109, 182",
10300423,Cöln,Colonien.,,eccl. s. Cecilie,vic. in eccl.,252,
10300423,Cöln,Colonien.,,eccl. s. Cuniberti,prepos.,"12, 16",
10300423,Cöln,Colonien.,,eccl. s. Cuniberti,decan.,"45, 258",
10300423,Cöln,Colonien.,,eccl. s. Cuniberti,can.,"15, 16, 20, 25, 45, 196, 246",
10300423,Cöln,Colonien.,,eccl. s. Cuniberti,vic.,"198, 316, 317",
10300423,Cöln,Colonien.,,eccl. s. Georgii,prepos.,"12, 80, 194",
10300423,Cöln,Colonien.,,eccl. s. Georgii,decan.,193,
10300423,Cöln,Colonien.,,eccl. s. Georgii,can.,"149, 193",
10300423,Cöln,Colonien.,,eccl. s. Georgii,vic.,16,
10300423,Cöln,Colonien.,,eccl. s. Gereonis,prepos.,"12, 38, 70, 152, 221, 233, 350, 374",
10300423,Cöln,Colonien.,,eccl. s. Gereonis,scholast.,"77, 182",
10300423,Cöln,Colonien.,,eccl. s. Gereonis,can.,58,
10300423,Cöln,Colonien.,,eccl. s. Gereonis,capit.,"38, 70, 152, 233, 350, 374",
10300423,Cöln,Colonien.,,eccl. s. Gereonis,vic.,"10, 171",
10300423,Cöln,Colonien.,,eccl. b. Marie ad Gradius,prepos.,12,
10300423,Cöln,Colonien.,,eccl. b. Marie ad Gradius,decan.,"234, 235, 346",
10300423,Cöln,Colonien.,,eccl. b. Marie ad Gradius,dign.,374,
10300423,Cöln,Colonien.,,eccl. b. Marie ad Gradius,can.,"11, 12, 16, 117, 118, 171, 204, 223, 233, 234, 237, 241, 317, 346, 374",
10300423,Cöln,Colonien.,,eccl. s. Seuerini,prepos.,"12, 71",
10300423,Cöln,Colonien.,,eccl. s. Seuerini,decan.,132,
10300423,Cöln,Colonien.,,eccl. s. Seuerini,can.,"10, 13, 44, 45, 57, 127, 128, 132, 161, 173, 229, 241, 246, 254, 255, 309",
10300423,Cöln,Colonien.,,eccl. s. Seuerini,capit.,71,
10300423,Cöln,Colonien.,,eccl. s. Seuerini,vic.,169,
10300423,Cöln,Colonien.,,eccl. 1100 Virginum,abbat.,346,
10300423,Cöln,Colonien.,,eccl. 1100 Virginum,can.,65,
10300423,Cöln,Colonien.,,eccl. 1100 Virginum,capit.,346,
10300423,Cöln,Colonien.,,eccl. 1100 Virginum,vic.,198,
10300423,Cöln,Colonien.,,par. eccl. s. Columbe,,328,
10300423,Cöln,Colonien.,,par. eccl. s. Laurentii,,216,
10300423,Cöln,Colonien.,,capel. s. Noetburgis,,370,
10300423,Cöln,Colonien.,,mon. b. Marie in Capitolio o. s. B.,,370,
10300423,Cöln,Colonien.,,mon. b. Marie in Capitolio o. s. B.,abbat.,"10, 346",
10300423,Cöln,Colonien.,,mon. b. Marie in Capitolio o. s. B.,conv.,346,
10300423,Cöln,Colonien.,,mon. s. Martini o. s. B.,abb.,"109, 182",
10300423,Cöln,Colonien.,,mon. s. Martini o. s. B.,benef. in eccl.,107,
10300423,Cöln,Colonien.,,mon. s. Panthaleonis o. s. B.,abb. et conv.,241,
10300423,Cöln,Colonien.,,studium,,"46, 109, 182",
10300423,Cöln,Colonien.,,,presb.,"63, 135, 137, 174, 232, 242, 385, 390, 393",
10300423,Cöln,Colonien.,,,subdiacon.,170,
10300423,Cöln,Colonien.,,,cler.,"16, 18, 19, 21, 24, 45, 50, 57, 77, 91, 103, 109, 117, 130, 134, 135, 136, 146, 152, 159, 161, 163, 165, 166, 171, 174, 176, 177, 182, 185, 187, 196, 201, 202, 207, 209, 215, 218, 223, 225, 236, 239, 240, 249, 250, 253, 255, 264, 270, 271, 303, 310, 316, 325, 336, 347, 348, 350, 366, 393, 394, 402",
10300423,Cöln,Colonien.,,,fr. dom. Carthusian.,299,
10300423,Cöln,Colonien.,,,scolar.,"16, 47, 109, 130",
10300423,Cöln,Colonien.,,,provincia,"271, 290, 307, 348, 365",
10300423,Cöln,Colonien.,,dom. s. Antonii,,"159, 221",
10300423,Cöln,Colonien.,,,dioc.,"23, 115, 362",
10300423,Cöln,Colonien.,,,legatus,"21, 106, 306",
10300423,Cöln,Colonien.,,,nuntius,"180, 291",
10300423,Cöln,Colonien.,,,collector,"38, 45, 135, 234, 254",
10300423,Cöln,Colonien.,,,armig.,233,
10300423,Cöln,Colonien.,,,mil.,"104, 180, 231, 272, 332",
10300423,Cöln,Colonien.,,,domic.,"84, 108, 347, 391",
10300423,Cöln,Colonien.,,,opid.,"37, 38, 84, 90, 135, 164",
10300423,Cöln,Colonien.,,,laici,"37, 38, 63, 69, 86, 100, 107, 139, 146, 166, 278, 280, 337",
10300423,Cöln,Colonien.,,,civit.,"10, 337",
10300427,Concordia,Concordien.,,,castella etc.,12,
10300430,Conneux,? Concheyum,Leod. dioc.,par. eccl.,,187,
10300431,Constantia,Constantianen.,,,ep.,"135, 147, 155",
10300434,Cornelimünster,Inden.,Colon. dioc.,mon. s. Cornelii o. s. B.,,187,
10300434,Cornelimünster,Inden.,Colon. dioc.,mon. s. Cornelii o. s. B.,abb. et conv.,325,
10300434,Cornelimünster,Inden.,Colon. dioc.,mon. s. Cornelii o. s. B.,novicius,303,
10300435,Coswig,Coswicen.,Brandeb. dioc.,eccl. b. Marie,can.,282,
10300436,Cottbus,Kothebus,Misn. dioc.,par. eccl. s. Nicolai,,98,
10300436,Cottbus,Kothebus,Misn. dioc.,,opid.,274,
10300438,Crailsheim,Krewelsheim,Herbipol. dioc.,par. eccl.,,87,
10300440,Crempe,,Bremen. dioc.,par. eccl.,,207,
10300442,Creuzburg,Cruczeborchis,Magunt. dioc.,par. eccl. b. Marie,,151,
10300444,Crölpa,Krolip,Magunt. dioc.,par. eccl.,,334,
10300447,Croton,,,,marchio,"63, 285",
10300453,Culm,,,,ep.,"190, 208",
10300453,Culm,,,,cler.,"121, 390",
10300453,Culm,,,,collector,"22, 51, 67, 261, 399",
10300453,Culm,,,,laici,150,
10300455,Cunnewalde,Cunewalde,Misn. dioc.,par. eccl.,,242,
10300457,Curland,Queronen.,,,plebanus,43,
10300475,Dagne,Dognen.,,,el.,322,
10300476,Dalen,,Traiect. dioc.,par. eccl.,,132,
10300477,Dalheim,Dalen,Magunt. dioc.,mon. Cist. ord.,abbat. et conv.,368,
10300477,Dalheim,Dalen,Magunt. dioc.,mon. Cist. ord.,vic. (capel.) in eccl.,"75, 367",
10300478,Damm,Damis,Misn. dioc.,par. eccl. b. Marie,,282,
10300481,Dänemark,Dacia,,,. rex,8,
10300481,Dänemark,Dacia,,,regina,336,
10300481,Dänemark,Dacia,,,regnum,"21, 267",
10300482,St. Daniel,de Sanctodaniele,Aquil. dioc.,par. eccl. s. Michaelis,,53,
10300484,Dannenberg,,Magunt. dioc.,capel. castri,,230,
10300485,Danzig,Danczk,Wladisl. dioc.,mon. in suburbio s. Saluatoris,,10,
10300486,Dardesheim,Derdessen[m],Halberst. dioc.,,archidiacon.,"72, 120",
10300489,Deizisau,Diczisow,Const. dioc.,par. eccl.,,112,
10300489,Deizisau,Diczisow,Const. dioc.,,opid.,112,
10300489,Deizisau,Diczisow,Const. dioc.,,villa,112,
10300491,Delmenhorst,,,,comes,"231, 290",
10300492,Delve,Delff,Bremen. dioc.,par. eccl.,,103,
10300493,St. Denis,de Sancto Dionisio,Paris. dioc.,mon. o. s. B.,monach.,275,
10300495,Deutschland,Alamania,,,,"17, 21, 46, 47, 51, 52, 53, 54, 60, 61, 62, 63, 66, 70, 76, 77, 113, 114, 149, 180, 182, 185, 190, 193, 203, 205, 211, 218, 223, 242, 243, 267, 271, 285, 286, 306, 309, 311, 321, 335, 350, 362, 365, 368, 392",
10300495,Deutschland,Alamania,,hosp. s. Johannis Jerusal.,,"38, 70",
10300495,Deutschland,Alamania,,,provincia fr. ord. Carmel.,154,
10300496,Deutz,Tuicien.,Colon. dioc.,par. eccl.,,29,
10300496,Deutz,Tuicien.,Colon. dioc.,mon. s. Heriberti o. s. B.,abb. et conv.,109,
10300497,Deventer,Dauentrien.,Traiect. dioc.,eccl. s. Lebuini,prepos.,"5, 57, 99, 173, 277",
10300497,Deventer,Dauentrien.,Traiect. dioc.,eccl. s. Lebuini,decan.,"106, 402",
10300497,Deventer,Dauentrien.,Traiect. dioc.,eccl. s. Lebuini,dign.,344,
10300497,Deventer,Dauentrien.,Traiect. dioc.,eccl. s. Lebuini,can.,"20, 132, 173, 344",
10300497,Deventer,Dauentrien.,Traiect. dioc.,eccl. s. Lebuini,capit.,"5, 57",
10300497,Deventer,Dauentrien.,Traiect. dioc.,eccl. s. Lebuini,vic.,"120, 132, 136, 185, 267, 277",
10300497,Deventer,Dauentrien.,Traiect. dioc.,eccl. s. Lebuini,alt. (capel.),"99, 263",
10300497,Deventer,Dauentrien.,Traiect. dioc.,eccl. b. Marie,vic.,132,
10300497,Deventer,Dauentrien.,Traiect. dioc.,,opid.,308,
10300498,Dewang,"Tenwangen, Thenuangen",August. dioc.,par. eccl. b. Marie,,124,
10300500,St. Dié,de Sanctodeodato,Tullen. dioc.,eccl. s. Deodati,prepos.,85,
10300500,St. Dié,de Sanctodeodato,Tullen. dioc.,eccl. s. Deodati,can.,"85, 215, 315, 336",
10300501,Dieburg,"Dieppurg, Dyppurg",Magunt. dioc.,par. eccl.,,"96, 192",
10300502,Diedenhofen,"Theonisuilla, Thimonis- uilla",Meten. dioc.,par. eccl.,,"234, 235, 342",
10300504,Dietkirchen,"Dietkerken, Dyetkerken, Dytkirchen e. m. Bnnen.",Colon. dioc.,mon. o. s. B.,subdiacon.,169,
10300504,Dietkirchen,"Dietkerken, Dyetkerken, Dytkirchen e. m. Bnnen.",Colon. dioc.,mon. o. s. B.,can.,"104, 232",
10300504,Dietkirchen,"Dietkerken, Dyetkerken, Dytkirchen e. m. Bnnen.",Colon. dioc.,mon. o. s. B.,vic. in eccl.,"254, 255",
10300505,Dietlingen,Tietlingen,Const. dioc.,par. eccl.,,221,
10300506,Dietramszell,Dyttramczell,Frising. dioc.,mon. s. Martini o. s. A.,prep. et conv.,354,
10300507,Dikninge,Dyckennighen,Traiect. dioc.,mon. b. Marie o. s. B.,abb.,145,
10300507,Dikninge,Dyckennighen,Traiect. dioc.,mon. b. Marie o. s. B.,statuta,145,
10300508,Dillingen,"Dilingen, Dellingen",August. dioc.,par. eccl.,,"199, 212, 392",
10300509,Dimbach,Diembach,Herbipol. dioc.,capel. b. Marie,,"80, 100",
10300510,Dingolfing,,Ratisp. dioc.,,pleban.,110,
10300511,Dingolshausen,,Herbipol. dioc.,par. eccl.,,208,
10300512,Dinkelsbühl,Dinkelspuhel,August. dioc.,par. eccl.,,125,
10300513,St. Dionysen,de Sanctodyonisio,Salzb. dioc.,par. eccl. s. Dionisii,,182,
10300514,Dittelsheim,,Magunt. dioc.,par. eccl.,,157,
10300516,Döbeln,Dobelin,Misn. dioc.,par. eccl. s. Nicolai,,101,
10300517,Dobiza,,Gnezn. dioc.,par. eccl.,,338,
10300518,Dobrilugk,Dobberlawen.,Misn. dioc.,mon. Cist. ord.,abb. et conv.,195,
10300519,Doeveren,Doueren,Traiect. dioc.,par. eccl.,,133,
10300521,Dohna,Donyn,Misn. dioc.,par. eccl.,,175,
10300522,Dölzig,Dolczig,Merseb. dioc.,par. eccl.,,94,
10300523,Domslau,Domeslaw,Wratisl. dioc.,par. eccl.,,188,
10300524,Donaueschingen,Tunaweschingen,Const. dioc.,par. eccl.,,213,
10300525,Donsbach,Donsebeke,Colon. dioc.,par. eccl.,,317,
10300527,Dorla,Dorlacen.,Magunt. dioc.,eccl.,prep. et capit.,168,
10300528,Dorpat,Tarbat.,,,ep. (el.),"150, 162, 346, 349, 350, 400",
10300528,Dorpat,Tarbat.,,eccl.,thesaurar.,353,
10300528,Dorpat,Tarbat.,,eccl.,can.,"349, 350, 353",
10300528,Dorpat,Tarbat.,,,dioc.,"349, 350",
10300529,Dorsten,Dursten,Colon. dioc.,par. eccl.,,255,
10300530,Dortmund,Tremonia,Colon. dioc.,eccl. s. Reynoldi,alt.,40,
10300530,Dortmund,Tremonia,Colon. dioc.,,civit.,356,
10300531,Dossenheim,Dossenheim,Argent. dioc.,par. eccl.,,335,
10300532,Dotzheim,,Magunt. dioc.,par. eccl.,,108,
10300534,Drais b. Müntzenberg,Dreyse subtu castrum Mintzenberg,Magunt. dioc.,par. eccl.,,248,
10300535,Dramburg,Drauenborch,Camin. dioc.,eccl.,vic.,86,
10300536,Drebnitz,Drebenitz,Misn. dioc.,par. eccl.,,28,
10300537,Drenthe,Drenthia,Traiect. dioc.,,terra,145,
10300539,Dringenburg,Dringhenborgh,Padeb. dioc.,capel. in castro,,221,
10300540,Drontheim,Nidrosien.,,eccl.,can.,196,
10300542,Duderstadt,,Magunt. dioc.,par. eccl. s. Ciriaci,,167,
10300544,Duiveland,Duelandia,Traiect. dioc.,par. eccl.,,62,
10300545,Dülmen,Dulmen,Monast. dioc.,eccl. s. Victoris,can.,236,
10300546,Dunhausen,"Dunnenhusen, Dunhusen",Argent. dioc.,,villa,"64, 333",
10300547,Dunsdorf,Tumstorff,Bamberg. dioc.,par. eccl.,,298,
10300548,Düren,Duren,Colon. dioc.,,civit.,229,
10300549,Dürnten,Turnten,Const. dioc.,par. eccl.,,331,
10300550,Dürren,Duren,Herbipol. dioc.,par. eccl.,,310,
10300553,Düsseldorf,Dusseldorpen.,Colon. dioc.,eccl. b. Marie,prepos.,45,
10300553,Düsseldorf,Dusseldorpen.,Colon. dioc.,eccl. b. Marie,vic.,20,
10300554,Duurstede,Du[e]rsteden,Traiect. dioc.,,dominus,368,
10300554,Duurstede,Du[e]rsteden,Traiect. dioc.,,civit.,357,
10300554,Duurstede,Du[e]rsteden,Traiect. dioc.,,s. a. Wijk,,
10300560,Dzerstow,,Gnezn. dioc.,par. eccl.,,310,
10300561,Eberbach,Erbach,Magunt. dioc.,mon. Cist. ord.,monach.,130,
10300562,Ebern,,Herbipol. dioc.,par. eccl.,,201,
10300564,Ebersbach,Eberspach,Bamberg. dioc.,,canon,61,
10300564,Ebersbach,Eberspach,Bamberg. dioc.,,villa,61,
10300564,Ebersbach,Eberspach,Misn. dioc.,par. eccl.,,386,
10300565,Ebersberg,Ebersperg,Herbipol. dioc.,capel.,,158,
10300566,Ebersdorf,Eberstorff,Misn. dioc.,par. eccl.,,312,
10300567,Eberstein,,,,comes,81,
10300569,Ebra,,Magunt. dioc.,,curia,186,
10300570,Ebrach,,Herbipol. dioc.,mon. Cist. ord.,abb.,91,
10300572,Echternach,Epternac.,Traiect. dioc.,mon. s. Willibordi o. s. B.,abb. et conv.,110,
10300573,Echzell,Echtzel,Magunt. dioc.,par. eccl.,,399,
10300574,Eck,Ekk,Aquil. dioc.,par. eccl. s. Michaelis,,"228, 278, 354",
10300575,Eckartsau,"Eckertzaw, Eckharzaw",Patav. dioc.,,baron.,262,
10300577,Ecknach,Eknach,August. dioc.,par. eccl.,,10,
10300579,Eger,Egra,Ratisp. dioc.,,opid.,111,
10300580,Eglossheim,Eglosheim,Ratisp. dioc.,par. eccl.,,193,
10300581,Egmond,Egmonda,Traiect. dioc.,par. eccl.,,206,
10300581,Egmond,Egmonda,Traiect. dioc.,capel. (eccl. colleg.) de Reminghem,,206,
10300581,Egmond,Egmonda,Traiect. dioc.,mon. s. Adalberti o. s. B.,abb. et conv.,"107, 136, 206",
10300581,Egmond,Egmonda,Traiect. dioc.,mon. s. Adalberti o. s. B.,eccl.,277,
10300581,Egmond,Egmonda,Traiect. dioc.,,baron.,206,
10300583,Ehekirchen,Eckkirchen,August. dioc.,par. eccl.,,10,
10300584,Ehingen,,August. dioc.,par. eccl.,,7,
10300586,Eibergen,Eycbergh,Monast. dioc.,par. eccl.,,345,
10300587,Eichstädt,Eysteten.,,,ep.,"39, 92, 115, 189, 238, 271",
10300587,Eichstädt,Eysteten.,,eccl.,prepos.,372,
10300587,Eichstädt,Eysteten.,,eccl.,decan.,"249, 361, 372",
10300587,Eichstädt,Eysteten.,,eccl.,custod.,"249, 361",
10300587,Eichstädt,Eysteten.,,eccl.,dign.,"302, 311",
10300587,Eichstädt,Eysteten.,,eccl.,can.,"11, 86, 88, 92, 94, 96, 109, 128, 218, 249, 255, 301, 302, 311, 334, 361, 372, 388",
10300587,Eichstädt,Eysteten.,,eccl.,capit.,"39, 109, 238",
10300587,Eichstädt,Eysteten.,,eccl.,vic.,283,
10300587,Eichstädt,Eysteten.,,eccl. b. Marie Nouicolegii,can.,"210, 238",
10300587,Eichstädt,Eysteten.,,mon. s. Crucis Scotorum e. m.,,88,
10300587,Eichstädt,Eysteten.,,,presb.,"42, 92, 205, 238, 359",
10300587,Eichstädt,Eysteten.,,,cler.,"20, 39, 153, 230, 244, 328, 401",
10300587,Eichstädt,Eysteten.,,,armig.,"334, 368",
10300587,Eichstädt,Eysteten.,,,mil.,111,
10300587,Eichstädt,Eysteten.,,,laici,39,
10300588,Einsiedeln,"Eynsidel, Heremitarum",Const. dioc.,capel. b. Marie ad Heremitas,,79,
10300588,Einsiedeln,"Eynsidel, Heremitarum",Const. dioc.,mon. o. s. B.,custod.,363,
10300588,Einsiedeln,"Eynsidel, Heremitarum",Const. dioc.,mon. o. s. B.,monach.,362,
10300589,Eisenach,Isenac.,Magunt. dioc.,eccl. b. Marie,vic.,"45, 150, 311",
10300590,Eisleben,"Iserleue, Isleyben",Halberst. dioc.,,archidiacon.,"120, 387",
10300591,Eitenhofen,Eytenhouen,Eystet. dioc.,par. eccl.,,249,
10300594,Elbing,Elbingen,Warmien. dioc.,,opid.,270,
10300595,Eldena,Hilda,Camin. dioc.,mon. Cist. ord.,abb. et conv.,85,
10300597,Ellenbach,Ellempach,Frising. dioc.,par. eccl.,,7,
10300598,Ellwangen,Elwangen,August. dioc.,mon. o. s. B.,abb.,244,
10300599,Elsass,Elsacia,,,bona eccl.,188,
10300600,Eltmann,Eltmein,Herbipol. dioc.,par. eccl.,,158,
10300601,Eltville,Eltuil,Magunt. dioc.,par. eccl.,,189,
10300602,Elver,Eluer,Paderb. dioc.,,ploghete seu additamentum,269,
10300603,Embrach,"Imbrac., Imbriacen., Emmeracen.",Const. dioc.,eccl. s. Petri,prepos.,239,
10300603,Embrach,"Imbrac., Imbriacen., Emmeracen.",Const. dioc.,eccl. s. Petri,can.,"73, 96, 226, 233",
10300605,Emde,Emeda,Monast. dioc.,par. eccl.,,358,
10300606,Emerfeld,"Emeruelt, Emeuelt",Const. dioc.,par. eccl.,,"147, 226",
10300607,Emmel,,Trev. dioc.,par. eccl.,,215,
10300609,Emmerich,Embricen.,Traiect. dioc.,eccl. s. Martini,decan.,"25, 317",
10300609,Emmerich,Embricen.,Traiect. dioc.,eccl. s. Martini,can.,"25, 104, 316, 317",
10300610,Emmingen,Emmyngen,Const. dioc.,par. eccl.,,287,
10300612,Ems,Aemps,Curien. dioc.,par. eccl.,,317,
10300613,Endorf,Endorff,Ratisp. dioc.,mon. o. s. B.,monach.,27,
10300614,Engel,Engelde,Magunt. dioc.,,curia,186,
10300616,Enger,Angarien.,Osnab. dioc.,eccl. s. Dionysii,,50,
10300616,Enger,Angarien.,Osnab. dioc.,eccl. s. Dionysii,can.,"44, 71, 106, 246, 327",
10300617,England,Anglia,,studium,,5,
10300617,England,Anglia,,,terra,"173, 185",
10300618,Enneberg,Enybergs,Brixin. dioc.,par. eccl.,,181,
10300619,Enns,Anasum,Patav. dioc.,par. eccl.,,"261, 262, 300",
10300620,Enslingen,Ensling,Eystet. dioc.,par. eccl. b. Marie Virg.,,110,
10300625,Eppendorf,Eppendorpe,Bremen. dioc.,par. eccl.,,201,
10300626,Eppstein,Eppensteyn,Magunt. dioc.,,castrum,396,
10300629,Erfurt,"Erfford, Erfordia",Magunt. dioc.,eccl. b. Marie,,11,
10300629,Erfurt,"Erfford, Erfordia",Magunt. dioc.,eccl. b. Marie,prepos.,"151, 230, 11, 24, 56, 97, 154, 156, 174, 192, 19, 225, 230, 243, 264, 346, 349, 355",
10300629,Erfurt,"Erfford, Erfordia",Magunt. dioc.,eccl. b. Marie,capit.,"151, 247",
10300629,Erfurt,"Erfford, Erfordia",Magunt. dioc.,eccl. b. Marie,vic.,"141, 142, 143, 157, 17, 217, 230, 253",
10300629,Erfurt,"Erfford, Erfordia",Magunt. dioc.,eccl. s. Seueri,prepos.,"89, 151, 230, 242, 243, 247, 296, 339, 343, 344, 35, 374",
10300629,Erfurt,"Erfford, Erfordia",Magunt. dioc.,eccl. s. Seueri,decan.,"96, 97",
10300629,Erfurt,"Erfford, Erfordia",Magunt. dioc.,eccl. s. Seueri,can.,"96, 97, 142, 143, 154, 195, 243, 315, 343, 34, 374",
10300629,Erfurt,"Erfford, Erfordia",Magunt. dioc.,eccl. s. Seueri,capit.,"151, 230, 374",
10300629,Erfurt,"Erfford, Erfordia",Magunt. dioc.,eccl. s. Seueri,vic.,"8, 389",
10300629,Erfurt,"Erfford, Erfordia",Magunt. dioc.,par. eccl. s. Andree,,132,
10300629,Erfurt,"Erfford, Erfordia",Magunt. dioc.,par. eccl. s. Bartholomei,,"89, 339",
10300629,Erfurt,"Erfford, Erfordia",Magunt. dioc.,par. eccl. s. Laurentii,,355,
10300629,Erfurt,"Erfford, Erfordia",Magunt. dioc.,par. eccl. s. Pauli,,374,
10300629,Erfurt,"Erfford, Erfordia",Magunt. dioc.,capel. b. Marie Magdalene,,355,
10300629,Erfurt,"Erfford, Erfordia",Magunt. dioc.,mon. Nouioperis (Neuwerk),priorissa et conv.,199,
10300629,Erfurt,"Erfford, Erfordia",Magunt. dioc.,mon. Nouioperis (Neuwerk),vic. in eccl.,"4, 156",
10300629,Erfurt,"Erfford, Erfordia",Magunt. dioc.,studium,,"6, 97",
10300629,Erfurt,"Erfford, Erfordia",Magunt. dioc.,,offic. seu provisor (provisor alld. aepisc.),"40, 89",
10300629,Erfurt,"Erfford, Erfordia",Magunt. dioc.,,opid.,"40, 137",
10300629,Erfurt,"Erfford, Erfordia",Magunt. dioc.,,domus,281,
10300631,Erharting,Erhardinga,Patav. dioc.,par. eccl.,,359,
10300633,Erkelenz,Erclens,Leod. dioc.,par. eccl.,,18,
10300634,Erlach,,Herbipol. dioc.,par. eccl.,,94,
10300635,Ermland,Warmien.,,,ep.,"50, 56, 60, 125, 126, 270, 277, 289",
10300635,Ermland,Warmien.,,eccl.,can.,"30, 41, 48, 49, 50, 56, 121, 288, 332, 353",
10300635,Ermland,Warmien.,,eccl.,capit.,"50, 56, 60, 125, 126, 277, 289, 363",
10300635,Ermland,Warmien.,,eccl.,vic.,"30, 42, 60, 90, 121, 208, 220, 363",
10300635,Ermland,Warmien.,,eccl.,alt.,125,
10300635,Ermland,Warmien.,,,cler.,"50, 56, 166, 277, 290, 392",
10300635,Ermland,Warmien.,,,laici,64,
10300636,Erpel,,Colon. dioc.,,alt. b. Marie,370,
10300637,Erstein,Ersthein,Argent. dioc.,par. eccl.,,"120, 192, 340",
10300637,Erstein,Ersthein,Argent. dioc.,mon. o. s. A. (o. s. B.),abb. et conv.,192,
10300637,Erstein,Ersthein,Argent. dioc.,mon. o. s. A. (o. s. B.),can.,"192, 340",
10300637,Erstein,Ersthein,Argent. dioc.,mon. o. s. A. (o. s. B.),capel.,"120, 202",
10300638,Eschau,"Eschowe, Escowe",Argent. dioc.,mon. o. s. B.,,37,
10300638,Eschau,"Eschowe, Escowe",Argent. dioc.,mon. o. s. B.,can.,200,
10300639,Eschenbergen,Esschinberg,Magunt. dioc.,capel. b. Marie,,357,
10300640,Eschershausen,Escerhusen,Magunt. dioc.,par. eccl.,,225,
10300641,Eschweiler,Eschwilre,Colon. dioc.,par. eccl.,,390,
10300643,Esplingerode,Espelingherode,Magunt. dioc.,capel.,,168,
10300644,Essen,Assinden.,Colon. dioc.,secul. eccl.,abbat.,"99, 272, 326, 328",
10300644,Essen,Assinden.,Colon. dioc.,secul. eccl.,prepos.,99,
10300644,Essen,Assinden.,Colon. dioc.,secul. eccl.,can.,"93, 99, 326",
10300644,Essen,Assinden.,Colon. dioc.,secul. eccl.,capit.,"326, 328",
10300644,Essen,Assinden.,Colon. dioc.,secul. eccl.,alt.,72,
10300644,Essen,Assinden.,Colon. dioc.,par. eccl. s. Johannis bapt.,,326,
10300645,Esslingen,Esszlingen,Const. dioc.,hosp. paup.,,112,
10300646,Etsch,Athesis,,,flumen,356,
10300647,Ettendorf,Ettendorff,Argent. dioc.,par. eccl.,,118,
10300648,Eutin,Oytin,Lubic. dioc.,eccl.,can.,190,
10300649,Everstein,Euersteyn,Traiect. dioc.,,castrum,115,
10300650,Ewattingen,Ebettingen,Const. dioc.,,decan.,115,
10300654,Faenza,Faventin.,,,ep.,25,
10300655,Fahr,Varemonasterium,Const. dioc.,mon. o. s. B.,prepos.,363,
10300656,Famenne,,Leod. dioc.,,archidiacon.,173,
10300657,Fano,Fani,,,. civit.,399,
10300658,Farrnbach,Farenbach,Bamberg. dioc.,par. eccl.,,93,
10300660,Feistritz,Fewstritz,Salzb. dioc.,par. eccl.,,291,
10300663,Ferchland,Berchlande,Havelb. dioc.,par. eccl.,,275,
10300664,Feuchtwangen,"Fewhewangen, Fewchwang, Fewhtwang, Fewhwacen.",August. dioc.,eccl. b. Marie,decan.,150,
10300664,Feuchtwangen,"Fewhewangen, Fewchwang, Fewhtwang, Fewhwacen.",August. dioc.,eccl. b. Marie,can.,"96, 109",
10300664,Feuchtwangen,"Fewhewangen, Fewchwang, Fewhtwang, Fewhwacen.",August. dioc.,eccl. b. Marie,capit.,150,
10300664,Feuchtwangen,"Fewhewangen, Fewchwang, Fewhtwang, Fewhwacen.",August. dioc.,eccl. b. Marie,vic.,150,
10300664,Feuchtwangen,"Fewhewangen, Fewchwang, Fewhtwang, Fewhwacen.",August. dioc.,par. eccl. s. Johannes,,205,
10300666,Filehne,Velen al. Lacus s. Marie,Poznan. dioc.,mon. Cist. ord.,,357,
10300667,Fischbachau,Vischpachaw,Frising. dioc.,mon. o. s. B.,,7,
10300668,Fischhausen,Vischusen,Sambien. dioc.,par. eccl. s. Nicolai,,358,
,Flandern,Flandria,Traiect. dioc.,,4 officia,291,
10300671,Flechtdorf,"Fleichtorp, Vlechtorp",Padeb. dioc.,mon. o. s. B.,monach.,"141, 206",
10300672,Flensburg,Vlensborch,Sleswic. dioc.,,civit.,337,
10300673,Fliess,Flies,Brixin. dioc.,par. eccl.,,126,
10300674,Floreffe,Floreffien.,Leod. dioc.,mon. Prem. ord.,abb.,77,
10300675,Florenz,Florentin.,,mon. s. Salvatoris de Septimo Cist. ord.,monach.,360,
10300675,Florenz,Florentin.,,studium,,6,
10300675,Florenz,Florentin.,,,miles,47,
10300675,Florenz,Florentin.,,,domic.,335,
10300675,Florenz,Florentin.,,,mercator,"49, 52, 61, 85, 163, 164, 209, 223, 268, 277, 348, 366",
10300675,Florenz,Florentin.,,,opid.,"53, 182, 209",
10300675,Florenz,Florentin.,,,civit.,"52, 171, 321",
10300676,St. Florian,de Sanctofloriano,Patav. dioc.,mon. s. Floriani,prepos.,17,
10300676,St. Florian,de Sanctofloriano,Patav. dioc.,mon. s. Floriani,can.,17,
10300676,St. Florian,de Sanctofloriano,Patav. dioc.,mon. s. Floriani,capit.,17,
10300676,St. Florian,de Sanctofloriano,Patav. dioc.,mon. s. Floriani,benef.,364,
10300677,Fonsdorf,Vanstorff,Salzb. dioc.,par. eccl.,,"201, 238",
10300679,Forchheim,Vorheim,Bamberg. dioc.,eccl. s. Martini,can.,"39, 103, 274",
10300680,Föring,Voring,Salzb. dioc.,par. eccl. s. Marie,,260,
10300681,Formbach,Wormpach,Patav. dioc.,mon. o. s. B.,abb.,"329, 365",
10300683,Fosse,Fossen.,Leod. dioc.,eccl. s. Foilani,can.,154,
10300684,le Fousseret,Fosseretum,Ruien. dioc.,par. eccl.,,325,
10300686,Frankenhausen,Franckenhusen,Magunt. dioc.,eccl. s. Jacobi,vic.,248,
10300687,Frankenstein,Frankenstein,Wratisl. dioc.,par. eccl.,,295,
10300689,Frankfurt a. M,Fran(c)kford,Magunt. dioc.,eccl. s. Bartholomei,prepos.,"95, 273",
10300689,Frankfurt a. M,Fran(c)kford,Magunt. dioc.,eccl. s. Bartholomei,decan.,22,
10300689,Frankfurt a. M,Fran(c)kford,Magunt. dioc.,eccl. s. Bartholomei,scholast.,114,
10300689,Frankfurt a. M,Fran(c)kford,Magunt. dioc.,eccl. s. Bartholomei,can.,"75, 137",
10300689,Frankfurt a. M,Fran(c)kford,Magunt. dioc.,eccl. s. Bartholomei,capit.,273,
10300689,Frankfurt a. M,Fran(c)kford,Magunt. dioc.,eccl. s. Bartholomei,vic.,"211, 273, 274",
10300689,Frankfurt a. M,Fran(c)kford,Magunt. dioc.,eccl. s. Leonardi,capit.,203,
10300689,Frankfurt a. M,Fran(c)kford,Magunt. dioc.,eccl. b. Marie in Monte,decan.,"211, 273, 274",
10300689,Frankfurt a. M,Fran(c)kford,Magunt. dioc.,eccl. b. Marie in Monte,can.,"211, 274",
10300689,Frankfurt a. M,Fran(c)kford,Magunt. dioc.,eccl. b. Marie in Monte,capit.,"273, 274",
10300689,Frankfurt a. M,Fran(c)kford,Magunt. dioc.,eccl. bb. Marie et Georgii,decan.,203,
10300689,Frankfurt a. M,Fran(c)kford,Magunt. dioc.,eccl. bb. Marie et Georgii,can.,211,
10300689,Frankfurt a. M,Fran(c)kford,Magunt. dioc.,eccl. bb. Marie et Georgii,capit.,203,
10300689,Frankfurt a. M,Fran(c)kford,Magunt. dioc.,eccl. bb. Marie et Georgii,vic.,251,
10300689,Frankfurt a. M,Fran(c)kford,Magunt. dioc.,capel. s. Antonii,,327,
10300689,Frankfurt a. M,Fran(c)kford,Magunt. dioc.,mon. s. Catherine Nouiopidi,alt.,85,
10300689,Frankfurt a. M,Fran(c)kford,Magunt. dioc.,,civit.,"304, 337",
10300690,Frankfurt a. O,Frankenuorde,Lubuc. dioc.,eccl.,alt.,324,
10300691,Frankreich,Francia,,,rex,"28, 267",
10300691,Frankreich,Francia,,,regnum,"21, 61, 63, 114, 203, 325",
10300692,Frascati,Tusculan.,,,ep.,323,
10300693,Frasslau,"Fratzlauia, Frasslaw",Aquil. dioc.,par. eccl.,,"24, 25, 125",
10300694,Frauenaurach,Frauwenaurach,Herbi-pol. dioc.,mon. o. s. A.,capel. in eccl.,87,
,Frauenchiemsee,Nunnenberd,Salz. dioc.,mon. o. s. B.,abbat. et conv.,293,
,Frauenchiemsee,Nunnenberd,Salz. dioc.,mon. o. s. B.,alt. in eccl.,293,
10300696,Frehlinghausen,Vralinchusen,Hilsem. dioc.,mon.,prepos.,361,
10300697,Freiberg,Fribergh,Misn. dioc.,par. eccl.,,344,
10300698,Freiburg i. Br,"Friburgh, Friborg Fryburg, Friburgum",Const. dioc.,par. eccl.,,140,
10300698,Freiburg i. Br,"Friburgh, Friborg Fryburg, Friburgum",Const. dioc.,dom. fr. ord. Min.,,115,
10300698,Freiburg i. Br,"Friburgh, Friborg Fryburg, Friburgum",Const. dioc.,dom. fr. ord. Pred.,prior,310,
10300698,Freiburg i. Br,"Friburgh, Friborg Fryburg, Friburgum",Const. dioc.,dom. Montissanctiohannis bap. Carthus. ord.,,115,
10300698,Freiburg i. Br,"Friburgh, Friborg Fryburg, Friburgum",Const. dioc.,,civit.,"115, 389",
10300699,Freising,Frisingen.,,,ep. (el.),"7, 53, 59, 80, 112, 153, 170, 261, 267, 378",
10300699,Freising,Frisingen.,,eccl.,prepos.,214,
10300699,Freising,Frisingen.,,eccl.,decan.,"119, 223",
10300699,Freising,Frisingen.,,eccl.,can.,"15, 19, 121, 128, 184, 205, 207, 211, 213, 214, 228, 262, 298, 361, 376, 378, 388, 392",
10300699,Freising,Frisingen.,,eccl.,cap.,"7, 59, 170, 211",
10300699,Freising,Frisingen.,,eccl. s. Andree,prepos.,"152, 153, 205, 273",
10300699,Freising,Frisingen.,,eccl. s. Andree,can.,"15, 92, 152, 153, 389",
10300699,Freising,Frisingen.,,eccl. s. Johannis Montisfrisingen,prepos.,170,
10300699,Freising,Frisingen.,,eccl. s. Viti e. m.,prepos.,170,
10300699,Freising,Frisingen.,,capel. s. Benedicti,,261,
10300699,Freising,Frisingen.,,,presb.,"94, 106, 206, 209, 245, 262, 354, 375, 392",
10300699,Freising,Frisingen.,,,cler.,"123, 244, 261, 275, 316, 359",
10300699,Freising,Frisingen.,,,subcollect.,"153, 298, 378",
10300699,Freising,Frisingen.,,,domic.,42,
10300700,Freistadt,"ob d. Ens, Freynstät",Patav. dioc.,par. eccl. s. Jacobi in Nouoforo,,12,
10300706,Friesach,Frisacen.,Salzb. dioc.,eccl. s. Bartholomei,prepos.,115,
10300706,Friesach,Frisacen.,Salzb. dioc.,eccl. s. Bartholomei,can.,"15, 152, 153, 388",
10300707,Friesenhofen,"Friesenhouen, Friesenhouen",Const. dioc.,par. eccl.,,"26, 181, 257",
10300708,Friesland,"Frisia, Frescha",,,terra,"145, 337",
10300709,Frigento,Frequentin.,,,ep.,178,
10300713,Fritzlar,Vritzlarien.,Magunt. dioc.,eccl. s. Petri,prepos.,8,
10300713,Fritzlar,Vritzlarien.,Magunt. dioc.,eccl. s. Petri,decan.,268,
10300713,Fritzlar,Vritzlarien.,Magunt. dioc.,eccl. s. Petri,can,"143, 150, 221, 243, 254, 299",
10300713,Fritzlar,Vritzlarien.,Magunt. dioc.,eccl. s. Petri,capit.,"8, 268",
10300713,Fritzlar,Vritzlarien.,Magunt. dioc.,eccl. s. Petri,vic.,"141, 142, 150",
10300713,Fritzlar,Vritzlarien.,Magunt. dioc.,capel. s. Johannis,,"65, 68",
10300714,Frommershausen,Frommershusen,Magunt. dioc.,par. eccl.,,159,
10300716,Fügenstall,Fugenstal,Eystet. dioc.,par. eccl.,,"78, 346",
10300717,Fulda,Herbipol. seu,Magunt. dioc.,mon. o. s. B.,abb. et conv.,"143, 150, 248",
10300717,Fulda,Herbipol. seu,Magunt. dioc.,mon. o. s. B.,capel. (vic.),169,
10300718,Fulgenstadt,Fulgenstat,Const. dioc.,par. eccl.,,193,
10300719,Fünfkirchen,Quinqueecclesien.,,eccl.,prepos.,"242, 251",
10300719,Fünfkirchen,Quinqueecclesien.,,,dioc.,115,
10300720,Fürholzen,Furholtz,Frising. dioc.,par. eccl.,,256,
10300721,Furnes,Furnen.,Morin. dioc.,eccl. s. Walburgis,can.,"117, 118",
10300722,Fürstenwalde,Forstenwalde,Lubic. dioc.,eccl.,vic.,195,
10300724,Gabsheim,Geispisheim,Magunt. dioc.,par. eccl.,,224,
10300725,Gadow,Gadaw,Misn. dioc.,par. eccl.,,"390, 397",
10300726,Gaesdonk,Gaesdunck prope Goch,Colon. dioc.,mon. o. s. A.,prior et conv.,297,
10300727,Gail,Gila,Aquil. dioc.,,villa,192,
10300729,St. Gallen,de Sanctogallo,Const. dioc.,eccl. s. Leonardi e. m.,,"168, 186",
10300729,St. Gallen,de Sanctogallo,Const. dioc.,par. eccl. s. Laurentii,,101,
10300729,St. Gallen,de Sanctogallo,Const. dioc.,mon. s. Galli o. s. B.,,"124, 140, 141",
10300729,St. Gallen,de Sanctogallo,Const. dioc.,mon. s. Galli o. s. B.,abb.,155,
10300729,St. Gallen,de Sanctogallo,Const. dioc.,mon. s. Galli o. s. B.,capel.,155,
10300729,St. Gallen,,Salzb. dioc.,hosp. s. Galli,,65,
10300733,Gand,? Ghan,Salzb. dioc.,par. eccl.,,14,
10300733,Gand,Ganden.,Tornac. dioc.,par. eccl. s. Johannis,,291,
10300735,Gandersheim,Gandersem,Hildesem. dioc.,mon.,abbat. et conv.,196,
10300735,Gandersheim,Gandersem,Hildesem. dioc.,mon.,can. in eccl.,160,
10300736,Gap,Vapincen.,,,ep.,199,
10300736,Gap,Vapincen.,,eccl.,capit.,199,
10300737,Garda-See,lacus Garda,Trident. dioc.,,ius piscandi,124,
10300738,Gargnano,G. Rippie,Trident. dioc.,,civit.,124,
10300739,Gaspoltshofen,"Gaspoltzhouen, Kas-paldshouen",Patav. dioc.,par. eccl.,,"90, 259",
10300741,Gatersleben,Gatirsleuben,Halberst. dioc.,,archidiacon.,274,
10300743,Gavnö,Gabene,Roskild. dioc.,mon. s. Agnetis in insula maris,,124,
10300745,Gebesee,Gebese,Magunt. dioc.,eccl. s. Crucis,vic.,339,
10300746,Geervliet,Ghe[e]ruliet,Traiect. dioc.,eccl. b. Marie,dec. ac capit.,255,
10300746,Geervliet,Ghe[e]ruliet,Traiect. dioc.,eccl. b. Marie,can.,"255, 402",
10300747,Geich,Geych,Colon. dioc.,capel. s. Nicolai,,182,
10300748,Geiern,Geyrn,Eystet. dioc.,capel. s. Bartholomei in castro,,"124, 368",
10300749,Geisenfeld,Geysenueit,Ratisp. dioc.,par. eccl. s. Emmerami,,222,
10300749,Geisenfeld,Geysenueit,Ratisp. dioc.,mon. o. s. B.,abb. et conv.,222,
10300750,Geisenhausen,Geysenhawsen,Frising. dioc.,par. eccl.,,"93, 135",
10300751,Geismar,Gheismaer e. m. Gottinghen.,Magunt. dioc.,par. eccl.,,160,
10300753,Geispolsheim,Gheyspolshem,Argent. dioc.,par. eccl.,,361,
10300754,Geistingen,Geystingen,Colon. dioc.,par. eccl.,,313,
10300755,Geldern,Gelria,,,dux,"106, 188, 235, 327",
10300756,Gengenbach,,Argent. dioc.,mon. o. s. B.,abb.,81,
10300758,Genstall,,Ratisp. dioc.,par. eccl.,,388,
10300759,St. Georgen,Hartkilich,Const. dioc.,par. eccl.,,115,
10300760,Georgenthal,Vallissanctigeorgii al. Clarauallis,Magunt. dioc.,mon. Cist. ord.,,357,
10300761,Gerblingerode,Gerwelingherode,Magunt. dioc.,capel. s. Anne,,168,
10300762,Gerlachshausen,,Herbipol. dioc.,par. eccl.,,127,
10300764,Gernrode,Gherenrode,Halberst. dioc.,eccl.,abbat. et capit.,"225, 322, 343",
10300764,Gernrode,Gherenrode,Hildesem. dioc.,par. eccl.,,"100, 131",
10300766,Gerzen,Gertzen,Ratisp. dioc.,par. eccl.,,323,
10300767,Geseke,Ghes[c]ke,Colon. dioc.,eccl. s. Ciriaci,abbat. et conv.,385,
10300767,Geseke,Ghes[c]ke,Colon. dioc.,eccl. s. Ciriaci,can.,385,
10300767,Geseke,Ghes[c]ke,Colon. dioc.,eccl. s. Ciriaci,vic.,326,
10300768,Getz,,Poznan. dioc.,par. eccl.,,396,
10300769,Geul,Goele,Leod. dioc.,par. eccl.,,169,
10300770,Gewitsch,Gewiczka,Olomuc. dioc.,dom. ord. Herem. s. A.,,25,
10300785,Gieboldehausen,Gheueldehusen,Magunt. dioc.,par. eccl.,,195,
10300786,Giengen,,August. dioc.,par. eccl.,,75,
10300786,Giengen,,August. dioc.,dom. apud. cimeterium o. s. B.,,75,
10300786,Giengen,,August. dioc.,,civit.,167,
10300787,Giesenhain,Gisenheim,Magunt. dioc.,par. eccl.,,285,
10300788,Giesenkirchen,Ghisenkirchen,Colon. dioc.,par. eccl.,,174,
10300789,Giessen-Oudkerk,Oudeghiessen,Traiect. dioc.,par. eccl.,,129,
10300790,Giethoorn,Giethorn,Traiect. dioc.,par. eccl.,,400,
10300792,Gimingen,Gymunghen,Meten. dioc.,par. eccl.,,283,
10300794,Glan,,Magunt. dioc.,,archipresbyt.,108,
10300795,Glandières,Glanderien.,Meten. dioc.,mon. o. s. B.,abb.,"86, 87",
10300795,Glandières,Glanderien.,Meten. dioc.,mon. o. s. B.,custod.,87,
10300795,Glandières,Glanderien.,Meten. dioc.,mon. o. s. B.,monach.,"86, 87",
10300795,Glandières,Glanderien.,Meten. dioc.,mon. o. s. B.,conv.,86,
10300796,Glane,,Osnab. dioc.,par. eccl.,,104,
10300797,Glarus,Vallis Claronen.,Const. dioc.,,"incole, decime",361,
10300798,Gleichen,Glichen,Herbipol. dioc.,,castrum,158,
10300799,"Glogau, Gross-",Glogouia maior,Wratisl. dioc.,eccl. b. Marie,,271,
10300799,"Glogau, Gross-",Glogouia maior,Wratisl. dioc.,,prepos.,279,
10300799,"Glogau, Gross-",Glogouia maior,Wratisl. dioc.,,scholast.,82,
10300799,"Glogau, Gross-",Glogouia maior,Wratisl. dioc.,,can.,"8, 41, 127, 257, 290",
10300799,"Glogau, Gross-",Glogouia maior,Wratisl. dioc.,,capit.,279,
10300800,"Glogau, Ober-",Glogouia superior,Wratisl. dioc.,eccl. s. Bartholomei,vic.,14,
10300802,Gluschin,"Gluschinen., Glusernia",Poznan. dioc.,eccl. s. Jacobi,prepos.,249,
10300802,Gluschin,"Gluschinen., Glusernia",Poznan. dioc.,eccl. s. Jacobi,can.,45,
10300803,Gmünd,"Gamundien., Ganden.",August. dioc.,hosp. s. Spiritus.,,124,
10300803,Gmünd,"Gamundien., Ganden.",August. dioc.,,civit.,124,
10300804,Gnesen,"Gneznen., Gniznen.",,,aep.,"47, 133, 199, 222, 281, 289, 294, 339",
10300804,Gnesen,"Gneznen., Gniznen.",,,administrator,47,
10300804,Gnesen,"Gneznen., Gniznen.",,,mensa aepisc.,"199, 222",
10300804,Gnesen,"Gneznen., Gniznen.",,eccl.,prepos.,"46, 133, 243, 294, 308",
10300804,Gnesen,"Gneznen., Gniznen.",,eccl.,decan.,"52, 309",
10300804,Gnesen,"Gneznen., Gniznen.",,eccl.,cantor.,314,
10300804,Gnesen,"Gneznen., Gniznen.",,eccl.,dign.,"37, 49, 102, 289, 338",
10300804,Gnesen,"Gneznen., Gniznen.",,eccl.,can.,"5, 37, 43, 47, 49, 69, 101, 102, 103, 133, 198, 288, 289, 294, 308, 333, 338, 339",
10300804,Gnesen,"Gneznen., Gniznen.",,eccl.,capit.,"47, 199, 294, 339",
10300804,Gnesen,"Gneznen., Gniznen.",,eccl.,vic.,"45, 47, 101, 244, 338, 339",
10300804,Gnesen,"Gneznen., Gniznen.",,eccl.,alt.,"42, 47, 101, 294, 309, 339, 358",
10300804,Gnesen,"Gneznen., Gniznen.",,eccl. s. Georgii in castro,,42,
10300804,Gnesen,"Gneznen., Gniznen.",,par. eccl. Laurentii in suburbio,,101,
10300804,Gnesen,"Gneznen., Gniznen.",,mon. s. Johannis o. s. A. e. m.,prepos.,322,
10300804,Gnesen,"Gneznen., Gniznen.",,,presb.,"37, 232, 322, 396",
10300804,Gnesen,"Gneznen., Gniznen.",,,cler.,"79, 101, 183, 233, 243, 244, 289, 302, 303, 309, 311, 314, 339",
10300804,Gnesen,"Gneznen., Gniznen.",,,collector,"22, 51, 57, 261, 399",
10300804,Gnesen,"Gneznen., Gniznen.",,,dioc.,"98, 281",
10300804,Gnesen,"Gneznen., Gniznen.",,,armig.,101,
10300804,Gnesen,"Gneznen., Gniznen.",,,mil.,"186, 284, 294, 357",
10300805,Goch,,Colon. dioc.,,civit.,297,
10300806,Göda,Godow,Misn. dioc.,par. eccl.,,28,
10300807,Godesberg,Gudesberg,Colon. dioc.,capel. superior castri,,348,
10300809,Goes,,Traiect. dioc.,par. eccl.,,"27, 343",
10300810,Goldberg,Goltberg,Wratisl. dioc.,par. eccl.,,364,
10300811,Gollhofen,Golnhouen,Herbipol. dioc.,par. eccl.,,218,
10300812,Gonobitz,"Gonobicz, Gonwitz",Aquil. dioc.,par. eccl. s. Georgii,,321,
10300813,Göritz,Goritz,Lubuc. dioc.,eccl. b. Marie,,134,
10300814,Görlitz,Gorlicz,Misn. dioc.,par. eccl. s. Nicolai e. m.,,134,
10300814,Görlitz,Gorlicz,Misn. dioc.,,civit.,134,
10300815,Görschen,Gorszen,Merseb. dioc.,par. eccl.,,274,
10300816,Görz,Goricia,,,comes,"19, 192, 210",
10300817,Gorze,"Gorzien., Gorsien.",Meten. dioc.,mon. o. s. B.,abb.,"158, 159, 196, 371",
10300817,Gorze,"Gorzien., Gorsien.",Meten. dioc.,mon. o. s. B.,monach.,"158, 159, 196",
10300817,Gorze,"Gorzien., Gorsien.",Meten. dioc.,mon. o. s. B.,conv.,"158, 159, 196",
10300818,Goslar,,Hildesem. dioc.,eccl. ss. Symonis et Jude,prepos.,172,
10300818,Goslar,,Hildesem. dioc.,eccl. ss. Symonis et Jude,decan.,150,
10300818,Goslar,,Hildesem. dioc.,eccl. ss. Symonis et Jude,can.,"133, 237, 349",
10300818,Goslar,,Hildesem. dioc.,eccl. ss. Symonis et Jude,capit.,172,
10300819,Gossau,Gassaw prope Gruenigen,Const. dioc.,par. eccl.,,331,
10300820,Gotha,Gothen.,Magunt. dioc.,eccl.,can.,"96, 150, 151",
10300821,Gottesthal,Vallis Dei,Basil. dioc.,mon. o. s. B.,,92,
10300822,Göttingen,Göttinghen,Magunt. dioc.,par. eccl. s. Johannes,,160,
10300822,Göttingen,Göttinghen,Magunt. dioc.,,civit.,160,
10300823,Göttweih,Chodwicum,Patav. dioc.,mon. o. s. B.,abb. et conv.,352,
10300824,Gourlis,?,,,dux,6,
10300825,Grabau,Grabaw,Gnezn. dioc.,par. eccl. Omniumsanctorum,,98,
10300826,Grabow,,Razeb. dioc.,capel. s. Spiritus,,172,
10300828,Gräfenroda,? Ghrebukesrode,Magunt. dioc.,capel.,,198,
10300829,Gräfenthal,Vallis comitis,Colon. dioc.,mon. Cist. ord.,abb. et conv.,232,
10300831,Grammastetten,Gremthartsteten,Patav. dioc.,par. eccl.,,352,
10300832,Gras,Grassa,Magunt. dioc.,capel.,,163,
10300833,Grath,Grate prope Loss,Leod. dioc.,par. eccl. bb. Marie et Johannis,,"169, 177",
10300835,Gratwein,Graedwein,Salzb. dioc.,par. eccl.,,339,
10300836,Grebming,Grebmik,Salzb. dioc.,par. eccl.,,352,
10300837,Greiffenstein,"Grifenstein, Greyffenst.",Wratisl. dioc.,,castrum,281,
10300838,Greifswald,Gripeswoldis,Camin. dioc.,par. eccl. s. Marie,,85,
10300838,Greifswald,Gripeswoldis,Camin. dioc.,(par.) eccl. s. Nicolai,,85,
10300838,Greifswald,Gripeswoldis,Camin. dioc.,(par.) eccl. s. Nicolai,prepos.,137,
10300840,Grenoble,Gratianopol.,,,dioc.,212,
10300842,Greussen,"Marcgruczen, Grussen., Gruszen.",Magunt. dioc.,,cap. b. Marie e. m.,"16, 175, 187",
10300843,Grevesmühlen,Greuesmolen,Razeb. dioc.,par. eccl.,,312,
10300844,Gries,,Salzb. dioc.,par. eccl.,,17,
10300845,"Gries, St. Maria in Au","prope Bolzam, Awgia",Trident. dioc.,par. eccl.,,"59, 170",
10300845,"Gries, St. Maria in Au","prope Bolzam, Awgia",Trident. dioc.,mon. o. s. A.,,"59, 138",
10300845,"Gries, St. Maria in Au","prope Bolzam, Awgia",Trident. dioc.,mon. o. s. A.,prepos.,"77, 138",
10300845,"Gries, St. Maria in Au","prope Bolzam, Awgia",Trident. dioc.,,castrum apud villam,59,
10300846,Grieskirchen,,Patav. dioc.,par. eccl.,,88,
10300850,Groden,Gruden.,Bremen. dioc.,par. eccl.,,216,
10300851,Grodzisko,,Poznan. dioc.,par. eccl.,,351,
10300852,Groenlo,"Gronlo, Gronllo",Monast. dioc.,par. eccl.,,"132, 198",
10300852,Groenlo,"Gronlo, Gronllo",Monast. dioc.,,opid.,106,
10300853,Groningen,Groninghen,Traiect. dioc.,par. eccl. s. Martini,,"149, 393",
10300854,Gross-Alsleben,Magnaalsleuen,Halberst. dioc.,par. eccl.,,89,
10300855,Gross-Behringen,Maiorberingen,Magunt. dioc.,par. eccl. s. Petri,,387,
,(Gross-) Enzersdorf,Maior Enczesdorff,Patav. dioc.,par. eccl.,,229,
10300857,Gross-Erich,Erich,Magunt. dioc.,par. eccl.,,99,
10300858,Gross-Königsdorf,Congestorp,Colon. dioc.,mon.,,80,
10300858,Gross-Königsdorf,Congestorp,Colon. dioc.,,villa,80,
10300859,Gross-Mohnau,Magnamana,Wratisl. dioc.,par. eccl. s. Andree,,270,
10300860,Grossenmohnra,Maiormanre,Magunt. dioc.,par. eccl.,,344,
10300861,Gross-Salze,Magnasalina,Magdeb. dioc.,capel. castri,,175,
10300863,Grünberg,Vrunebec,Magunt. dioc.,,preceptor. s. Antonii,355,
10300864,Grüningen,Grueningen,Const. dioc.,,villa,331,
10300865,Grünhofen,? Grunshouen,Frising. dioc.,par. eccl.,,"20, 238",
10300866,Grüssau,Grissaw,Wratisl. dioc.,mon. Cist. ord.,abb.,281,
10300868,Grzegorzew,"Grzegorzewo, Gyegoizewo",Gnezn. dioc.,par. eccl.,,"338, 339",
10300869,Grzendzin,Grenzen,Wratisl. dioc.,par. eccl.,,401,
10300870,Guben,Gubinen.,Misn. dioc.,capel. s. Spiritus e. m.,,48,
10300873,Gülzow,Gulczow,Camin. dioc.,,castrum,9,
10300874,Guntering,? Guntmaringen,August. dioc.,par. eccl.,,216,
10300875,Güntzburg,Guntzburg,August. dioc.,par. eccl. s. Martini,,392,
10300876,Günz,"Guncz, Guntz",August. dioc.,par. eccl.,,"84, 298",
10300877,Gurk,Gurcen.,,,ep. (el.),"80, 112",
10300878,Gurkfeld,Gurguelt,Aquil. dioc.,par. eccl. b. Marie Virg.,,170,
10300879,Güsten,Gusten.,Colon. dioc.,par. eccl.,,336,
10300882,Güstrow,Gustrowen.,Camin. dioc.,eccl.,prepos.,329,
10300882,Güstrow,Gustrowen.,Camin. dioc.,eccl.,can.,"91, 145",
10300882,Güstrow,Gustrowen.,Camin. dioc.,par. eccl.,,172,
10300882,Güstrow,Gustrow,Zwerin. dioc.,par. eccl.,,235,
10300882,Güstrow,Gustrowe,,dominus terre,,"60, 192",
10300883,Güttingen,Guttingen,Const. dioc.,par. eccl.,,331,
10300884,Guttstadt,Gutenstat,Warmien. dioc.,eccl. s. Saluatoris et Omniumsanctorum,can.,166,
10300888,Haag,Hag,Frising. dioc.,,baron.,125,
10300888,Haag,Hagha,Traiect. dioc.,par. eccl. s. Jacobi,,139,
10300888,Haag,Hagha,Traiect. dioc.,,fraternitas b. Marie Virg.,139,
10300889,Hadeln,"Hadelene, Haderia",Bremen. dioc.,,archidiacon.,"82, 95",
10300890,Hadmansdorff,Hadmansdorff,Herbi-pol. dioc.,par. eccl.,,"78, 311, 346",
10300894,Hagen,,Traiect. dioc.,ecc. (capel.) b. Marie,decan.,"62, 373",
10300894,Hagen,,Traiect. dioc.,ecc. (capel.) b. Marie,can.,131,
10300894,Hagen,,Traiect. dioc.,ecc. (capel.) b. Marie,capit.,"62, 373",
10300895,Hagenau,Haghenow,Argent. dioc.,mon. antiquum Prem. ord.,,139,
10300895,Hagenau,Haghenow,Argent. dioc.,,opid.,139,
10300896,Hagestein,Haghensteyn,Traiect. dioc.,eccl.,alt.,"43, 44",
10300898,Haibach,Haybach,Ratisp. dioc.,par. eccl. s. Laurentii,,93,
10300899,Haidelfing,Haydolffing,Ratisp. dioc.,par. eccl.,,161,
10300901,Haina,Hayna,Misn. dioc.,mon. s. Marie Magdalene o. s. A.,prepos.,211,
10300902,Haindorf,Haindorff,Patav. dioc.,par. eccl.,,260,
10300903,Halberstadt,Halberstaden.,,,ep. (el.),"39, 139, 204, 227, 269, 271",
10300903,Halberstadt,Halberstaden.,,eccl.,prepos.,"39, 120, 349, 387",
10300903,Halberstadt,Halberstaden.,,eccl.,decan.,21,
10300903,Halberstadt,Halberstaden.,,eccl.,scholast.,147,
10300903,Halberstadt,Halberstaden.,,eccl.,portenarius,295,
10300903,Halberstadt,Halberstaden.,,eccl.,dign.,"18, 105",
10300903,Halberstadt,Halberstaden.,,eccl.,can.,"18, 72, 105, 120, 130, 147, 193, 204, 274, 295, 387",
10300903,Halberstadt,Halberstaden.,,eccl.,capit.,"39, 139, 227, 269",
10300903,Halberstadt,Halberstaden.,,eccl.,vic.,"160, 197, 198, 226, 269, 395",
10300903,Halberstadt,Halberstaden.,,eccl. s. Bonifacii,prepos.,5,
10300903,Halberstadt,Halberstaden.,,eccl. s. Bonifacii,can.,"89, 225",
10300903,Halberstadt,Halberstaden.,,eccl. s. Bonifacii,vic.,89,
10300903,Halberstadt,Halberstaden.,,eccl. b. Marie,prepos.,227,
10300903,Halberstadt,Halberstaden.,,eccl. b. Marie,can.,"72, 217",
10300903,Halberstadt,Halberstaden.,,eccl. b. Marie,capit.,227,
10300903,Halberstadt,Halberstaden.,,eccl. b. Marie,vic.,"154, 395",
10300903,Halberstadt,Halberstaden.,,eccl. s. Pauli,can.,160,
10300903,Halberstadt,Halberstaden.,,,presb.,276,
10300903,Halberstadt,Halberstaden.,,,cler.,"197, 198, 226, 227, 343",
10300903,Halberstadt,Halberstaden.,,,domic.,322,
,Halicz,Halicien.,,,el.,"37, 281, 289",
,Halicz,Halicien.,,,dioc.,310,
10300906,Halle,Hallen.,Magdeb. dioc.,eccl. Nouioperis e. m.,prepos.,139,
10300906,Halle,Hallen.,Magdeb. dioc.,capel. s. Crucis in viridario,,140,
10300906,Halle,Hallen.,Magdeb. dioc.,,archidiacon.,139,
10300906,Halle,Hallen.,Magdeb. dioc.,,comes salinarii,138,
10300906,Halle,Hallen.,Magdeb. dioc.,,civit.,138,
10300907,Halle i. Br,,Minden. dioc.,par. eccl.,,148,
10300909,Hallein,Salina,Salzb. dioc.,par. eccl. s. Antonii,,238,
10300910,Hallermund,Halremunt,Hildesem. dioc.,capel. b. Marie in castro,,264,
10300910,Hallermund,Halremunt,Hildesem. dioc.,,com.,376,
10300911,Hallgarten,Heilgarten,Magunt. dioc.,par. eccl.,,373,
10300912,Hallstadt,Halstat,Bamberg. dioc.,par. eccl.,,228,
10300914,Haltingen,Haltingem,Const. dioc.,par. eccl.,,252,
10300915,Hamburg,Hamborgen.,Bremen. dioc.,eccl. s. Katherine,vic.,"72, 227",
10300915,Hamburg,Hamborgen.,Bremen. dioc.,eccl. b. Marie,prepos.,"19, 40, 83, 203, 207, 246, 247, 375, 389",
10300915,Hamburg,Hamborgen.,Bremen. dioc.,eccl. b. Marie,decan.,201,
10300915,Hamburg,Hamborgen.,Bremen. dioc.,eccl. b. Marie,scolast.,119,
10300915,Hamburg,Hamborgen.,Bremen. dioc.,eccl. b. Marie,can.,"183, 196, 201, 207, 256, 347, 390",
10300915,Hamburg,Hamborgen.,Bremen. dioc.,eccl. b. Marie,capit.,"40, 83, 201, 203, 246, 247, 375, 389",
10300915,Hamburg,Hamborgen.,Bremen. dioc.,eccl. b. Marie,vic.,"201, 207, 333, 345, 390",
10300915,Hamburg,Hamborgen.,Bremen. dioc.,eccl. s. Nicolai,vic.,333,
10300915,Hamburg,Hamborgen.,Bremen. dioc.,eccl. s. Petri,vic.,"175, 390",
10300915,Hamburg,Hamborgen.,Bremen. dioc.,,civit.,140,
10300916,Hameln,Hamelen.,Minden. dioc.,eccl. s. Bonifacii,prepos.,248,
10300916,Hameln,Hamelen.,Minden. dioc.,eccl. s. Bonifacii,can.,"56, 70, 174",
10300916,Hameln,Hamelen.,Minden. dioc.,eccl. s. Bonifacii,capit.,248,
10300916,Hameln,Hamelen.,Minden. dioc.,eccl. s. Bonifacii,vic.,193,
10300916,Hameln,Hamelen.,Minden. dioc.,capel. hosp. paup. s. Spiritus,,265,
10300917,Hamm,Hammonen.,Colon. dioc.,par. eccl.,,"104, 217",
10300919,Hanau,Hanow,Argent. dioc.,par. eccl.,,93,
10300919,Hanau,Haenow,Magunt. dioc.,,baron.,107,
10300921,Hannover,"Hanuorien., Hanoueren.",Minden. dioc.,par. eccl. ss. Jacobi et Georgii,,179,
10300921,Hannover,"Hanuorien., Hanoueren.",Minden. dioc.,,opid.,"222, 223",
10300923,Hardehausen,Herswideshusen,Padeb. dioc.,mon. Cist. ord.,monach.,206,
10300925,Harlebeke,Harlebecen.,Tornac. dioc.,eccl. s. Saluatoris,prepos.,16,
10300926,Harsefeld,"Hersfelde, Roselde, Rosseueld",Bremen. dioc.,mon. o. s. B.,,41,
10300926,Harsefeld,"Hersfelde, Roselde, Rosseueld",Bremen. dioc.,mon. o. s. B.,abb.,240,
10300926,Harsefeld,"Hersfelde, Roselde, Rosseueld",Bremen. dioc.,mon. o. s. B.,monach.,240,
10300927,Hartberg,Hartperg,Salzb. dioc.,,mons,324,
10300929,"Hasbengau, Hasbain",Hasuan.,Leod. dioc.,,archidiacon.,29,
10300930,Haselau,Hazelow,Bremen. dioc.,par. eccl.,,207,
10300931,Haselünne,Haselunne,Osnab. dioc.,par. eccl.,,"214, 253",
10300932,Haslach,"Haselacen., Hasselowe",Ar-gent. dioc.,eccl. s. Florentii (Florini),decan.,73,
10300932,Haslach,"Haselacen., Hasselowe",Ar-gent. dioc.,eccl. s. Florentii (Florini),celeraria,73,
10300932,Haslach,"Haselacen., Hasselowe",Ar-gent. dioc.,eccl. s. Florentii (Florini),can.,"73, 189, 215",
10300932,Haslach,"Haselacen., Hasselowe",Ar-gent. dioc.,eccl. s. Florentii (Florini),capit.,73,
10300933,Hasselburg,Asselburg,Halberst. dioc.,capel. b. Marie,,217,
10300934,Hasselt,,Leod. dioc.,par. eccl.,,135,
10300936,Hasungen,Hasunghen,Magunt. dioc.,mon. o. s. B.,abb.,342,
10300938,Hattenheim,,Magunt. dioc.,par. eccl.,,362,
10300940,Haus,,Salzb. dioc.,par. eccl.,,119,
10300941,Havelberg,,,,ep.,"118, 142, 299",
10300941,Havelberg,,,eccl. Prem. ord.,,142,
10300941,Havelberg,,,,prepos.,118,
10300941,Havelberg,,,,can.,118,
10300941,Havelberg,,,,capit.,142,
10300941,Havelberg,,,,alt.,118,
10300941,Havelberg,,,par. eccl.,,118,
10300941,Havelberg,,,,cler.,"247, 396",
10300942,Havixbeck,Haeukesbeke,Monast. dioc.,par. eccl.,,"100, 136",
10300947,Hebron,Ebronen.,,,ep.,80,
,s’Heerhendrikskinderen,Therheynrix- kinder,Traiect. dioc.,par. eccl.,,311,
10300951,Heesbeen,Haesbeen,Traiect. dioc.,capel. b. Marie super Aggere in parochia H.,,133,
10300953,Heideck,Haydeck,Eystet. dioc.,,baron.,213,
10300954,Heidelberg,Heydelberg,Wormat. dioc.,studium,,352,
10300954,Heidelberg,Heydelberg,Wormat. dioc.,,civit.,13,
10300955,Heilbronn,"Heylprun, Heelprunna Her.",bipol. dioc.,par. eccl.,,"208, 254",
10300957,Heilgenthal,Hilghendal,Verden. dioc.,mon. Prem. ord.,prep. et conv.,40,
10300958,Heiligenstadt,Heilgenstad.,Magunt. dioc.,eccl. s. Martini,prepos.,7,
10300958,Heiligenstadt,Heilgenstad.,Magunt. dioc.,eccl. s. Martini,can.,151,
10300960,Heilsbronn,"Heilsprun, Halsprunn, Fonssalutis",Eystet. dioc.,mon. Cist. ord.,abb.,"54, 55, 172, 295, 387",
10300960,Heilsbronn,"Heilsprun, Halsprunn, Fonssalutis",Eystet. dioc.,mon. Cist. ord.,prepos.,55,
10300960,Heilsbronn,"Heilsprun, Halsprunn, Fonssalutis",Eystet. dioc.,mon. Cist. ord.,camerar.,266,
10300960,Heilsbronn,"Heilsprun, Halsprunn, Fonssalutis",Eystet. dioc.,mon. Cist. ord.,conv.,"172, 295, 387",
10300961,Heimertingen,Haimertingen,Const. dioc.,par. eccl.,,9,
10300962,Heinrichau,Henrichow,Wratisl. dioc.,mon. Cist. ord.,abb.,282,
10300963,Heinsberg,Heynsbergen.,Leod. dioc.,eccl.,can.,"20, 210",
10300963,Heinsberg,Heynsbergen.,Leod. dioc.,,dominus,221,
10300964,Heisterkirch,Hesterkirch,Const. dioc.,par. eccl.,,"188, 261",
10300965,Heldburg,Helpurg,Herbipol. dioc.,par. eccl.,,132,
10300966,Helmeringhausen,Helmelinchusen,Padeb. dioc.,,obediencia,363,
10300967,Hemelum,Hemele,Traiect. dioc.,mon. s. Nicolai o. s. B.,prepos.,178,
10300967,Hemelum,Hemele,Traiect. dioc.,mon. s. Nicolai o. s. B.,monach.,177,
10300968,Hemmersbach,Hemersbach,Colon. dioc.,par. eccl.,,182,
10300969,Hemmingstedt,Hemmegstede,Bremen. dioc.,par. eccl.,,"203, 322",
10300970,Henneberg,Hennenberg,Herbipol. dioc.,,comes,154,
10300971,Hennegau,Hannonia,,,. com.,"31, 60, 114, 271, 279",
10300973,Hentern,Emptre,Trev. dioc.,par. eccl.,,258,
10300975,Herbertshausen,Herbericzhusen Fri.,sing. dioc.,par. eccl.,,92,
10300977,Herbitzheim,"Harbeysen, Herbotsen",Meten. dioc.,par. eccl.,,80,
10300977,Herbitzheim,"Harbeysen, Herbotsen",Meten. dioc.,mon. o. s. B.,abbat.,80,
10300978,Herbolzheim,Herwolczheim,Herbipol. dioc.,par. eccl.,,294,
10300979,Herbrechtingen,Herberchtingen,August. dioc.,mon. o. s. A.,,167,
10300980,Herchesheim,Hergesheim,Spiren. dioc.,par. eccl.,,195,
10300981,Herdern,prope Friburgum,Const. dioc.,par. eccl.,,389,
10300982,Herdwangen,Hedwangen,Const. dioc.,par. eccl.,,104,
10300984,Herford,Heruorden.,Padeb. dioc.,eccl. secul.,abbat.,"37, 51, 55, 177, 202, 400",
10300984,Herford,Heruorden.,Padeb. dioc.,eccl. secul.,capit.,"37, 55, 177, 400",
10300984,Herford,Heruorden.,Padeb. dioc.,eccl. ss. Johannis et Dionisii,,51,
10300984,Herford,Heruorden.,Padeb. dioc.,eccl. ss. Johannis et Dionisii,can.,220,
10300984,Herford,Heruorden.,Padeb. dioc.,eccl. ss. Johannis et Dionisii,vic.,"19, 44, 70",
10300984,Herford,Heruorden.,Padeb. dioc.,par. eccl. s. Johannis,,"51, 64",
10300984,Herford,Heruorden.,Padeb. dioc.,capel. b. Catherine Nouioperis,,"119, 205",
10300984,Herford,Heruorden.,Padeb. dioc.,capel. dom. Walderi,,217,
10300985,Hergensweiler,Harggerswiler,Const. dioc.,par. eccl.,,94,
10300987,Herischdorf,Heroldisdorf,Wratisl. dioc.,,bona,281,
10300989,Hermagor,de Sanctoermachore prope Gilam,Aquil. dioc.,par. eccl. s. Ermachore,,192,
10300990,Hermstedt,Hermstete,Magunt. dioc.,par. eccl.,,393,
10300992,Herrenalb,Alba,Spiren. dioc.,mon. Cist. ord.,abb.,90,
10300993,Herrieden,Herriden.,Eystet. dioc.,eccl. s. Viti,can.,"109, 189, 223",
10300994,Hersbruck,Herspruck,Bamberg. dioc.,par. eccl.,,93,
10300995,Hersfeld,,Magunt. dioc.,mon. o. s. B.,"abb., dec. et conv.",150,
10300998,Herten,,Colon. dioc.,par. eccl.,,319,
10300999,Herwen,,Traiect. dioc.,par. eccl.,,347,
10301001,Herzberg,Hertzeberg,Misp. dioc.,capel. Corporis Jesu Christi,,177,
10301001,Herzberg,Hertzeberg,Misp. dioc.,,civit.,329,
10301002,Herzogenbusch,Buscoducis,Leod. dioc.,eccl. s. Johannis,can.,11,
10301002,Herzogenbusch,Buscoducis,Leod. dioc.,par. eccl.,,347,
10301003,Hessen,Hassia,,,lantgr.,268,
10301006,Hieropolis,Jeropolitan.,,,ep.,27,
10301009,Hildesheim,Hildesem.,,,ep.,"18, 23, 56, 70, 131, 156, 157, 178, 200, 248, 264, 265, 269, 271, 355",
10301009,Hildesheim,Hildesem.,,eccl.,prepos.,"96, 131, 192",
10301009,Hildesheim,Hildesem.,,eccl.,thesaurar.,"18, 95, 141, 142",
10301009,Hildesheim,Hildesem.,,eccl.,dign.,"100, 158",
10301009,Hildesheim,Hildesem.,,eccl.,can.,"100, 130, 141, 142, 158, 264, 295, 349",
10301009,Hildesheim,Hildesem.,,eccl.,capit.,"18, 23, 56, 70, 95, 131, 154, 156, 178, 200, 248, 265, 269",
10301009,Hildesheim,Hildesem.,,eccl.,vic.,"23, 198, 248, 265, 269",
10301009,Hildesheim,Hildesem.,,eccl.,capel.,"44, 70",
10301009,Hildesheim,Hildesem.,,eccl. s. Andree,prepos.,105,
10301009,Hildesheim,Hildesem.,,eccl. s. Andree,decan.,264,
10301009,Hildesheim,Hildesem.,,eccl. s. Andree,can.,"156, 157, 178",
10301009,Hildesheim,Hildesem.,,eccl. s. Andree,alt.,144,
10301009,Hildesheim,Hildesem.,,eccl. s. Crucis,prepos.,"100, 265",
10301009,Hildesheim,Hildesem.,,eccl. s. Crucis,decan.,72,
10301009,Hildesheim,Hildesem.,,eccl. s. Crucis,can.,66,
10301009,Hildesheim,Hildesem.,,eccl. s. Crucis,capit.,"72, 178, 265",
10301009,Hildesheim,Hildesem.,,eccl. s. Crucis,vic.,266,
10301009,Hildesheim,Hildesem.,,eccl. s. Johannis e. m.,can.,131,
10301009,Hildesheim,Hildesem.,,eccl. b. Marie,can.,264,
10301009,Hildesheim,Hildesem.,,eccl. Montissanctimauritii e. m.,prepos.,266,
10301009,Hildesheim,Hildesem.,,eccl. Montissanctimauritii e. m.,scolast.,144,
10301009,Hildesheim,Hildesem.,,eccl. Montissanctimauritii e. m.,dign.,159,
10301009,Hildesheim,Hildesem.,,eccl. Montissanctimauritii e. m.,can.,"18, 144, 159, 200, 220, 250, 266",
10301009,Hildesheim,Hildesem.,,eccl. Montissanctimauritii e. m.,capit.,266,
10301009,Hildesheim,Hildesem.,,eccl. Montissanctimauritii e. m.,off.,18,
10301009,Hildesheim,Hildesem.,,capel. s. Anne in ambitu (cimiterio),,141,
10301009,Hildesheim,Hildesem.,,mon. s. Michaelis o. s. B.,abb.,40,
10301009,Hildesheim,Hildesem.,,,archidiacon.,"105, 178",
10301009,Hildesheim,Hildesem.,,,presb.,"156, 158",
10301009,Hildesheim,Hildesem.,,,cler.,"131, 144, 145, 155, 157, 195, 196, 200, 266, 349, 391",
10301009,Hildesheim,Hildesem.,,,subcollect.,265,
10301009,Hildesheim,Hildesem.,,,mil.,148,
10301011,Hillerse,Hildesse,Magunt. dioc.,par. eccl.,,67,
10301012,Hilvarenbeek,? Beben.,Leod. dioc.,eccl. s. Petri,alt.,237,
10301013,Himmelspforte,Portaceli,Const. dioc.,mon. Prem. ord.,,145,
10301014,Hippo,Yponen.,,,ep.,281,
10301015,Hirsau,Hirsaw,Spiren. dioc.,mon. o. s. B.,abb.,125,
10301016,Hirschberg,Hirsberg,Wratisl. dioc.,,districtus,281,
10301017,Hirschhorn,Hirshoren,Salzb. dioc.,par. eccl.,,128,
10301018,Höchheim,Hocheim,Herbipol. dioc.,capel. s. Martini,,175,
10301019,Hoeven,Hoeuen.,Colon. dioc.,,vic.,131,
10301020,Hofen,,Argent. dioc.,par. eccl.,,166,
10301021,Hofgeismar,"Gheismar, Geysmar.",Pa-deb. dioc.,eccl. b. Marie Veteris,prepos.,166,
10301021,Hofgeismar,"Gheismar, Geysmar.",Pa-deb. dioc.,eccl. b. Marie Veteris,administrator,166,
10301021,Hofgeismar,"Gheismar, Geysmar.",Pa-deb. dioc.,eccl. b. Marie Veteris,pleban.,166,
10301022,Hofheim,Houhem,Magunt. dioc.,par. eccl.,,16,
10301023,Höflein,"Hofflein, Heflein",Patav. dioc.,par. eccl. s. Margarete,,244,
10301024,Hohenburg,H. superior.,Argent. dioc.,mon. o. s. A.,abbat.,280,
10301024,Hohenburg,H. superior.,Argent. dioc.,mon. o. s. A.,custod.,280,
10301024,Hohenburg,H. superior.,Argent. dioc.,mon. o. s. A.,monial.,280,
10301024,Hohenburg,H. superior.,Argent. dioc.,mon. o. s. A.,benef. in eccl.,250,
10301025,Hohenstadt,Hohenstat,Bamberg. dioc.,eccl.,premissaria,87,
10301026,Holland,Holandia,,,com.,"31, 131, 271",
10301026,Holland,Holandia,,,miles,267,
10301027,Holstein,"Holczacia, Holsacia",Lubic. dioc.,,comes,"156, 190, 336",
10301028,Holzen,Holtzen,Frising. dioc.,par. eccl.,,245,
10301030,Holzweiler,Holtzwilre,Colon. dioc.,par. eccl.,,393,
10301032,Horn,,Const. dioc.,par. eccl. s. Johannis bapt.,,"101, 186",
10301033,Hornbach,"Hornbacen., Hornbacum, Hornebagh",Meten. dioc.,eccl. s. Fabiani,can.,"204, 314",
10301033,Hornbach,"Hornbacen., Hornbacum, Hornebagh",Meten. dioc.,mon. s. Pirmini o. s. B.,abb.,"122, 204, 292",
10301033,Hornbach,"Hornbacen., Hornbacum, Hornebagh",Meten. dioc.,mon. s. Pirmini o. s. B.,monach.,204,
10301033,Hornbach,"Hornbacen., Hornbacum, Hornebagh",Meten. dioc.,mon. s. Pirmini o. s. B.,conv.,"122, 204, 292",
10301034,Hornburg,Horneborghum,Halberst. dioc.,capel.,,143,
10301035,Hosskirch,Hosskilch,Const. dioc.,par. eccl.,,97,
10301036,Hottorf,Hotorff,Colon. dioc.,capel.,,121,
10301037,Hougaerde,Hugardien.,Leod. dioc.,eccl. s. Gorgoni,can.,131,
10301039,Höxter,Huxarien.,Padeb. dioc.,eccl. s. Petri,can.,"148, 178, 240, 343",
10301039,Höxter,Huxarien.,Padeb. dioc.,eccl. s. Petri,vic.,240,
10301039,Höxter,Huxarien.,Padeb. dioc.,par. eccl. s. Kilians,,93,
10301040,Hoya,,,,comes,"15, 112, 160",
10301042,Hude,,Bremen. dioc.,mon. Cist. ord.,abb. resp. monach.,327,
10301044,Hulst,,Traiect. dioc.,par. eccl.,,304,
10301045,Hunderdorf,Hunderdorff,Ratisp. dioc.,par. eccl. s. Nicolai,,234,
10301046,Hünfeld,Hunfeld,Herbipol. dioc.,,locus,158,
10301048,Hüttlingen,Hutlingen,August. dioc.,par. eccl.,,244,
10301050,Huy,Hoyen.,Leod. dioc.,eccl. b. Marie,can.,"11, 13, 127, 128, 325",
10301051,Jagdberg,Jagberg,Curien. dioc.,par. eccl.,,388,
10301052,Jauer,Jawraw,Wratisl. dioc.,par. eccl.,,85,
10301055,Jechaburg,Jecheburg,Magunt. dioc.,eccl. s. Petri,can.,99,
10301057,Jeinsen,"Gensen, Geynsen",Minden. dioc.,par. eccl.,,"57, 124",
10301058,Jena,"Jhene, Maior Jene",Magunt. dioc.,par. eccl. s. Michaelis,,"53, 143",
10301058,Jena,"Jhene, Maior Jene",Magunt. dioc.,dom. ord. Montecarmel.,,332,
10301060,Jesendorf,Jesendorp,Zwerin. dioc.,eccl.,vic.,172,
10301062,Ilfeld,Ilueld,Magunt. dioc.,mon. Prem. ord.,,186,
10301063,Illergau,Ylergoye,Const. dioc.,,archidiacon.,233,
10301064,Ill-Wickersheim,Illewickersheim,Argent. dioc.,capel. s. Oswaldi,,139,
10301066,Immenhausen,Ymmenhusen,Magunt. dioc.,par. eccl.,,230,
10301067,Immenstaad,"Imenstad, Ymestat",Const. dioc.,"par. eccl. (capel.) b. Marie Virg., s. Jodoci et Omniumsanctorum",,"187, 234",
10301067,Immenstaad,"Imenstad, Ymestat",Const. dioc.,,civit.,187,
10301068,Incourt,Aycurien.,Leod. dioc.,eccl. s. Petri,decan.,203,
10301076,Ingeleben,Jegheleue,Verden. dioc.,par. eccl. b. Marie,,122,
10301077,Ingelheimerhausen,Ingelheimershusen,Magunt. dioc.,mon. o. s. A.,vic. in eccl.,318,
10301079,Inn,Enus,,,flumen,302,
10301080,Innichen,"Indicen., Inticen.",Brixin. dioc.,eccl. s. Candidi,prepos.,170,
10301080,Innichen,"Indicen., Inticen.",Brixin. dioc.,eccl. s. Candidi,can.,"129, 181, 279, 330, 354",
10301081,Innsbruck,Inspruck,Brixin. dioc.,capel. s. Marie et s. Dorothee,,188,
10301085,Jork,Jorke,Verden. dioc.,par. eccl.,,204,
10301086,Jouy sur Morin,Gaudiacum,Meten. dioc.,par. eccl.,,229,
10301087,Iphofen,Ippenhouen,Herbipol. dioc.,,archidiacon.,"7, 8",
10301088,Ips,Ibsa,Patav. dioc.,par. eccl.,,"331, 332",
10301089,Irschen,Vrs,Salzb. dioc.,par. eccl. s. Dionisii (s. Johannis),,354,
10301091,Isen,Ysen,Frising. dioc.,eccl. s. Zenonis,prepos.,"170, 298",
10301091,Isen,Ysen,Frising. dioc.,eccl. s. Zenonis,can.,262,
10301093,Isenburg,,,,baron.,346,
10301094,Isenheim,"Isenheym, Ysenhem",Basil. dioc.,dom. s. Antonii o. s. A.,preceptor.,219,
10301095,Isenhofen,,Patav. dioc.,par. eccl.,,188,
10301097,Iserloen,Iserenloen,Colon. dioc.,par. eccl.,,136,
10301099,Isny,Isnina,Const. dioc.,par. eccl. (s. Nicolai),,"181, 257",
10301099,Isny,Isnina,Const. dioc.,mon. o. s. B.,,"181, 257",
10301099,Isny,Isnina,Const. dioc.,mon. o. s. B.,abb. et conv.,330,
10301100,Isonzo,Ysontius,,,flumen,278,
10301101,Isselstein,"Iselsteyn, Yselsteyn",Traiect. dioc.,mon. Cist. ord.,monach.,179,
10301101,Isselstein,"Iselsteyn, Yselsteyn",Traiect. dioc.,,baron.,206,
10301102,Italien,Italia,,,,"51, 53, 61, 70, 113, 182, 218, 264, 285, 362",
10301103,Judenburg,,Salzb. dioc.,par. eccl.,,58,
10301104,Juditten,Judenkirche,Sambien. dioc.,par. eccl. b. Marie,,257,
10301105,Jugenheim,Gugenheym,Magunt. dioc.,par. eccl.,,230,
10301106,Jülich,Juliacen.,,,dux,"188, 235, 327",
10301107,Jüterbock,Juterbook,Brandeb. dioc.,par. eccl. s. Nicolai,,282,
10301108,Ivoix-Carignan,Yuodien. Leod. seu,Trev. dioc.,eccl. b. Marie,decan.,"85, 166, 263",
10301108,Ivoix-Carignan,Yuodien. Leod. seu,Trev. dioc.,eccl. b. Marie,alt.,"97, 212",
10301109,K//////re,,? Traiect. dioc.,,castrum,115,
10301110,Kahlberg,Calu[us]mons,Patav. dioc.,par. eccl.,,398,
10301111,Kaiserstuhl,Kayserstul,Const. dioc.,,civit.,300,
10301112,Kaisheim,Cesarea,August. dioc.,mon. Cist. ord.,abb.,"191, 259",
10301112,Kaisheim,Cesarea,August. dioc.,mon. Cist. ord.,conv.,259,
10301113,Kaliess,Kalyc,Poznan. dioc.,eccl.,vic.,86,
10301114,Kalisch,Kalisien.,Gnezn. dioc.,eccl.,prior,47,
10301114,Kalisch,Kalisien.,Gnezn. dioc.,,castellanus,"186, 202",
10301115,Kalocsa,Colocen.,,,aep.,47,
10301116,Kaltern,Caldarium,Trident. dioc.,par. eccl.,,356,
10301119,Kampen,Campen,Traiect. dioc.,par. eccl.,,"74, 162, 266",
10301119,Kampen,Campen,Traiect. dioc.,capel. ss. Marie Magdalene et Catharine e. m.,,74,
10301119,Kampen,Campen,Traiect. dioc.,capel. apud hosp. b. Gertrudis,,74,
10301119,Kampen,Campen,Traiect. dioc.,,civit.,74,
10301121,Kappel,"Capella, Villacapelle",Argent. dioc.,par. eccl.,,94,
10301121,Kappel,Villakeppel,Traiect. dioc.,par. eccl.,,277,
10301122,Karlburg,Carelburg,Herbipol. dioc.,,castrum,189,
10301124,Karlstadt,"Karelstat, Carelstad",Herbipol. dioc.,,archidiacon.,350,
10301124,Karlstadt,"Karelstat, Carelstad",Herbipol. dioc.,,civit.,189,
10301125,Kärnten,Karinthia,,,,116,
10301127,"Katernbach, Maternbach",,? Patav. dioc.,par. eccl.,,291,
10301128,Katzbach,Katzbauch,Eystet. dioc.,par. eccl.,,91,
10301129,Katzenellnbogen,Katzenelinbogin,,,comes,199,
10301130,Keeken,"Keken, Kelken",Colon. dioc.,par. eccl.,,"135, 232",
10301131,Kehl,Kenle,Argent. dioc.,par. eccl.,,203,
10301133,Kelheim,Kelham,Ratisp. dioc.,par. eccl.,,266,
10301133,Kelheim,Kelham,Ratisp. dioc.,,libera capel. s. Johannis,102,
10301135,Kempen,,Colon. dioc.,par. eccl.,,241,
10301135,Kempen,,Colon. dioc.,hosp. paup. et capel.,,197,
10301135,Kempen,,Colon. dioc.,,magistercivium etc.,197,
10301135,Kempen,Campinia,Leod. dioc.,,archidiacon.,169,
10301137,Kempten,Campidona August. et,Const. dioc.,par. eccl. ss. Magni et Vdalrici,,"9, 76",
10301137,Kempten,Campidona August. et,Const. dioc.,capel. s. Leonardi e. m.,,116,
10301137,Kempten,Campidona August. et,Const. dioc.,capel. b. Marie,,116,
10301137,Kempten,Campidona August. et,Const. dioc.,capel. s. Michaelis in cimiterio,,76,
10301137,Kempten,Campidona August. et,Const. dioc.,mon. o. s. B.,,9,
10301137,Kempten,Campidona August. et,Const. dioc.,mon. o. s. B.,abb.,"12, 76, 116",
10301137,Kempten,Campidona August. et,Const. dioc.,mon. o. s. B.,conv.,76,
10301137,Kempten,Campidona August. et,Const. dioc.,hosp.,,76,
10301137,Kempten,Campidona August. et,Const. dioc.,,civit.,"9, 76",
10301139,Kerpen,Cerpen.,Colon. dioc.,eccl. s. Martini,can.,"20, 104, 204, 210",
10301140,Kesselstadt,Kesselstad,Magunt. dioc.,par. eccl.,,91,
10301141,Kiel,Kiil,Bremen. dioc.,,opid.,266,
10301142,Kielce,Kelcze,Cracov. dioc.,eccl. b. Marie,custod.,142,
10301143,Kiens,Chiems,Patav. dioc.,par. eccl.,,74,
10301144,Kilb,Chulich,Patav. dioc.,par. eccl.,,397,
10301145,Kindelbrück,Kindelbrucke,Magunt. dioc.,par. eccl.,,374,
10301146,Kinding,Kintingen,Eystet. dioc.,par. eccl. b. Marie Virg.,,78,
10301147,Kinzig,Kintzich,Colon. dioc.,capel.,,336,
10301148,Kippenhausen,Kyppenhusen,Const. dioc.,par. eccl.,,"330, 331",
10301149,Kirchberg,,,,comes,61,
10301150,Kirchbichl,Kirchpuhel,Salzb. dioc.,par. eccl. b. Marie Virg.,,245,
10301152,Kirchheim,Kirchen,August. dioc.,mon. Cist. ord.,abbat.,184,
10301152,Kirchheim,Kirchen,Herbipol. dioc.,par. eccl.,,167,
10301154,Kitzingen,,Herbipol. dioc.,mon. o. s. B. e. m.,,94,
10301154,Kitzingen,,Herbipol. dioc.,mon. o. s. B. e. m.,capel. in eccl.,94,
10301155,Klarenthal,Clarendal,Magunt. dioc.,mon. o. s. Clare,,108,
,Klein-Fischlingen,Minorfreschelingen,Spiren. dioc.,par. eccl.,,211,
10301157,Klein-Lafferde,Minor Lafferde,Hildesem. dioc.,par. eccl.,,172,
10301158,Klingenberg,Clingenberg,Magunt. dioc.,capel. b. Marie et Omniumsanctorum,,95,
10301159,Klodawa,"Clodawa, Clodobea Gnezn. seu",Cracov. dioc.,par. eccl.,,"50, 102, 332",
10301160,Klopp,Cloppe,Magunt. dioc.,capel. s. Nicolai in castro,,116,
10301161,Klosterneuburg,"Newnburg, Newburgaclustralis, Newburga Claustralis",Patav. dioc.,mon. o. s. A.,prepos.,"45, 352, 364, 398",
10301161,Klosterneuburg,"Newnburg, Newburgaclustralis, Newburga Claustralis",Patav. dioc.,mon. o. s. A.,can.,"45, 244",
10301161,Klosterneuburg,"Newnburg, Newburgaclustralis, Newburga Claustralis",Patav. dioc.,mon. o. s. A.,conv.,"45, 352, 364, 398",
10301161,Klosterneuburg,"Newnburg, Newburgaclustralis, Newburga Claustralis",Patav. dioc.,par. eccl. s. Martini,,244,
10301162,Kluftern,Klufteren,Const. dioc.,par. eccl.,,249,
10301163,Knittelfeld,Knutelueld,Seccov. dioc.,par. eccl.,,182,
10301164,Koburg,,Herbipol. dioc.,par. eccl. s. Mauritii mart.,,79,
10301164,Koburg,,Herbipol. dioc.,capel. s. Crucis e. m.,,79,
10301164,Koburg,,Herbipol. dioc.,hosp. paup.,,79,
10301164,Koburg,,Herbipol. dioc.,,civit.,79,
10301165,Kochem,Chochem,Colon. dioc.,par. eccl.,,232,
10301166,Kochendorf,Kochendoru,Herbipol. dioc.,par. eccl.,,100,
10301167,Königsberg,Kunigsperg,Herbipol. dioc.,par. eccl.,,302,
10301168,Königsbrunn,Kungzbrunnen,August. dioc.,mon. Cist. ord.,abb. et conv.,162,
10301169,Königsdorff,Kungsdorff,Patav. dioc.,par. eccl.,,170,
10301170,Königsfelden,Kungsuelt,Const. dioc.,mon. o. s. Clare.,monialis,38,
10301171,Königslutter,Regalisutter,Halberst. dioc.,mon. ss. Petri et Pauli o. s. B.,abb. et conv.,145,
10301172,Konstanz,Constantien.,,,ep. (el.),"30, 38, 41, 70, 96, 114, 141, 165, 191, 214, 227, 271, 300, 309, 326, 327, 329, 360, 362, 369, 386, 389",
10301172,Konstanz,Constantien.,,,administrator,"162, 357",
10301172,Konstanz,Constantien.,,,vic. gen.,"326, 360",
10301172,Konstanz,Constantien.,,,mensa episc.,41,
10301172,Konstanz,Constantien.,,eccl.,prepos.,"180, 239",
10301172,Konstanz,Constantien.,,eccl.,decan.,104,
10301172,Konstanz,Constantien.,,eccl.,cantor.,104,
10301172,Konstanz,Constantien.,,eccl.,custod.,"330, 331",
10301172,Konstanz,Constantien.,,eccl.,dign.,"100, 101",
10301172,Konstanz,Constantien.,,eccl.,can.,"30, 89, 90, 94, 100, 101, 104, 147, 214, 233, 239, 287, 295, 300, 309, 314, 330, 331, 362, 399",
10301172,Konstanz,Constantien.,,eccl.,capit.,"227, 369",
10301172,Konstanz,Constantien.,,eccl.,alt. (capel.),"97, 180, 294",
10301172,Konstanz,Constantien.,,eccl. s. Pauli,vic.,262,
10301172,Konstanz,Constantien.,,eccl. s. Stephani,can.,"92, 147, 326, 331",
10301172,Konstanz,Constantien.,,par. eccl. s. Johannis bapt.,,101,
10301172,Konstanz,Constantien.,,par. eccl. s. Stephani,,"41, 248, 300",
10301172,Konstanz,Constantien.,,mon. Ibernicorum o. s. B. e. m.,abb.,98,
10301172,Konstanz,Constantien.,,mon. o. s. A. e. m. in Kreuzlingen (Cruczlingen),,99,
10301172,Konstanz,Constantien.,,mon. o. s. B. e. m. in Petershausen (Petridomo),abb. et conv.,95,
10301172,Konstanz,Constantien.,,dom. s. Antonii o. s. A.,,98,
10301172,Konstanz,Constantien.,,capel. hosp. paup. Pontisreni,,"273, 361",
10301172,Konstanz,Constantien.,,,presb.,"19, 20, 25, 43, 93, 94, 96, 101, 168, 216, 221, 223, 229, 233, 234, 239, 249, 262, 273, 284, 291, 294, 317, 326, 330, 340, 360, 371",
10301172,Konstanz,Constantien.,,,subdiacon.,331,
10301172,Konstanz,Constantien.,,,cler.,"10, 25, 30, 67, 73, 95, 96, 101, 111, 123, 138, 165, 180, 186, 201, 208, 211, 214, 227, 262, 287, 309, 326, 386",
10301172,Konstanz,Constantien.,,,offic.,271,
10301172,Konstanz,Constantien.,,,collector,359,
10301172,Konstanz,Constantien.,,,subcollect.,"92, 111, 147, 226, 330, 331",
10301172,Konstanz,Constantien.,,,scolar.,268,
10301172,Konstanz,Constantien.,,,armig.,"177, 328",
10301172,Konstanz,Constantien.,,,mil.,"138, 140, 205, 331",
10301172,Konstanz,Constantien.,,,domic.,138,
10301172,Konstanz,Constantien.,,,laici,"80, 93, 99, 107, 127, 222, 250, 257, 271, 318, 320, 327, 329, 360, 367, 373",
10301172,Konstanz,Constantien.,,,opid.,"228, 329",
10301172,Konstanz,Constantien.,,,civit.,"114, 207, 227, 369, 395",
10301173,Köppernig,Coppirnick,Wratisl. dioc.,par. eccl.,,389,
10301174,Körlin,Korlim,Camin. dioc.,,castrum,9,
10301175,Korvey,Corbien.,Padeb. dioc.,par. eccl.,,240,
10301175,Korvey,Corbien.,Padeb. dioc.,mon. o. s. B.,abb.,"98, 332, 342",
10301175,Korvey,Corbien.,Padeb. dioc.,mon. o. s. B.,monach.,94,
10301175,Korvey,Corbien.,Padeb. dioc.,mon. o. s. B.,conv.,"332, 342",
10301177,Kötsch,Chocz,Aquil. dioc.,par. eccl. s. Georgii,,"24, 125, 340",
10301177,Kötsch,Chocz,Aquil. dioc.,,archidiacon.,125,
10301178,Krakau,Cracov.,,,ep.,"39, 49, 102, 133, 307, 310, 338",
10301178,Krakau,Cracov.,,ecl.,decan.,"49, 308",
10301178,Krakau,Cracov.,,ecl.,archidiacon.,43,
10301178,Krakau,Cracov.,,ecl.,custod.,398,
10301178,Krakau,Cracov.,,ecl.,dign.,"37, 289, 308",
10301178,Krakau,Cracov.,,ecl.,can.,"37, 49, 127, 233, 256, 288, 307, 308, 309, 338, 341, 398",
10301178,Krakau,Cracov.,,ecl.,capit.,"49, 102, 310, 338",
10301178,Krakau,Cracov.,,ecl.,alt.,"127, 288, 302, 308",
10301178,Krakau,Cracov.,,ecl. s. Barbare,alt.,310,
10301178,Krakau,Cracov.,,ecl. s. Floriani e. m.,prepos.,102,
10301178,Krakau,Cracov.,,ecl. s. Floriani e. m.,decan.,102,
10301178,Krakau,Cracov.,,,par. ecl. s. Martini,285,
10301178,Krakau,Cracov.,,studium,,"289, 304",
10301178,Krakau,Cracov.,,,presb.,302,
10301178,Krakau,Cracov.,,,cler.,322,
10301178,Krakau,Cracov.,,,dioc.,"43, 183, 281, 289, 303, 397",
10301178,Krakau,Cracov.,,,collector,399,
10301178,Krakau,Cracov.,,,subcollect.,43,
10301178,Krakau,Cracov.,,,opid.,280,
10301178,Krakau,Cracov.,,,laici,285,
10301179,Kralowitz,Cralouiez,Prag. dioc.,,par. ecl. s. Stephani,117,
10301181,Krems,Chrems,Patav. dioc.,,par ecl.,"273, 392",
10301182,Kremsmünster,Chremsmunster,Patav. dioc.,mon. o. s. B.,abb. et conv.,"50, 290",
10301183,Kreussen,Kreusen,Bamberg. dioc.,,par. ecl.,103,
10301185,Kreuznach,Cruczenacum,Magunt. dioc.,,par. ecl.,95,
10301188,Kronenberg,Cronenberg,Magunt. dioc.,,par. ecl.,28,
10301189,Kronmetz,Medeziumcorone,Trident. dioc.,,par. ecl.,279,
10301190,Kröpelin,Cropelen,Rzeb. dioc.,,par. ecl.,285,
10301191,Kruschwitz,"Cruszwicien., Cruschuic.",Wladisl. dioc.,ecl. s. Petri,can.,"200, 290",
10301192,Krut,Gawbatsch al. Chrut,Patav. dioc.,,par. ecl.,401,
10301193,Kübach,Kubach,August. dioc.,mon. s. Magni o. s. B.,,10,
10301194,Kulm,Rauhen et Schlechtin Kulm.,Ratisp. dioc.,,castra,111,
,Kulmbach,Culm[u]ach,Bamberg. dioc.,par. eccl.,,235,
,Kulmbach,Culm[u]ach,Bamberg. dioc.,dom. ord. Herem. e. m.,,98,
10301200,Kürten,Curtan,Colon. dioc.,par. eccl.,,264,
10301201,Kurzelow,Curzelouien.,Gnezn. dioc.,eccl.,decan.,309,
10301202,Küssaburg,Kussenberg,Const. dioc.,,castrum,41,
10301203,Kynast,,Wratisl. dioc.,,castrum,281,
10301205,Kyritz,Kiritz,Havelb. dioc.,par. eccl.,,"142, 275",
10301206,Laakirchen,Lakchirchen,Salzb. dioc.,par. eccl. s. Marie,,88,
10301207,Laberweinting,Laberwengting,Ratisp. dioc.,par. eccl.,,"354, 360",
10301210,Lak,,Aquil. dioc.,par. eccl. s. Georgii,,110,
10301212,St. Lambert,de Sanctolamberto,Salzb. dioc.,mon. s. Lamberti o. s. B.,,257,
10301212,St. Lambert,de Sanctolamberto,Salzb. dioc.,,abb.,"312, 323",
10301212,St. Lambert,de Sanctolamberto,Salzb. dioc.,,conv.,312,
10301214,Landsbergen,Landesberghen,Minden. dioc.,par. eccl.,,193,
10301215,Landsberg a. W,Noualandesberghen,Camin. dioc.,par. eccl.,,86,
10301216,Langenpreising,Langenpreisingen,Frising. dioc.,par. eccl.,,149,
10301217,Langen-Weddingen,Weddinge,Magdeb. dioc.,,archidiacon.,175,
10301218,Langenzenn,Langenczenn,Herbipol. dioc.,mon. o. s. A.,,230,
10301218,Langenzenn,Langenczenn,Herbipol. dioc.,mon. o. s. A.,prepos.,230,
10301218,Langenzenn,Langenczenn,Herbipol. dioc.,mon. o. s. A.,eccl.,259,
10301218,Langenzenn,Langenczenn,Herbipol. dioc.,par. eccl. b. Marie Virg.,,230,
10301220,Langres,Lingon.,,eccl.,can.,180,
10301220,Langres,Lingon.,,,cler.,229,
10301220,Langres,Lingon.,,,dioc.,336,
10301222,Lanthenans,,Bisuntin. dioc.,,priorat. o. s. A.,193,
10301223,Laon,Laudunen.,,,dioc.,335,
10301224,Latinne,Latines,Leod. dioc.,eccl.,alt.,167,
10301225,Lathcoch,,? Const. dioc.,par. eccl.,,21,
10301227,Laufen,Lowfen,Salzb. dioc.,par. eccl.,,261,
10301228,Lauingen,Lauingen,August. dioc.,dom. Cist. ord.,,259,
10301229,Laupheim,Lopham,Const. dioc.,par. eccl.,,160,
10301230,Lausanne,,,,ep.,"266, 368",
10301231,Lautenbach,Ludenbac.,Basil. dioc.,eccl.,can.,237,
10301232,Lauterbach,Luterbach,Misn. dioc.,par. eccl.,,28,
10301233,Lautern,Lutrin,August. dioc.,par. eccl.,,124,
10301234,Lavant,Lavantin.,,,armig.,269,
10301235,Lavour,Vauren.,,eccl.,prepos.,228,
10301236,Leberau,Lebraha,Argent. dioc.,,priorat. o. s. B.,275,
10301237,Lebus,Lubucen.,,,ep.,"17, 48, 174, 190",
10301237,Lebus,Lubucen.,,eccl.,prepos.,324,
10301237,Lebus,Lubucen.,,eccl.,cantor.,48,
10301237,Lebus,Lubucen.,,eccl.,can.,318,
10301237,Lebus,Lubucen.,,eccl.,vic.,174,
10301240,Leinach,Linach,Herbipol. dioc.,par. eccl.,,167,
10301241,Leipzig,"Lipczen., Lipczk",Merseb. dioc.,studium,,"13, 21",
10301242,Lengerich bei Tecklenburg,Langherke prope Tekeneborch,Osnab. dioc.,par. eccl.,,220,
10301243,Lengestorp,,? Colon. dioc.,,villa,80,
10301244,"Lentschitz, Lenzitz",Lancicia,Gnezn. dioc.,eccl. b. Marie,prepos.,"243, 307, 309",
10301244,"Lentschitz, Lenzitz",Lancicia,Gnezn. dioc.,eccl. b. Marie,dign.,49,
10301244,"Lentschitz, Lenzitz",Lancicia,Gnezn. dioc.,eccl. b. Marie,can.,"43, 49, 308, 309",
10301244,"Lentschitz, Lenzitz",Lancicia,Gnezn. dioc.,par. eccl.,,229,
10301245,Leoben,Lewben,Patav. dioc.,capel. s. Quirini,,262,
10301246,Leobendorf,Lewbenstorff,Patav. dioc.,par. eccl.,,258,
10301249,Leslau,Wladislauien.,,,ep.,"133, 190, 290, 336, 375",
10301249,Leslau,Wladislauien.,,,mensa episc.,49,
10301249,Leslau,Wladislauien.,,eccl.,prepos.,"49, 288",
10301249,Leslau,Wladislauien.,,eccl.,custod.,"200, 290",
10301249,Leslau,Wladislauien.,,eccl.,dign.,"49, 102, 338",
10301249,Leslau,Wladislauien.,,eccl.,can.,"18, 49, 69, 102, 173, 200, 308, 338, 398",
10301249,Leslau,Wladislauien.,,eccl.,capit.,"49, 336",
10301249,Leslau,Wladislauien.,,,presb.,165,
10301249,Leslau,Wladislauien.,,,nuntius,67,
10301249,Leslau,Wladislauien.,,,subcollect.,121,
10301249,Leslau,Wladislauien.,,,dioc.,"281, 311, 314",
10301249,Leslau,Wladislauien.,,,laici,"133, 319",
10301250,Leubs,Lewbs,Patav. dioc.,par. eccl.,,75,
10301251,Leubus,Lubens,Wratisl. dioc.,mon. Cist. ord.,abb. et conv.,"181, 263",
10301253,Leukenthal,Lewkental,Chiem. dioc.,par. eccl. s. Johannis bapt.,,"129, 279",
10301254,Leutkirch,Lutkirch,Const. dioc.,par. eccl.,,196,
10301255,Leutschach,,Salzb. dioc.,par. eccl.,,339,
10301256,Leuzenbronn,"Luczenprunn, Leuczenprunn",Herbipol. dioc.,par. eccl.,,109,
10301257,Leven,Lewen,Colon. dioc.,par. eccl.,,372,
10301263,Lewna,,? Salzb. dioc.,capel. ss. Benedicti et Erhardi,,61,
10301265,Leyden,,Traiect. dioc.,eccl. s. Pankratii,can.,180,
10301265,Leyden,,Traiect. dioc.,eccl. s. Pankratii,vic.,180,
10301265,Leyden,,Traiect. dioc.,,burchgravius,321,
10301265,Leyden,,Traiect. dioc.,,vicecom.,348,
10301265,Leyden,,Traiect. dioc.,,domus,180,
10301266,Leyderdorp,,Traiect. dioc.,par. eccl.,,180,
10301267,Leyerswilr,,? Magunt. dioc.,capel. b. Marie,,8,
10301268,Lich,Li[i]che,Magunt. dioc.,eccl. s. Marie,prepos.,157,
10301268,Lich,Li[i]che,Magunt. dioc.,eccl. s. Marie,can.,248,
10301268,Lich,Li[i]che,Magunt. dioc.,eccl. s. Marie,capit.,157,
10301268,Lich,Li[i]che,Magunt. dioc.,par. eccl. b. Marie,,248,
10301269,Lichtenthal,Lucidauallis,Spiren. dioc.,mon. Cist. ord.,monialis,272,
10301270,Lichtenwerden,Liechtenberd,Salzb. dioc.,par. eccl. s. Jacobi,,262,
10301272,Liebenstadt,Libenstate,Patav. dioc.,par. eccl. b. Marie.,,164,
10301273,Liebenthal,Libental,Wratisl. dioc.,mon. o. s. B.,prepos.,282,
10301275,Liegnitz,"Lignicz, Legnicen.",Wratisl. dioc.,eccl. s. Sepulcri Dominici,archidiacon.,"28, 82, 260, 298, 351",
10301275,Liegnitz,"Lignicz, Legnicen.",Wratisl. dioc.,eccl. s. Sepulcri Dominici,can.,"28, 125, 344",
10301275,Liegnitz,"Lignicz, Legnicen.",Wratisl. dioc.,eccl. s. Sepulcri Dominici,capit.,263,
10301275,Liegnitz,"Lignicz, Legnicen.",Wratisl. dioc.,par. eccl. s. Marie,,"18, 56",
10301275,Liegnitz,"Lignicz, Legnicen.",Wratisl. dioc.,,dux,263,
10301276,Lieskow,Lisko,Misn. dioc.,par. eccl.,,245,
10301279,Lindau,"Lindow, Lindawgien.",Const. dioc.,eccl.,can.,94,
10301279,Lindau,"Lindow, Lindawgien.",Const. dioc.,par. eccl.,,221,
10301280,Lindenau,Lindenow,Wratisl. dioc.,par. eccl.,,357,
10301281,Lindinen,,,,ep.,206,
10301282,Linz,"Lincza, Lyncz",Patav. dioc.,par. eccl.,,"364, 365, 366",
10301284,Lippa,,Prag. dioc.,,baron.,59,
10301285,Lippe,Lippia,Colon. dioc.,par. eccl.,,385,
10301286,Lipprichhausen,Lippurghusen,Herbi-pol. dioc.,par. eccl.,,167,
10301287,Lisieux,Lexouien.,,,ep.,249,
10301289,Liszkowo,Liscowo,Gnezn. dioc.,par. eccl.,,233,
10301290,Littauen,Litwania,,,dux,"285, 369",
10301291,Livland,Liunionia,,,,67,
10301293,Löbau,Lobaw,Culm. dioc.,par. eccl.,,208,
,Lobeda,Lobda,Nuemb. dioc.,par. eccl.,,288,
10301295,Löben,Lobin,Wratisl. dioc.,par. eccl.,,232,
10301296,Lohe,Lo,Minden. dioc.,,archidiacon.,12,
10301297,Lombardei,Lombardia,,,,70,
10301299,Lontzen,,Leod. dioc.,par. eccl.,,"161, 317",
10301301,Lorch,Lorche,Magunt. dioc.,par. eccl.,,"100, 238, 255",
10301302,Lörrach,Lorrach,Const. dioc.,par. eccl.,,287,
10301303,Loslau,Wladislauien.,Wratisl. dioc.,eccl.,can.,173,
10301305,Lossow,,Lubuc. dioc.,par. eccl.,,174,
10301306,Löwen,Louanien.,Leod. dioc.,eccl. s. Petri,can.,11,
10301307,Löwenberg,Lewenberg,Colon. dioc.,,dominus,221,
10301309,Lowitz,Lowicz,Gnezn. dioc.,par. eccl. s. Marie,,"101, 333",
10301310,Lübbecke,Lubecen.,Minden. dioc.,eccl. s. Andree,decan.,174,
10301310,Lübbecke,Lubecen.,Minden. dioc.,eccl. s. Andree,can.,174,
10301310,Lübbecke,Lubecen.,Minden. dioc.,eccl. s. Andree,capit.,174,
10301310,Lübbecke,Lubecen.,Minden. dioc.,eccl. s. Andree,vic.,131,
10301311,Lübeck,Lubicen.,,,ep.,"17, 22, 149, 175, 190, 196, 210, 254, 333",
10301311,Lübeck,Lubicen.,,eccl.,prepos.,"7, 8, 66, 67, 263, 350, 386, 400",
10301311,Lübeck,Lubicen.,,eccl.,decan.,263,
10301311,Lübeck,Lubicen.,,eccl.,archidiacon.,"21, 252",
10301311,Lübeck,Lubicen.,,eccl.,can.,"7, 8, 21, 55, 66, 72, 82, 83, 84, 91, 95, 106, 173, 190, 196, 227, 236, 288, 323, 349, 372, 375, 390",
10301311,Lübeck,Lubicen.,,eccl.,capit.,"22, 149, 175, 196, 210, 254, 263, 333",
10301311,Lübeck,Lubicen.,,eccl.,vic.,"142, 148, 255, 256, 285, 288, 328, 346",
10301311,Lübeck,Lubicen.,,par. eccl. s. Jacobi,,330,
10301311,Lübeck,Lubicen.,,par. eccl. b. Marie,,"82, 83, 84, 148, 345",
10301311,Lübeck,Lubicen.,,par. eccl. s. Petri,,"237, 272",
10301311,Lübeck,Lubicen.,,par. eccl.,,17,
10301311,Lübeck,Lubicen.,,dom. fr. ord. Pred.,,179,
10301311,Lübeck,Lubicen.,,,presb.,"83, 312",
10301311,Lübeck,Lubicen.,,,cler.,"222, 266, 293, 395",
10301311,Lübeck,Lubicen.,,,dioc.,17,
10301311,Lübeck,Lubicen.,,,armig.,337,
10301311,Lübeck,Lubicen.,,,mil.,"177, 266, 337",
10301311,Lübeck,Lubicen.,,,opid.,266,
10301311,Lübeck,Lubicen.,,,civit.,"17, 21, 82, 83, 182, 263",
10301312,Luben,Lubonia,Culmen. dioc.,capel. s. Johannis e. m.,,60,
10301314,Lübesse,Lubecze,Zwerin. dioc.,,villa,144,
10301316,Lübow,Lubowe,Zwerin. dioc.,par. eccl.,,210,
10301318,Lucca,Lucanen.,,,doctores,54,
10301323,Lüdenscheid,Ludenschede,Colon. dioc.,par. eccl.,,201,
10301325,Lülsdorf,Lulsdorp,Colon. dioc.,par. eccl.,,242,
10301326,Lunden,,Bremen. dioc.,par. eccl.,,72,
10301327,Lüneburg,Lune[n]borg,Verden. dioc.,eccl. s. Johannis,vic.,"83, 95, 154, 231, 269, 396",
10301327,Lüneburg,Lune[n]borg,Verden. dioc.,eccl. s. Lamberti,,396,
10301327,Lüneburg,Lune[n]borg,Verden. dioc.,par. eccl. s. Johannis bapt.,,"18, 22, 67",
10301327,Lüneburg,Lune[n]borg,Verden. dioc.,par. eccl. s. Spiritus,,22,
10301327,Lüneburg,Lune[n]borg,Verden. dioc.,mon. s. Michaelis o. s. B.,abb.,235,
10301327,Lüneburg,Lune[n]borg,Verden. dioc.,mon. s. Michaelis o. s. B.,monach.,41,
10301327,Lüneburg,Lune[n]borg,Verden. dioc.,mon. s. Michaelis o. s. B.,alt. in eccl.,235,
10301327,Lüneburg,Lune[n]borg,Verden. dioc.,hosp. paup. s. Spiritus in Nouoforo,capel.,"82, 83, 84, 204, 220",
10301327,Lüneburg,Lune[n]borg,Verden. dioc.,,fratres Kalend.,269,
10301327,Lüneburg,Lune[n]borg,Verden. dioc.,,archidiacon. in Mode(r)storpe,"84, 270",
10301327,Lüneburg,Lune[n]borg,Verden. dioc.,,civit. (opid.),"22, 41, 124, 166, 172, 202, 231, 236, 270, 287",
10301328,Lunkhofen,Lunckhouen,Const. dioc.,par. eccl.,,280,
10301329,Lupstein,Lupfstein,Argent. dioc.,par. eccl.,,333,
10301330,Lüssow,Lussow,Zwerin. dioc.,par. eccl.,,144,
10301334,Lüttich,Leodien.,,,ep. (el.),"29, 72, 159, 187, 190, 276, 304",
10301334,Lüttich,Leodien.,,eccl.,dign.,"154, 166, 325",
10301334,Lüttich,Leodien.,,eccl.,can.,"7, 11, 29, 57, 58, 60, 85, 128, 153, 154, 166, 169, 180, 251, 303, 318, 324, 325, 348",
10301334,Lüttich,Leodien.,,eccl.,capit.,"72, 159, 276",
10301334,Lüttich,Leodien.,,eccl. s. Bartholomei,prepos.,325,
10301334,Lüttich,Leodien.,,eccl. s. Bartholomei,alt.,204,
10301334,Lüttich,Leodien.,,eccl. s. Dionysii,prepos.,"56, 276",
10301334,Lüttich,Leodien.,,eccl. s. Dionysii,can.,"173, 214, 215",
10301334,Lüttich,Leodien.,,eccl. s. Dionysii,capit.,276,
10301334,Lüttich,Leodien.,,eccl. s. Dionysii,capel.,276,
10301334,Lüttich,Leodien.,,eccl. s. Johannis,decan.,11,
10301334,Lüttich,Leodien.,,eccl. s. Johannis,can.,"11, 199",
10301334,Lüttich,Leodien.,,eccl. s. Martini,can.,"177, 309, 324",
10301334,Lüttich,Leodien.,,eccl. s. Pauli,cantor.,136,
10301334,Lüttich,Leodien.,,eccl. s. Pauli,can.,"7, 57, 136, 137, 161, 173",
10301334,Lüttich,Leodien.,,,presb.,319,
10301334,Lüttich,Leodien.,,,cler.,"108, 179, 183, 262, 350, 351",
10301334,Lüttich,Leodien.,,,dioc.,"58, 153, 203, 327",
10301335,Luxemburg,Lucenburg,Trev. dioc.,mon. b. Marie o. s. B.,capel. in eccl.,166,
10301336,Lydda,Liden.,,,ep.,90,
10301337,Lyntzner,,? Herbipol. dioc.,par. eccl.,,167,
10301339,Lyon,Lugdunen.,,,provincia,21,
10301340,Maarsen,Maersen,Traiect. dioc.,par. eccl.,,"43, 44",
10301341,Maastricht,Traiectum,Leod. dioc.,eccl. b. Marie,can.,152,
10301341,Maastricht,Traiectum,Leod. dioc.,eccl. b. Marie,vic.,159,
10301341,Maastricht,Traiectum,Leod. dioc.,eccl. s. Seruatii,prepos.,"29, 79",
10301341,Maastricht,Traiectum,Leod. dioc.,eccl. s. Seruatii,can.,"11, 13, 18, 29, 127, 128, 183, 210, 254, 255, 303, 400",
10301342,Madiswil,,Const. dioc.,par. eccl.,,203,
10301343,Madron,Monsmadran.,Frising. dioc.,eccl. s. Petri,prepos.,170,
10301345,Magdeburg,,,,aep.,"13, 138, 139, 140, 151, 198, 225, 265, 270, 275, 364, 394",
10301345,Magdeburg,,,,vic. gen.,275,
10301345,Magdeburg,,,eccl.,cantor.,147,
10301345,Magdeburg,,,eccl.,custod. seu thesaurar.,"175, 349, 400",
10301345,Magdeburg,,,eccl.,can.,"16, 98, 105, 147, 175, 193, 256, 349, 400, 401",
10301345,Magdeburg,,,,capit.,"151, 193, 225, 265, 270",
10301345,Magdeburg,,,,vic.,"16, 151, 198, 225, 275, 276, 282",
10301345,Magdeburg,,,,alt.,5,
10301345,Magdeburg,,,eccl. s. Nicolai Nouifori,prepos.,210,
10301345,Magdeburg,,,eccl. s. Nicolai Nouifori,thesaurar.,207,
10301345,Magdeburg,,,eccl. s. Nicolai Nouifori,can.,"18, 23, 154, 207, 392",
10301345,Magdeburg,,,eccl. ss. Petri et Pauli,dec. et capit.,394,
10301345,Magdeburg,,,eccl. s. Sebastiani,prepos.,"16, 176, 197, 210, 329, 366",
10301345,Magdeburg,,,eccl. s. Sebastiani,can.,"198, 275",
10301345,Magdeburg,,,eccl. s. Sebastiani,capit.,197,
10301345,Magdeburg,,,eccl. s. Sebastiani,vic.,201,
10301345,Magdeburg,,,capel. (eccl.) s. Gungolfi (s. Marie) in aepisc. curia,prepos.,138,
10301345,Magdeburg,,,capel. (eccl.) s. Gungolfi (s. Marie) in aepisc. curia,thesaurar.,"138, 175, 256",
10301345,Magdeburg,,,capel. (eccl.) s. Gungolfi (s. Marie) in aepisc. curia,can.,367,
10301345,Magdeburg,,,capel. (eccl.) s. Gungolfi (s. Marie) in aepisc. curia,alt.,260,
10301345,Magdeburg,,,par. eccl. s. Odalrici,,"122, 198",
10301345,Magdeburg,,,par. eccl. s. Petri,,207,
10301345,Magdeburg,,,capel. s. Marie Magdalene,,154,
10301345,Magdeburg,,,capel. s. Mathie in Pretorio,,"315, 398",
10301345,Magdeburg,,,mon. b. Marie Prem. ord.,prepos.,"122, 225",
10301345,Magdeburg,,,mon. b. Marie Prem. ord.,can.,122,
10301345,Magdeburg,,,mon. b. Marie Prem. ord.,conv.,225,
10301345,Magdeburg,,,,presb.,"198, 225, 276, 402",
10301345,Magdeburg,,,,cler.,"61, 367, 402",
10301345,Magdeburg,,,,provincia,"27, 365",
10301345,Magdeburg,,,,nuntius,364,
10301345,Magdeburg,,,,civit.,270,
10301351,Mailand,Mediolanum,,,dux,"87, 320",
10301352,Mainz,"Maguntin., Moguntin.",,,aep.,"10, 17, 40, 45, 67, 78, 89, 95, 96, 114, 116, 134, 141, 149, 151, 152, 158, 180, 189, 203, 209, 243, 247, 255, 260, 271, 286, 292, 295, 296, 309, 337, 339, 355, 357, 397",
10301352,Mainz,"Maguntin., Moguntin.",,,curia aepisc.,362,
10301352,Mainz,"Maguntin., Moguntin.",,eccl.,decan.,"82, 220",
10301352,Mainz,"Maguntin., Moguntin.",,eccl.,scholast.,163,
10301352,Mainz,"Maguntin., Moguntin.",,eccl.,custod.,299,
10301352,Mainz,"Maguntin., Moguntin.",,eccl.,can.,"27, 28, 104, 163, 189, 238, 255, 299",
10301352,Mainz,"Maguntin., Moguntin.",,eccl.,capit.,"75, 151, 243",
10301352,Mainz,"Maguntin., Moguntin.",,eccl.,vic.,"137, 141, 142, 220, 253, 254, 317",
10301352,Mainz,"Maguntin., Moguntin.",,eccl. s. Gangulphi,decan.,22,
10301352,Mainz,"Maguntin., Moguntin.",,eccl. s. Johannis,prep. et capit.,320,
10301352,Mainz,"Maguntin., Moguntin.",,eccl. s. Johannis,vic.,249,
10301352,Mainz,"Maguntin., Moguntin.",,eccl. b. Marie ad Gradus,,271,
10301352,Mainz,"Maguntin., Moguntin.",,eccl. b. Marie ad Gradus,prepos.,"209, 241, 243, 254",
10301352,Mainz,"Maguntin., Moguntin.",,eccl. b. Marie ad Gradus,decan.,"10, 68",
10301352,Mainz,"Maguntin., Moguntin.",,eccl. b. Marie ad Gradus,scholast.,152,
10301352,Mainz,"Maguntin., Moguntin.",,eccl. b. Marie ad Gradus,can.,"28, 68, 100, 135, 137, 156, 218, 309, 310, 390",
10301352,Mainz,"Maguntin., Moguntin.",,eccl. b. Marie ad Gradus,capit.,"68, 241, 243, 254, 390",
10301352,Mainz,"Maguntin., Moguntin.",,eccl. b. Marie ad Gradus,vic.,"8, 108, 161, 208, 397",
10301352,Mainz,"Maguntin., Moguntin.",,eccl. b. Marie in Campis e. m.,scholast.,116,
10301352,Mainz,"Maguntin., Moguntin.",,eccl. b. Marie in Campis e. m.,can.,"161, 195, 239, 254",
10301352,Mainz,"Maguntin., Moguntin.",,eccl. b. Marie in Campis e. m.,vic.,320,
10301352,Mainz,"Maguntin., Moguntin.",,eccl. s. Mauritii,prepos.,"309, 310, 320",
10301352,Mainz,"Maguntin., Moguntin.",,eccl. s. Mauritii,decan.,203,
10301352,Mainz,"Maguntin., Moguntin.",,eccl. s. Mauritii,can.,"254, 397",
10301352,Mainz,"Maguntin., Moguntin.",,eccl. s. Mauritii,capit.,320,
10301352,Mainz,"Maguntin., Moguntin.",,eccl. s. Petri e. m.,prepos.,"10, 52, 97, 114, 126, 135, 203, 224, 254, 302",
10301352,Mainz,"Maguntin., Moguntin.",,eccl. s. Petri e. m.,can.,"119, 135, 156, 243, 315, 398",
10301352,Mainz,"Maguntin., Moguntin.",,eccl. s. Petri e. m.,capit.,"126, 135, 224",
10301352,Mainz,"Maguntin., Moguntin.",,eccl. s. Petri e. m.,vic.,"126, 224, 334",
10301352,Mainz,"Maguntin., Moguntin.",,eccl. s. Stephani,prepos.,"78, 114, 224, 239, 286, 315",
10301352,Mainz,"Maguntin., Moguntin.",,eccl. s. Stephani,decan.,396,
10301352,Mainz,"Maguntin., Moguntin.",,eccl. s. Stephani,cantor.,137,
10301352,Mainz,"Maguntin., Moguntin.",,eccl. s. Stephani,can.,"66, 78, 116, 117, 141, 142, 149, 209, 286, 315, 368",
10301352,Mainz,"Maguntin., Moguntin.",,eccl. s. Stephani,capit.,"224, 239, 315, 396",
10301352,Mainz,"Maguntin., Moguntin.",,eccl. s. Stephani,vic.,"108, 224",
10301352,Mainz,"Maguntin., Moguntin.",,eccl. s. Victoris e. m.,prepos.,"119, 150, 152, 230",
10301352,Mainz,"Maguntin., Moguntin.",,eccl. s. Victoris e. m.,decan.,"22, 65",
10301352,Mainz,"Maguntin., Moguntin.",,eccl. s. Victoris e. m.,cantor.,28,
10301352,Mainz,"Maguntin., Moguntin.",,eccl. s. Victoris e. m.,custod.,192,
10301352,Mainz,"Maguntin., Moguntin.",,eccl. s. Victoris e. m.,thesaurar.,119,
10301352,Mainz,"Maguntin., Moguntin.",,eccl. s. Victoris e. m.,can.,"66, 68, 119, 192, 218",
10301352,Mainz,"Maguntin., Moguntin.",,eccl. s. Victoris e. m.,capit.,"65, 150",
10301352,Mainz,"Maguntin., Moguntin.",,eccl. s. Victoris e. m.,vic.,"65, 309, 320, 362",
10301352,Mainz,"Maguntin., Moguntin.",,par. eccl. s. Ignatii,,"148, 209",
10301352,Mainz,"Maguntin., Moguntin.",,capel. s. Michaelis,,320,
10301352,Mainz,"Maguntin., Moguntin.",,capel. s. Nicodemi,,114,
10301352,Mainz,"Maguntin., Moguntin.",,mon. s. Albani o. s. B. e. m.,abb.,"140, 241, 320, 388",
10301352,Mainz,"Maguntin., Moguntin.",,mon. s. Albani o. s. B. e. m.,hospitalarii,140,
10301352,Mainz,"Maguntin., Moguntin.",,mon. s. Albani o. s. B. e. m.,conv.,"140, 241, 320",
10301352,Mainz,"Maguntin., Moguntin.",,mon. s. Albani o. s. B. e. m.,vic. in eccl.,393,
10301352,Mainz,"Maguntin., Moguntin.",,mon. s. Jacobi o. s. B. e. m.,abb.,51,
10301352,Mainz,"Maguntin., Moguntin.",,mon. s. Jacobi o. s. B. e. m.,custod.,51,
10301352,Mainz,"Maguntin., Moguntin.",,mon. Veteriscelle Cist. ord.,abb. e. conv.,"49, 161",
10301352,Mainz,"Maguntin., Moguntin.",,,presb.,"40, 96, 141, 158, 160, 230, 247, 249, 254, 274, 285, 339, 343, 344, 374, 389, 390, 391, 397, 400",
10301352,Mainz,"Maguntin., Moguntin.",,,cler.,"20, 21, 22, 29, 45, 49, 55, 65, 66, 78, 88, 89, 98, 100, 105, 108, 116, 121, 128, 131, 132, 135, 141, 147, 149, 150, 157, 158, 159, 164, 192, 197, 203, 209, 218, 219, 220, 224, 230, 239, 248, 269, 273, 286, 287, 292, 294, 296, 315, 320, 343, 347, 350, 362, 372, 374, 387, 388, 389, 390, 391, 397, 400",
10301352,Mainz,"Maguntin., Moguntin.",,,monach.,"134, 355",
10301352,Mainz,"Maguntin., Moguntin.",,,scolar.,"199, 314",
10301352,Mainz,"Maguntin., Moguntin.",,,provincia,"290, 365",
10301352,Mainz,"Maguntin., Moguntin.",,dom. s. Antonii,,"16, 30, 59, 221",
10301352,Mainz,"Maguntin., Moguntin.",,,provinc. concilium,89,
10301352,Mainz,"Maguntin., Moguntin.",,,dioc.,108,
10301352,Mainz,"Maguntin., Moguntin.",,,legatus,306,
10301352,Mainz,"Maguntin., Moguntin.",,,nuntius,241,
10301352,Mainz,"Maguntin., Moguntin.",,,collector,"137, 241, 271",
10301352,Mainz,"Maguntin., Moguntin.",,,armig.,"42, 67, 335, 355",
10301352,Mainz,"Maguntin., Moguntin.",,,mil.,"67, 74, 108, 301, 355",
10301352,Mainz,"Maguntin., Moguntin.",,,baron.,95,
10301352,Mainz,"Maguntin., Moguntin.",,,domic.,"105, 359",
10301352,Mainz,"Maguntin., Moguntin.",,,opid.,"317, 376",
10301352,Mainz,"Maguntin., Moguntin.",,,laici,"167, 187, 212, 243, 288, 312",
10301352,Mainz,"Maguntin., Moguntin.",,,civit.,337,
10301360,Malmedy,Malmundarien.,Colon. dioc.,mon. s. Petri o. s. B.,abb. et conv.,145,
10301361,Malogoschtsch,Malogoscz,Gnezn. dioc.,par. eccl.,,288,
10301362,Mals,,Curien. dioc.,par. eccl.,,99,
10301363,Mannenbach,Manebach,Const. dioc.,capel. s. Crucis,,295,
10301364,Mannsburg,Manspurg,Aquil. dioc.,par. eccl. s. Michaelis,,46,
10301367,Mansfeld,Mansfelt,,,comes,"43, 69, 139",
10301368,Manswörd,Manswerd,Patav. dioc.,par. eccl.,,"15, 152, 153, 389, 401",
10301369,Manzing,Manczingen,Magunt. dioc.,par. eccl.,,104,
10301371,Marbach,Marpach,Basil. dioc.,mon. o. s. A.,abb. et conv.,272,
10301371,Marbach,Marpach,Const. dioc.,par. eccl.,,140,
10301375,Marchtal,,Const. dioc.,mon. Prem. ord.,,22,
10301375,Marchtal,,Const. dioc.,mon. Prem. ord.,prep. et conv.,257,
10301377,Mardorf,Maretorff,Magunt. dioc.,par. eccl.,,299,
10301378,St. Marein,Zusandmarein,Lavant. dioc.,eccl. b. Marie Virg.,,272,
10301380,Maria Saal,in Solio,Salzb. dioc.,eccl. b. Marie,prepos.,238,
10301381,Marienberg,Montisburgum,Curien. dioc.,mon. b. Marie o. s. B.,abb. et conv.,327,
10301382,Marienburg,,Pomezan. dioc.,capel. castri,,161,
10301382,Marienburg,,Pomezan. dioc.,,fr. dom. hosp. b. Marie Theoton.,265,
10301383,Marienstadt,Mergenstat,Colon. dioc.,mon. b. Marie Cist. ord.,abb.,327,
10301384,Marienstern,"Stellasanctemarie, Vallis-sanctemarie in Mergenstern",Misn. dioc.,mon. Cist. ord.,abbat. et conv.,"276, 318",
10301385,Marienwaard,Insula b. Marie,Traiect. dioc.,mon. Prem. ord.,,133,
10301385,Marienwaard,Insula b. Marie,Traiect. dioc.,mon. Prem. ord.,abb.,188,
10301386,Marienwalde,Marienuolt,Camin. dioc.,mon. Cist. ord.,priorissa et conv.,144,
10301387,Marienwohlde,Marienwold,Razeb. dioc.,mon. b. Marie Virg. et Brigide o. s. A.,,146,
10301389,Maritima,,,,provincia,227,
10301390,Mark,Marka,,,comes,130,
10301391,Pr. Mark,Marka,Gnezn. dioc.,par. eccl.,,200,
10301392,Markdorf,Marchdorf,Const. dioc.,par. eccl.,,96,
10301393,Markelo,Marclo,Traiect. dioc.,par. eccl.,,119,
10301394,Markterlbach,Markterelbach,Herbi-pol. dioc.,par. eccl.,,295,
10301396,Marquartitz,,Prag. dioc.,par. eccl.,,111,
10301397,Marsal,"Marsallum, Marsellum",Meten. dioc.,eccl. s. Leodegarii,prepos.,273,
10301397,Marsal,"Marsallum, Marsellum",Meten. dioc.,eccl. s. Leodegarii,can.,"189, 215",
10301397,Marsal,"Marsallum, Marsellum",Meten. dioc.,eccl. s. Leodegarii,capit.,273,
10301398,Marville,Maruilla,Trev. dioc.,eccl. s. Hilarii e. m.,alt.,119,
10301398,Marville,Maruilla,Trev. dioc.,par. eccl.,,"8, 28",
10301399,Masmünster,Vallismasonis,Basil. dioc.,mon. s. Arbogasti o. s. B.,,78,
10301399,Masmünster,Vallismasonis,Basil. dioc.,mon. s. Arbogasti o. s. B.,abb. et conv.,237,
10301399,Masmünster,Vallismasonis,Basil. dioc.,mon. s. Arbogasti o. s. B.,monial.,272,
10301400,Masovien,Masouia,,,dux,"5, 46, 69, 244",
10301401,Massemberg b. Leoben,Messenberg,Salzb. dioc.,capel. s. Dionysii,,182,
10301402,Massenheim,Massenheym,Magunt. dioc.,,villa,396,
10301405,Mattsee,"Maticen., Mathicen.",Patav. dioc.,eccl. s. Michaelis,prepos.,19,
10301405,Mattsee,"Maticen., Mathicen.",Patav. dioc.,eccl. s. Michaelis,can.,339,
10301406,Mattstedt,Matztete,Magunt. dioc.,par. eccl.,,393,
10301407,Maulbronn,Mulbron,Spiren. dioc.,mon. Cist. ord.,monach.,27,
10301408,Mausdorf,Mudorff,Pomezan. dioc.,par. eccl.,,"41, 208",
10301409,Mautern,Mauttarn,Patav. dioc.,par. eccl.,,352,
10301410,Mautschatz,,Leod. dioc.,capel. s. Laurentii,,120,
10301413,Mecheln,Mechlinien.,Camerac. dioc.,,preb. de Zollaer in eccl. s. Rumoldi,45,
10301414,Medemblik,"Medeblike, Medenblick",Traiect. dioc.,par. eccl. s. Martini,,277,
10301414,Medemblik,"Medeblike, Medenblick",Traiect. dioc.,,personatus,313,
10301415,Meder,Mayder,Herbipol. dioc.,par. eccl.,,79,
10301420,Meersen,Mersen,Leod. dioc.,mon. o. s. B.,prepos.,"225, 298",
10301422,Meisau,Meissaw,Patav. dioc.,,baron.,301,
10301423,Meiselding,Meysseldeck,Gurc. dioc.,par. eccl.,,97,
10301424,Meissen,Misen.,,,ep.,"27, 28, 30, 176, 221, 271, 279, 329",
10301424,Meissen,Misen.,,eccl.,,28,
10301424,Meissen,Misen.,,eccl.,prepos.,251,
10301424,Meissen,Misen.,,eccl.,decan.,"176, 287, 344, 393",
10301424,Meissen,Misen.,,eccl.,cantor.,176,
10301424,Meissen,Misen.,,eccl.,can.,"97, 141, 142, 176, 242, 251, 303, 329, 344, 393",
10301424,Meissen,Misen.,,eccl.,capit.,"176, 279, 329, 393",
10301424,Meissen,Misen.,,eccl.,vic.,274,
10301424,Meissen,Misen.,,,presb.,276,
10301424,Meissen,Misen.,,,cler.,"27, 29, 195, 245, 276, 279, 289, 318, 391, 393, 395, 396, 399",
10301424,Meissen,Misen.,,,dioc.,"27, 390",
10301424,Meissen,Misen.,,,marchio,"12, 211, 332, 366",
10301424,Meissen,Misen.,,,mil.,"77, 149, 156",
10301424,Meissen,Misen.,,,domic.,"149, 201, 345",
10301424,Meissen,Misen.,,,civit.,27,
10301425,Melen,Mella,Leod. dioc.,par. eccl.,,121,
10301426,Melk,Mellicen.,Patav. dioc.,mon. o. s. B.,abb.,"208, 209, 224, 359, 402",
10301426,Melk,Mellicen.,Patav. dioc.,mon. o. s. B.,prepos.,208,
10301426,Melk,Mellicen.,Patav. dioc.,mon. o. s. B.,custod.,224,
10301426,Melk,Mellicen.,Patav. dioc.,mon. o. s. B.,conv.,"208, 224, 359, 402",
10301427,Mellrichstadt,Melerstat,Herbipol. dioc.,par. eccl.,,155,
10301428,Melm,? Melmshoff,Bamberg. dioc.,,decima,61,
10301429,Melnik,Melnicen.,Prag. dioc.,eccl. s. Petri,prepos.,98,
10301430,Memmingen,"Memingen, Memmyngen",August. dioc.,dom. s. Anthonii o. s. A.,,277,
10301430,Memmingen,"Memingen, Memmyngen",August. dioc.,par. eccl.,,167,
10301430,Memmingen,"Memingen, Memmyngen",August. dioc.,,civit.,138,
10301431,Mendhausen,Menthusen,Herbipol. dioc.,par. eccl.,,154,
10301432,Mengen,"Birtirkilch, Birterkilch",Const. dioc.,par. eccl.,,140,
10301437,Merkershausen,Merkeshusen,Herbipol. dioc.,par. eccl.,,"142, 206",
10301438,Merode,,Colon. dioc.,,dominus loci,326,
10301439,Merseburg,,,,ep. (el.),"13, 154, 271, 278, 288, 297, 362",
10301439,Merseburg,,,eccl.,decan.,16,
10301439,Merseburg,,,eccl.,can.,"16, 154, 176, 297, 315, 398",
10301439,Merseburg,,,eccl.,capit.,"278, 288",
10301439,Merseburg,,,eccl.,vic.,274,
10301439,Merseburg,,,eccl.,alt.,53,
10301439,Merseburg,,,eccl. s. Sixti,decan.,293,
10301439,Merseburg,,,,cler.,"204, 396, 398",
10301441,Merzdorf,Mertinsdorf,Wratisl. dioc.,par. eccl. s. Martini,,273,
10301442,Merzenich,Merczenich,Colon. dioc.,par. eccl.,,210,
10301443,Merzig a. S,Marcedum,Trev. dioc.,,archipresbyt. ruralis,215,
10301444,Mesch,Messche,Leod. dioc.,par. eccl.,,204,
10301445,Meschede,,Colon. dioc.,ecc. s. Walburgis,prepos.,12,
10301445,Meschede,,Colon. dioc.,ecc. s. Walburgis,can.,241,
10301446,Metz,Meten.,,,ep. (el.),"42, 46, 80, 85, 152, 201, 273, 322, 336, 342, 386",
10301446,Metz,Meten.,,ecc.,decan.,"41, 219, 278",
10301446,Metz,Meten.,,ecc.,archidiacon.,"102, 283",
10301446,Metz,Meten.,,ecc.,cantor.,"184, 217, 228, 229, 335",
10301446,Metz,Meten.,,ecc.,eleemosin.,"23, 335",
10301446,Metz,Meten.,,ecc.,primiceria,"85, 152, 194",
10301446,Metz,Meten.,,ecc.,dign.,"102, 314",
10301446,Metz,Meten.,,ecc.,can.,"23, 41, 69, 85, 102, 134, 152, 180, 194, 212, 215, 217, 228, 229, 235, 252, 268, 314, 315, 316, 317, 335, 336, 398, 400",
10301446,Metz,Meten.,,ecc.,capit.,"41, 42, 46, 201, 228, 278, 342",
10301446,Metz,Meten.,,ecc.,capel. (benef.),"23, 41, 184, 336",
10301446,Metz,Meten.,,ecc.,not. curie,219,
10301446,Metz,Meten.,,ecc. b. Marie Rotunde,prepos.,"85, 194, 228, 229",
10301446,Metz,Meten.,,ecc. b. Marie Rotunde,can.,"46, 317, 336",
10301446,Metz,Meten.,,ecc. s. Saluatoris,prepos.,"278, 315, 398",
10301446,Metz,Meten.,,ecc. s. Saluatoris,dign.,314,
10301446,Metz,Meten.,,ecc. s. Saluatoris,can.,"314, 336",
10301446,Metz,Meten.,,ecc. s. Theobaldi e. m.,can.,46,
10301446,Metz,Meten.,,ecc. s. Theobaldi e. m.,capel.,199,
10301446,Metz,Meten.,,ecc. s. Elamsdis (?),can.,208,
10301446,Metz,Meten.,,,par. ecc. s. Gangulphi,"41, 46",
10301446,Metz,Meten.,,,par. ecc. s. Gorgonii,331,
10301446,Metz,Meten.,,,par. ecc. s. Hilarii,219,
10301446,Metz,Meten.,,,par. ecc. s. Maximini,212,
10301446,Metz,Meten.,,,par. ecc. s. Simplicii,"23, 101",
10301446,Metz,Meten.,,,par. ecc. s. Victoris,"179, 229",
10301446,Metz,Meten.,,capel. s. Galli,,229,
10301446,Metz,Meten.,,capel. noue ecc. s. Johannis,,184,
10301446,Metz,Meten.,,capel. b. Marie in domo Petri de Pairgin resp. Johannis de Velonia,,"184, 212",
10301446,Metz,Meten.,,mon. s. Arnulphi o. s. B. e. m.,abb.,"191, 283",
10301446,Metz,Meten.,,mon. s. Arnulphi o. s. B. e. m.,conv.,283,
10301446,Metz,Meten.,,mon. s. Simphoriani o. s. B. e. m.,monach.,212,
10301446,Metz,Meten.,,mon. s. Vincentii o. s. B.,,259,
10301446,Metz,Meten.,,mon. s. Vincentii o. s. B.,abb. et conv.,184,
10301446,Metz,Meten.,,,presb.,"80, 204",
10301446,Metz,Meten.,,,cler.,"41, 42, 46, 87, 183, 184, 194, 202, 206, 210, 235, 320",
10301446,Metz,Meten.,,,mil.,"183, 184, 205, 283",
10301446,Metz,Meten.,,,domic.,203,
10301446,Metz,Meten.,,,opid.,"106, 205, 212, 283",
10301446,Metz,Meten.,,,laici,273,
10301448,Meyenburg,Meynborch,Bremen. dioc.,,castrum et capel.,253,
10301450,St. Michel a. d. Etsch,de Sanctomichaele,Trident. dioc.,mon. s. Michaelis o. s. A.,,279,
10301451,Michelbach,,Herbipol. dioc.,par. eccl.,,86,
10301452,Middelburg,,Traiect. dioc.,capel. in par. eccl. in Westmunster,,218,
10301452,Middelburg,,Traiect. dioc.,mon. b. Marie Prem. ord.,,279,
10301452,Middelburg,,Traiect. dioc.,mon. b. Marie Prem. ord.,abb.,"62, 279",
10301452,Middelburg,,Traiect. dioc.,mon. b. Marie Prem. ord.,conv.,62,
10301453,Midlucze,,? Traiect. dioc.,par. eccl.,,178,
10301454,St. Mihiel,de Sanctomichaele,Virdun. dioc.,par. eccl. s. Michaelis.,,101,
10301455,Mileonowe,,? Gnezn. dioc.,par. eccl.,,79,
10301458,Minden,,,,ep.,"56, 57, 217, 342, 376",
10301458,Minden,,,eccl.,decan.,"12, 23, 57, 349",
10301458,Minden,,,eccl.,scholast.,174,
10301458,Minden,,,eccl.,thesaurar.,18,
10301458,Minden,,,eccl.,can.,"12, 18, 57, 174, 200, 214, 349",
10301458,Minden,,,eccl.,capit.,"56, 57, 217",
10301458,Minden,,,eccl.,vic.,"44, 56, 76, 200",
10301458,Minden,,,eccl.,capel.,200,
10301458,Minden,,,eccl. s. Martini,prepos.,56,
10301458,Minden,,,eccl. s. Martini,decan.,200,
10301458,Minden,,,eccl. s. Martini,can.,"56, 96, 192, 200, 391",
10301458,Minden,,,eccl. s. Martini,capit.,56,
10301458,Minden,,,capel. s. Margarete,,174,
10301458,Minden,,,,archidiacon.,23,
10301458,Minden,,,,presb.,"76, 171, 391",
10301458,Minden,,,,cler.,"23, 44, 107, 131, 162, 231, 247, 250, 265, 282, 346, 347, 389, 394",
10301458,Minden,,,,collector,135,
10301458,Minden,,,,schol.,202,
10301458,Minden,,,,armig.,257,
10301458,Minden,,,,laici,75,
10301462,Mirisdorf,Miresmestorpe,Raseb. dioc.,par. eccl.,,177,
10301463,Miserach b. Pruntrut,Miserez b. Porrentruy; Miserium prope Pourramtrum (Pourramtin),Basil. dioc.,,priorat. o. s. A.,"194, 370",
10301465,Missanen,,,,ep.,195,
10301466,Mittelbuchen,Mitlilbuchen,Magunt. dioc.,par. eccl.,,327,
10301467,Mittelnkirchen,Mediau,Verden. dioc.,par. eccl.,,40,
10301468,Mockstadt,Moxstad,Magunt. dioc.,eccl. s. Martini,scolast.,248,
10301469,Moder,Matra,Argent. dioc.,,flumen,179,
10301470,Moderstorpe,Modestorpe,Verden. dioc.,,archidiacon.,"84, 270",
10301471,Mödling,Medling,Patav. dioc.,par. eccl.,,151,
10301472,Möhringen,"Mehringen, Meringhen",Const. dioc.,,curia celerarie,329,
10301478,Mölln,Molne,Rzeb. dioc.,par. eccl.,,390,
10301479,Mölsenheim,Mulsenheim,Herbipol. dioc.,par. eccl.,,167,
10301480,Molzbichl,"Moltzpuhel, Moltichiel",Salzb. dioc.,par. eccl.,,110,
10301485,Mondsee,Mannsee,Patav. dioc.,mon. o. s. B.,abb.,50,
10301486,Monopoli,Monopolitan.,,dom. hosp. s. Stephani,,181,
10301494,Moos,Mosacen.,Aquil. dioc.,mon. s. Galli o. s. B.,commen-dator,24,
10301495,Moosburg,Mospurg,Frising. dioc.,eccl. s. Castoli,prepos.,170,
10301495,Moosburg,Mospurg,Frising. dioc.,eccl. s. Castoli,can.,91,
10301497,St. Moritz,Agauen.,Sedun. dioc.,mon. s. Mauritii o. s. A.,prepos.,242,
10301497,St. Moritz,Agauen.,Sedun. dioc.,mon. s. Mauritii o. s. A.,can.,242,
10301500,Mosbach,Mospach,Herbipol. dioc.,eccl.,prepos.,123,
10301503,Muffenheim,,Argent. dioc.,,villa,"64, 333",
10301504,Mühlhausen,Molhusen.,Magunt. dioc.,eccl. b. Marie Pontis,can.,156,
10301504,Mühlhausen,Molhusen.,Magunt. dioc.,par. eccl. s. Johannis e. m.,,"53, 225",
10301508,München,Monacen.,Frising. dioc.,par. eccl. s. Petri,,"376, 377",
10301508,München,Monacen.,Frising. dioc.,,decan. ruralis,376,
10301508,München,Monacen.,Frising. dioc.,,civit.,138,
10301509,Münchsmünster,Munster,Ratisp. dioc.,par. eccl. b. Marie Virg.,,280,
10301510,Münchweiler,Munuchwiler,Magunt. dioc.,par. eccl.,,292,
10301511,Mündraching,Mundrichingen,Ratisp. dioc.,par. eccl.,,53,
10301512,Münichreith,Munichrawt,Patav. dioc.,par. eccl.,,213,
10301514,Münster,"Monasterien., Munasterien.",,,ep.,"109, 167, 214, 252, 258, 265, 280, 299, 345, 350",
10301514,Münster,"Monasterien., Munasterien.",,,vic. gen.,"252, 265",
10301514,Münster,"Monasterien., Munasterien.",,eccl.,prepos.,"15, 228",
10301514,Münster,"Monasterien., Munasterien.",,eccl.,decan.,"15, 236, 345",
10301514,Münster,"Monasterien., Munasterien.",,eccl.,can.,"15, 65, 95, 134, 236, 374",
10301514,Münster,"Monasterien., Munasterien.",,eccl.,capit.,"14, 109, 214, 258, 345, 350",
10301514,Münster,"Monasterien., Munasterien.",,eccl.,vic.,"15, 23, 134, 166, 236, 246",
10301514,Münster,"Monasterien., Munasterien.",,eccl.,capel.,"246, 263",
10301514,Münster,"Monasterien., Munasterien.",,eccl. s. Ludgeri,decan.,279,
10301514,Münster,"Monasterien., Munasterien.",,eccl. s. Ludgeri,scholast.,166,
10301514,Münster,"Monasterien., Munasterien.",,eccl. s. Ludgeri,thesaurar.,136,
10301514,Münster,"Monasterien., Munasterien.",,eccl. s. Ludgeri,can.,"136, 166, 299",
10301514,Münster,"Monasterien., Munasterien.",,eccl. s. Ludgeri,capit.,279,
10301514,Münster,"Monasterien., Munasterien.",,eccl. s. Martini,decan.,279,
10301514,Münster,"Monasterien., Munasterien.",,eccl. s. Martini,can.,"236, 263, 299",
10301514,Münster,"Monasterien., Munasterien.",,eccl. s. Martini,capit.,279,
10301514,Münster,"Monasterien., Munasterien.",,eccl. s. Mauritii e. m.,prepos.,"65, 246, 263",
10301514,Münster,"Monasterien., Munasterien.",,eccl. s. Mauritii e. m.,decan.,"263, 279, 280",
10301514,Münster,"Monasterien., Munasterien.",,eccl. s. Mauritii e. m.,dign.,15,
10301514,Münster,"Monasterien., Munasterien.",,eccl. s. Mauritii e. m.,can.,"15, 172, 213, 246, 264, 280, 299, 345",
10301514,Münster,"Monasterien., Munasterien.",,eccl. s. Mauritii e. m.,capit.,"263, 279, 280",
10301514,Münster,"Monasterien., Munasterien.",,eccl. Veteriseclesie s. Pauli,decan.,279,
10301514,Münster,"Monasterien., Munasterien.",,eccl. Veteriseclesie s. Pauli,can.,"172, 279",
10301514,Münster,"Monasterien., Munasterien.",,eccl. Veteriseclesie s. Pauli,capit.,279,
10301514,Münster,"Monasterien., Munasterien.",,eccl. Veteriseclesie s. Pauli,vic.,345,
10301514,Münster,"Monasterien., Munasterien.",,par. eccl. s. Egidii,,280,
10301514,Münster,"Monasterien., Munasterien.",,par. eccl. s. Lamberti,,"263, 280",
10301514,Münster,"Monasterien., Munasterien.",,par. eccl. s. Seruati,,280,
10301514,Münster,"Monasterien., Munasterien.",,mon. s. Marie Transaquas o. s. B.,abbat. et conv.,136,
10301514,Münster,"Monasterien., Munasterien.",,,presb.,"100, 252, 254, 265, 350",
10301514,Münster,"Monasterien., Munasterien.",,,cler.,"30, 105, 136, 143, 166, 172, 263, 265, 269, 279, 350, 374, 392, 399",
10301514,Münster,"Monasterien., Munasterien.",,,offic.,280,
10301514,Münster,"Monasterien., Munasterien.",,,collector,135,
10301514,Münster,"Monasterien., Munasterien.",,,scolar.,65,
10301514,Münster,"Monasterien., Munasterien.",,,dioc.,140,
10301514,Münster,"Monasterien., Munasterien.",,,domic.,"169, 253",
10301514,Münster,"Monasterien., Munasterien.",,,opid.,"106, 109, 130, 263",
10301514,Münster,"Monasterien., Munasterien.",,,laici,"77, 104",
10301515,Munster,,Verden. dioc.,par. eccl.,,235,
10301517,Münsterbilsen,Blisien.,Leod. dioc.,mon. s. Amoris o. s. B.,abb. et conv.,256,
10301518,Münstereifel,Monasteriumeyfflie,Colon. dioc.,eccl. ss. Crisanti et Darie,can.,"18, 148, 152, 169, 198",
10301519,Münsterkirchen,Monsterkirken,Magunt. dioc.,par. eccl.,,45,
10301520,Münstermaifeld,Monasteriummeynfelt,Trev. dioc.,eccl.,can.,63,
10301521,Müntz,Muntz,Colon. dioc.,par. eccl.,,362,
10301524,Muri,Mure,Const. dioc.,mon. o. s. B.,,280,
10301525,Murrhart,Murhart,Herbipol. dioc.,mon. o. s. B.,abb.,91,
10301529,Namur,Namurcen.,Leod. dioc.,abbatia b. Marie,,7,
10301530,Nassau,Nassaw,,,comes,"38, 321",
10301531,Nassenfuss,Nazzenuos,Aquil. dioc.,par. eccl. s. Ruperti,,170,
10301533,Naumburg,Nuembergen.,,,ep. (el.),"13, 129, 297",
10301533,Naumburg,Nuembergen.,,eccl.,prepos.,301,
10301533,Naumburg,Nuembergen.,,eccl.,decan.,"315, 371",
10301533,Naumburg,Nuembergen.,,eccl.,scolast.,221,
10301533,Naumburg,Nuembergen.,,eccl.,dign.,398,
10301533,Naumburg,Nuembergen.,,eccl.,can.,"97, 99, 154, 175, 221, 297, 315, 316, 329, 398",
10301533,Naumburg,Nuembergen.,,eccl.,capit.,"13, 297",
10301533,Naumburg,Nuembergen.,,eccl.,vic.,"16, 147, 274, 386",
10301533,Naumburg,Nuembergen.,,par. eccl. s. Odmari e. m.,,288,
10301533,Naumburg,Nuembergen.,,,presb.,221,
10301533,Naumburg,Nuembergen.,,,cler.,"202, 272, 288, 346",
10301533,Naumburg,Nuembergen.,,,armig.,"139, 345",
10301534,Neapel,Neapoli,,,. dom. hosp. s. Johannis Jerosol.,101,
10301535,Nebbio,Nebien,,,. ep.,317,
10301536,Negau,Negaw,Salzb. dioc.,par. eccl. b. Marie,,280,
10301537,Neisse,Nyssa,Wratisl. dioc.,par. eccl. s. Jacobi,,"50, 113, 295",
10301537,Neisse,Nyssa,Wratisl. dioc.,,fraternitas b. Marie,295,
10301537,Neisse,Nyssa,Wratisl. dioc.,,civit.,295,
10301539,Nesselröden,Netelreden,Magunt. dioc.,par. eccl.,,168,
10301540,Nesselwang,Nesselwange,August. dioc.,par. eccl. s. Andreæ,,280,
10301541,Neubrandenburg,Nouumbrandeborgh,Havelb. dioc.,par. eccl. b. Marie,,157,
10301542,Neuburg,Nuemburg.,August. dioc.,mon. b. Marie o. s. A.,prepos.,360,
10301544,Neuenburg,"Nouumcastrum, Neumburgh",Const. dioc.,par. eccl.,,162,
10301544,Neuenburg,"Nouumcastrum, Neumburgh",Const. dioc.,,"civit., opid.","162, 217, 250, 358",
10301545,Neuendorf,Nuendorff,Halberst. dioc.,mon. Prem. ord. (!),"prep., abbat. et conv.","120, 387",
10301546,Neuen-Heerse,Herisien.,Padeb. dioc.,par. eccl.,,"330, 390",
10301546,Neuen-Heerse,Herisien.,Padeb. dioc.,abbatia,,37,
10301547,Neuenstadt,Nouauilla,Lausan. dioc.,par. eccl. s. Ursicini sub castro Glossenberg,,"14, 145",
10301548,Neuhaus,Newhaus,Ratisp. dioc.,,castrum,111,
10301550,Neukirchen,Nyenkerken,Bremen. dioc.,par. eccl.,,323,
10301550,Neukirchen,Newnkirchen,Frising. dioc.,par. eccl.,,363,
10301551,Neumagen,Nouimagen.,Colon. dioc.,par. eccl. s. Stephani,,"38, 253, 371",
10301551,Neumagen,Nouimagen.,Colon. dioc.,mon. o. s. A. e. m.,prior et conv.,297,
10301553,Neunkirchen,Nunkirchen,Magunt. dioc.,par. eccl.,,292,
10301554,Neunkirchen b. Weiden,Newnkirchen al. in Weyden,Ratisp. dioc.,par. eccl.,,274,
10301555,Neuss,"Nussien.,ussia",Colon. dioc.,mon. o. s. B.,abb. et conv.,312,
10301555,Neuss,"Nussien.,ussia",Colon. dioc.,mon. o. s. B.,rector (can.) eccl.,77,
10301555,Neuss,"Nussien.,ussia",Colon. dioc.,mon. o. s. A.,prep. et conv.,297,
10301555,Neuss,"Nussien.,ussia",Colon. dioc.,mon. o. s. A.,monach.,267,
10301555,Neuss,"Nussien.,ussia",Colon. dioc.,hosp. paup.,,312,
10301556,Neustadt a. D,Nigenstat,Brandeb. dioc.,par. eccl.,,238,
10301558,Neustadt,Nygenstad,Lubic. dioc.,par. eccl.,,100,
10301558,Neustadt,Nouacuiitas,Salzb. dioc.,par. eccl. b. Marie,,"141, 142, 297",
10301558,Neustadt,Nouacuiitas,Salzb. dioc.,par. eccl. s. Vdalrici,,"80, 112",
10301559,Neustift,Nouacella,Brixin. dioc.,mon. o. s. A.,,126,
10301560,Neuweiler,Nouillaren.,Argent. dioc.,mon. s. Petri o. s. B.,,297,
10301560,Neuweiler,Nouillaren.,Argent. dioc.,mon. s. Petri o. s. B.,abb.,199,
10301560,Neuweiler,Nouillaren.,Argent. dioc.,mon. s. Petri o. s. B.,camerar.,199,
10301560,Neuweiler,Nouillaren.,Argent. dioc.,mon. s. Petri o. s. B.,monach.,199,
,Nicopolis,,,,ep.,177,
10301567,Niederaltaich,"Inferioralt[h]a, Inferioraltach[en]",Patav. dioc.,mon. o. s. B.,,187,
10301567,Niederaltaich,"Inferioralt[h]a, Inferioraltach[en]",Patav. dioc.,mon. o. s. B.,abb.,"53, 206, 385",
10301567,Niederaltaich,"Inferioralt[h]a, Inferioraltach[en]",Patav. dioc.,mon. o. s. B.,conv.,206,
10301569,Nieder-Ehnheim,Ehenheim inferior,Argent. dioc.,capel. s. Barbare,,92,
10301570,Niederhone,Niddernhoende,Magunt. dioc.,capel.,,243,
10301571,Nieder-Ingelheim,Inferioringelnheim,Magunt. dioc.,mon. Auleregie o. s. A.,,188,
10301571,Nieder-Ingelheim,Inferioringelnheim,Magunt. dioc.,,scultetus,188,
10301572,Nieder-Trebra,Inferior Trebere,Magunt. dioc.,par. eccl.,,339,
10301573,Nieder-Wangen,Nider[n]wangen,Const. dioc.,par. eccl.,,234,
10301574,Nienburg,"Nienborch, Niendorp",Magdeb. dioc.,eccl. s. Wiperti,prepos.,193,
10301575,Nieuwerve,Nyewerue,Traiect. dioc.,par. eccl.,,218,
10301579,Nimbschen,Nemzin,Merseb. dioc.,mon. Cist. ord.,abbat. et conv.,63,
10301580,Nimptsch,Nympcz,Wratisl. dioc.,,plebanus,"239, 244",
10301581,"Nonsberg, Val di Non",Vallis Ananis,Trident. dioc.,par. eccl. s. Eusebii,,54,
10301581,"Nonsberg, Val di Non",Vallis Ananis,Trident. dioc.,par. eccl. b. Marie in Tassulo,,177,
10301582,Noorddyk,Nortich,Traiect. dioc.,par. eccl.,,57,
10301583,Nordhausen,Northusen.,Magunt. dioc.,eccl. s. Crucis,prepos.,143,
10301583,Nordhausen,Northusen.,Magunt. dioc.,eccl. s. Crucis,decan.,"156, 296",
10301583,Nordhausen,Northusen.,Magunt. dioc.,eccl. s. Crucis,cantor.,296,
10301583,Nordhausen,Northusen.,Magunt. dioc.,eccl. s. Crucis,scholast.,296,
10301583,Nordhausen,Northusen.,Magunt. dioc.,eccl. s. Crucis,can.,"156, 296",
10301583,Nordhausen,Northusen.,Magunt. dioc.,eccl. s. Crucis,capit.,143,
10301583,Nordhausen,Northusen.,Magunt. dioc.,eccl. s. Crucis,vic.,"226, 296",
10301583,Nordhausen,Northusen.,Magunt. dioc.,par. eccl. s. Blasii,,296,
10301583,Nordhausen,Northusen.,Magunt. dioc.,par. eccl. s. Jacobi e. m.,,296,
10301583,Nordhausen,Northusen.,Magunt. dioc.,par. eccl. s. Nicolai,,"21, 296",
10301583,Nordhausen,Northusen.,Magunt. dioc.,par. eccl. s. Petri,,296,
10301583,Nordhausen,Northusen.,Magunt. dioc.,mon. b. Marie Nouioperis Cist. ord. e. m.,"prep., abbat. et conv.","120, 296, 387",
10301583,Nordhausen,Northusen.,Magunt. dioc.,mon. b. Marie Nouioperis Cist. ord. e. m.,vic. in eccl.,226,
10301583,Nordhausen,Northusen.,Magunt. dioc.,hosp. paup. s. Martini e. m.,,296,
10301583,Nordhausen,Northusen.,Magunt. dioc.,,opid.,"89, 296",
10301584,Nördlingen,Nordlingen,August. dioc.,par. eccl. s. Emerami,,387,
10301585,Northeim,"Northem., Norten",Magunt. dioc.,par. eccl.,,"295, 350",
10301585,Northeim,"Northem., Norten",Magunt. dioc.,capel. s. Ciriaci,,"174, 231",
10301585,Northeim,"Northem., Norten",Magunt. dioc.,mon. s. Blasii o. s. B.,,"295, 350",
10301586,Nörthen,Northunen.,Magunt. dioc.,eccl.,prepos.,178,
10301586,Nörthen,Northunen.,Magunt. dioc.,eccl.,decan.,67,
10301586,Nörthen,Northunen.,Magunt. dioc.,eccl.,capit.,67,
10301588,Norwegen,Norwegia,,,regnum,"21, 267",
10301602,Noyon,Nouiomen.,,,ep.,"85, 322, 323",
10301608,Nürnberg,"Nurembergh, Nurembergen.",Bamberg. dioc.,capel. novi hosp. paup.,,"159, 297",
10301608,Nürnberg,"Nurembergh, Nurembergen.",Bamberg. dioc.,,burgravi,"12, 111, 121, 230, 267",
10301608,Nürnberg,"Nurembergh, Nurembergen.",Bamberg. dioc.,,opid.,"167, 184, 211",
10301608,Nürnberg,"Nurembergh, Nurembergen.",Bamberg. dioc.,,laici,37,
10301615,Nykirke,Nyenkerke,Traiect. dioc.,par. eccl.,,390,
10301618,Oberaltaich,Altach superior,Ratisp. dioc.,mon. o. s. B.,abb. et conv.,284,
10301619,Oberberge,Superior Berge,Minden. dioc.,par. eccl.,,342,
10301620,Oberburg,Obernburg,Const. dioc.,par. eccl.,,357,
10301621,Ober-Ingelheim,Ingelheim superior,Magunt. dioc.,par. eccl.,,317,
10301621,Ober-Ingelheim,Ingelheim superior,Magunt. dioc.,,scultetus,188,
10301622,Oberlahnstein,Superiorlanstein,Trev. dioc.,par. eccl.,,250,
10301623,Obernberg,Obernperg,Patav. dioc.,par. eccl.,,"261, 262",
10301625,Obernburg,Obremburg,Aquil. dioc.,mon. o. s. B.,,23,
10301625,Obernburg,Obremburg,Aquil. dioc.,mon. o. s. B.,abb.,"24, 125, 170, 321",
10301625,Obernburg,Obremburg,Aquil. dioc.,mon. o. s. B.,conv.,170,
10301625,Obernburg,,Magunt. dioc.,par. eccl.,,114,
10301627,Oberndorf,Oberendorff,Eystet. dioc.,par. eccl.,,230,
10301628,Oberwesel,Wesalien.,Trev. dioc.,eccl.,thesaurar.,234,
10301629,Oberwinterthur,Ouerwinterthure,Const. dioc.,par. eccl.,,326,
10301630,Obing,Obingin,Salzb. dioc.,par. eccl.,,111,
10301631,Ochtersum,Ochtersun,Bremen. dioc.,par. eccl.,,136,
10301632,Odenrode,Roden.,Leod. dioc.,eccl. s. Ode,decan.,7,
10301633,Odense,Ottonien.,,,armig. et mil.,337,
10301635,Oels,"Olsnic., Olsna",Wratisl. dioc.,par. eccl.,,"127, 256, 284",
10301635,Oels,"Olsnic., Olsna",Wratisl. dioc.,capel. castri,,81,
10301635,Oels,"Olsnic., Olsna",Wratisl. dioc.,,dux,81,
10301635,Oels,"Olsnic., Olsna",Wratisl. dioc.,,ducissa,81,
10301637,Oestorf,? Odenstarp,Padeb. dioc.,par. eccl.,,221,
10301640,Öhringen,Oringew,Herbipol. dioc.,eccl. b. Marie,prepos.,126,
10301640,Öhringen,Oringew,Herbipol. dioc.,eccl. s. Petri,prepos.,218,
10301641,Oldenbrok,Oldenbrüke,Bremen. dioc.,par. eccl.,,216,
10301642,Oldenzaal,"Aldensalen, Aldenzalen",Traiect. dioc.,eccl. s. Plechelini,prepos.,105,
10301642,Oldenzaal,"Aldensalen, Aldenzalen",Traiect. dioc.,eccl. s. Plechelini,can.,"224, 267",
10301642,Oldenzaal,"Aldensalen, Aldenzalen",Traiect. dioc.,eccl. s. Plechelini,capit.,105,
10301643,Oldisleben,Oldesleiben,Magunt. dioc.,mon. o. s. B.,abb. et conv.,157,
10301643,Oldisleben,Oldesleiben,Magunt. dioc.,mon. o. s. B.,monach.,67,
10301644,Öllingen,? Olexen.,Magunt. dioc.,capel.,,"100, 131",
10301645,Olmütz,Olomucen.,,,ep.,"50, 218, 358",
10301645,Olmütz,Olomucen.,,eccl.,prepos.,"329, 366",
10301645,Olmütz,Olomucen.,,eccl.,custod.,50,
10301645,Olmütz,Olomucen.,,eccl.,can.,"17, 20, 99, 133, 142, 183, 251, 286, 329, 364, 365, 366",
10301645,Olmütz,Olomucen.,,eccl.,capit.,"258, 358",
10301645,Olmütz,Olomucen.,,,cler.,"123, 365",
10301645,Olmütz,Olomucen.,,,dioc.,131,
10301646,Olnstorf,Ornstorff,Patav. dioc.,par. eccl.,,121,
10301647,Ölsburg,Olsborg,Hildesem. dioc.,eccl. s. Cecilie,vic.,220,
10301649,Ölsnitz,Olsnicz,Nuemb. dioc.,,castrum,13,
10301650,St. Omer,de Sanctoaudomaro,Morin. dioc.,eccl. s. Audomari,can.,"127, 128",
10301655,Oostvoorne,Oestworne,Traiect. dioc.,par. eccl.,,213,
10301656,Oppeln,Opolien.,Wratisl. dioc.,eccl. s. Crucis,decan.,"239, 240, 244",
10301656,Oppeln,Opolien.,Wratisl. dioc.,eccl. s. Crucis,can.,"41, 50, 125",
10301656,Oppeln,Opolien.,Wratisl. dioc.,eccl. s. Crucis,vic.,397,
10301656,Oppeln,Opolien.,Wratisl. dioc.,,alt. in antiquo castro,290,
10301656,Oppeln,Opolien.,Wratisl. dioc.,,dux,"69, 164",
10301656,Oppeln,Opolien.,Wratisl. dioc.,,opid.,286,
10301657,Oppenheim,Oppenheym,Magunt. dioc.,capel. s. Antonii,,308,
10301657,Oppenheim,Oppenheym,Magunt. dioc.,,capitaneus,188,
10301660,Oron,,Meten. dioc.,par. eccl.,,219,
10301661,Orten,,Leod. dioc.,par. eccl.,,347,
10301664,Ortenberg,,Argent. dioc.,,civit. et castrum,81,
10301664,Ortenberg,,Magunt. dioc.,par. eccl.,,315,
10301664,Ortenberg,,Salzb. dioc.,,comes,"12, 359",
10301665,Ösel,Osil.,,eccl.,can.,349,
10301665,Ösel,Osil.,,,dioc.,350,
10301666,Osnabrück,Osnaburgen.,,,ep. (el.),"14, 55, 104, 146, 157, 220, 259, 299",
10301666,Osnabrück,Osnaburgen.,,,administrator,299,
10301666,Osnabrück,Osnaburgen.,,eccl.,prepos.,248,
10301666,Osnabrück,Osnaburgen.,,eccl.,decan.,"146, 214, 264",
10301666,Osnabrück,Osnaburgen.,,eccl.,can.,"103, 242, 248",
10301666,Osnabrück,Osnaburgen.,,eccl.,capit.,"55, 104, 146, 157, 220, 259, 264",
10301666,Osnabrück,Osnaburgen.,,eccl.,alt.,146,
10301666,Osnabrück,Osnaburgen.,,eccl. s. Johannis,prepos.,"220, 258",
10301666,Osnabrück,Osnaburgen.,,eccl. s. Johannis,dign.,214,
10301666,Osnabrück,Osnaburgen.,,eccl. s. Johannis,can.,"55, 214, 248, 299",
10301666,Osnabrück,Osnaburgen.,,eccl. s. Johannis,capit.,"220, 258",
10301666,Osnabrück,Osnaburgen.,,eccl. s. Johannis,vic.,"55, 104, 217, 264",
10301666,Osnabrück,Osnaburgen.,,capel. s. Jacobi,,55,
10301666,Osnabrück,Osnaburgen.,,capel. s. Nicolai,,389,
10301666,Osnabrück,Osnaburgen.,,capel. s. Pauli,,202,
10301666,Osnabrück,Osnaburgen.,,capel. 1100 Virginum e. m.,,157,
10301666,Osnabrück,Osnaburgen.,,,presb.,"157, 253",
10301666,Osnabrück,Osnaburgen.,,,cler.,"17, 106, 156, 157, 213, 244, 258, 264, 270, 309, 367, 388",
10301666,Osnabrück,Osnaburgen.,,,collector,135,
10301666,Osnabrück,Osnaburgen.,,,laici,299,
10301667,Osterhofen,Osterhouen,Patav. dioc.,mon. s. Margarete Prem. ord.,abb.,191,
10301668,Österreich,Austria,,,dux,"13, 14, 22, 32, 40, 59, 99, 116, 153, 160, 219, 242, 245, 280, 328, 331, 389",
10301668,Österreich,Austria,,,ducissa,"99, 116",
10301669,Osthausen,Osthusen,Magunt. dioc.,par. eccl.,,40,
10301670,Ostheim,,Magunt. dioc.,par. eccl.,,"148, 397",
10301671,Ostia,Ostien.,,,ep.,"10, 97, 117, 119",
10301671,Ostia,Ostien.,,,civit.,270,
10301673,Ottenbach,Ottembach,Const. dioc.,par. eccl.,,291,
10301674,Ottenheim,Ottenheim al. Nuwekirche,Argent. dioc.,par. eccl. s. Nicolai,,250,
10301675,Ottersdorf,Attersdorf,Argent. dioc.,capel. resp. par. eccl.,,"64, 333",
10301675,Ottersdorf,Attersdorf,Argent. dioc.,,villa,"64, 333",
10301676,Ottmachau,"Othmuchowien., Othmuchowo, Othmincow, Othomochaw",Wratisl. dioc.,eccl. s. Nicolai,prepos.,50,
10301676,Ottmachau,"Othmuchowien., Othmuchowo, Othmincow, Othomochaw",Wratisl. dioc.,eccl. s. Nicolai,can.,"240, 284, 295, 344, 357",
10301676,Ottmachau,"Othmuchowien., Othmuchowo, Othmincow, Othomochaw",Wratisl. dioc.,eccl. s. Nicolai,alt.,58,
10301676,Ottmachau,"Othmuchowien., Othmuchowo, Othmincow, Othomochaw",Wratisl. dioc.,capel. b. Marie Virg. e. m.,,113,
10301679,Oudenburg,,Tornac. dioc.,mon. o. s. B.,abb. et conv.,311,
10301680,Ouderkerk,Ouderkerke,Traiect. dioc.,,personatus,"157, 355",
10301686,Overschie,Ouderschiede,Traiect. dioc.,par. eccl.,,24,
10301689,Owingen,Owinghen,Const. dioc.,capel. s. Nicolai,,95,
10301690,Oyas,Oys,Wratisl. dioc.,par. eccl.,,263,
10301692,Paderborn,Padebornen.,,,el.,"145, 221, 240, 348, 370",
10301692,Paderborn,Padebornen.,,,administrator,348,
10301692,Paderborn,Padebornen.,,eccl.,prepos.,"269, 363",
10301692,Paderborn,Padebornen.,,eccl.,decan.,"118, 119",
10301692,Paderborn,Padebornen.,,eccl.,cantor.,"269, 363",
10301692,Paderborn,Padebornen.,,eccl.,can.,"15, 119, 178, 269, 363",
10301692,Paderborn,Padebornen.,,eccl.,capit.,363,
10301692,Paderborn,Padebornen.,,eccl.,vic.,"44, 70, 104, 217, 390",
10301692,Paderborn,Padebornen.,,eccl.,capel.,332,
10301692,Paderborn,Padebornen.,,eccl. ss. Petri et Andree,can.,"24, 44, 70, 119",
10301692,Paderborn,Padebornen.,,eccl. ss. Petri et Andree,vic.,174,
10301692,Paderborn,Padebornen.,,mon. ss. Petri et Pauli o. s. B.,abb.,"24, 145",
10301692,Paderborn,Padebornen.,,,cler.,"148, 165, 166, 178, 205",
10301692,Paderborn,Padebornen.,,,subcollect.,220,
10301692,Paderborn,Padebornen.,,,mil.,164,
10301693,Padua,,,mon.,,172,
10301693,Padua,,,studium,,"304, 311",
10301693,Padua,,,,presb.,233,
10301694,Palestrina,Prenestin.,,,ep.,113,
10301695,Paltental,Gallepaltental,Salzb. dioc.,par. eccl. s. Laurentii,,353,
10301697,Parchim,"Parcham, Perchim",Zwerin. dioc.,par. eccl. s. Georgii,,226,
10301697,Parchim,"Parcham, Perchim",Zwerin. dioc.,par. eccl. s. Marie Virg.,,"172, 226, 236",
10301697,Parchim,"Parcham, Perchim",Zwerin. dioc.,,archidiacon.,226,
10301698,Parey,"Parreya, Perreya",Meten. dioc.,par. eccl.,,342,
10301699,Paris,Parisien.,,par. eccl. s. Germanieteris,,102,
10301699,Paris,Parisien.,,studium,,"60, 102, 161, 236, 255, 256, 268, 311, 314, 336",
10301700,Parkentin,Parchentin,Zwerin dioc.,par. eccl.,,91,
10301703,Passau,Patauien.,,,ep.,"8, 13, 15, 17, 25, 45, 50, 62, 66, 90, 122, 124, 151, 164, 213, 245, 259, 291, 300, 316, 331, 352, 359, 364, 388, 398",
10301703,Passau,Patauien.,,,curia episc.,304,
10301703,Passau,Patauien.,,eccl.,prepos.,"88, 146, 153, 300, 302, 366",
10301703,Passau,Patauien.,,eccl.,decan.,"88, 205, 210, 223, 303, 364",
10301703,Passau,Patauien.,,eccl.,can.,"15, 19, 20, 62, 88, 97, 118, 122, 124, 152, 153, 164, 214, 261, 262, 303, 359, 360, 364, 365, 366, 389",
10301703,Passau,Patauien.,,eccl.,capit.,"8, 24, 66, 164, 302, 303, 316, 352, 364",
10301703,Passau,Patauien.,,,alt.,291,
10301703,Passau,Patauien.,,eccl. b. Marie in Nydenburg,benef.,278,
10301703,Passau,Patauien.,,eccl. ss. Petri et Andreæ,prep. et capit.,302,
10301703,Passau,Patauien.,,eccl. s. Nicolai o. s. A. e. m.,prep. et conv.,213,
10301703,Passau,Patauien.,,par. eccl. s. Egidii ultra pontem Eni cum dom. leprosorum,,302,
10301703,Passau,Patauien.,,par. eccl. ad s. Vitum,,50,
10301703,Passau,Patauien.,,capel. s. Spiritus,,123,
10301703,Passau,Patauien.,,,presb.,"75, 90, 118, 200, 254, 260, 292, 316, 320, 353, 358, 359, 364, 385",
10301703,Passau,Patauien.,,,cler.,"62, 67, 123, 164, 229, 244, 245, 259, 278, 290, 316, 320, 326, 331, 352, 359, 375, 397, 398",
10301703,Passau,Patauien.,,,scolar.,138,
10301703,Passau,Patauien.,,,dioc.,124,
10301703,Passau,Patauien.,,,armig.,"334, 339",
10301703,Passau,Patauien.,,,mil.,"110, 202, 228, 262, 304",
10301703,Passau,Patauien.,,,baron.,150,
10301703,Passau,Patauien.,,,domic.,304,
10301703,Passau,Patauien.,,,opid.,"304, 340",
10301703,Passau,Patauien.,,,laici,"75, 103, 262, 353",
10301703,Passau,Patauien.,,,civit.,304,
10301704,Patschkau,"Patzkow, Potzkow",Wratisl. dioc.,par. eccl.,,"113, 286",
10301705,Pattensen,,Minden. dioc.,par. eccl.,,346,
10301705,Pattensen,,Minden. dioc.,,archidiacon.,346,
10301706,Pavia,Pavien.,,eccl.,can.,76,
10301707,Pawlowice,Pawlowicze,Poznan. dioc.,par. eccl.,,338,
10301708,Pawlowo,Paulowo,Gnezn. dioc.,par. eccl.,,338,
10301709,Pegau,Pegauia,Merseb. dioc.,par. eccl.,,386,
10301710,Pegelow,Peghelow,Camin. dioc.,par. eccl.,,144,
10301711,Peilenstein,Peylenstayn,Aquil. dioc.,par. eccl.,,"24, 125",
10301712,Peine,Peyne,Hildesem. dioc.,par. eccl.,,264,
10301713,"Peisern, Pyzdry",Piseri,Poznan. dioc.,capel. s. Crucis e. m.,,293,
10301714,Pels,,Salzb. dioc.,par. eccl.,,78,
10301720,Perlach,,Frising. dioc.,par. eccl. s. Michaelis,,323,
10301721,Perleberg,Parleberge,Havelb. dioc.,par. eccl.,,"118, 142",
10301723,Perugia,Perusin.,,,domic.,21,
10301725,Petersberg,Mons sancti Petri,Frising. dioc.,eccl. s. Petri,prepos.,15,
10301728,Peuerbach,Pewrbach,Patav. dioc.,par. eccl.,,"290, 316",
10301732,Pfaffenhofen,Phaffenhouen,August. dioc.,par. eccl.,,"26, 293",
10301733,Pfaffenschlag,Phaffenslag,Patav. dioc.,capel. s. Wolfgangi,,320,
10301734,Pfaffing,Weglastorf al. Pfaffing,Patav. dioc.,par. eccl.,,339,
10301735,Pfäffing,Pheffing,Patav. dioc.,par. eccl.,,151,
10301736,Pfaffmünster,Monasteriumclericorum,Ratisp. dioc.,eccl. s. Tiburtii,prep. et capit.,234,
10301736,Pfaffmünster,Monasteriumclericorum,Ratisp. dioc.,eccl. s. Tiburtii,can.,"40, 110",
10301737,Pfarrkirchen,Pharkirchen,Patav. dioc.,par. eccl.,,"94, 128",
10301738,Pfeffingen,,Basil. dioc.,par. eccl.,,252,
10301739,Pferdtingsleben,Perdingesleibin,Ma-gunt. dioc.,par. eccl.,,135,
10301740,Pfin,Phin,Const. dioc.,par. eccl.,,233,
10301741,Pforta,Porta,Nuemb. dioc.,mon. Cist. ord.,abb.,"81, 281",
10301741,Pforta,Porta,Nuemb. dioc.,mon. Cist. ord.,conv.,281,
10301747,Piacenza,Placentin.,,,ep.,"69, 78, 114, 272, 340",
10301747,Piacenza,Placentin.,,hosp. paup.,,78,
10301748,Piber,"Periber, Pyber",Seccov. dioc.,par. eccl. s. Andree,,"152, 215, 258, 389",
10301749,S. Pietro,s. Petri ultra Ysontium (Isonzo),Aquil. dioc.,par. eccl.,,278,
10301751,Pinka,Pincha,Salzb. dioc.,,flumen,324,
10301752,Pinkau,"Pucinaw, Pucinen.",Salzb. dioc.,par. eccl.,,"323, 324",
10301752,Pinkau,"Pucinaw, Pucinen.",Salzb. dioc.,,silva,324,
10301753,Piotrkow,Piotrkowia,Gnezn. dioc.,,plebanus,309,
10301755,Pisa,,,,concilium,"8, 16, 29, 39, 105, 171, 191, 239, 308, 336",
10301755,Pisa,,,,doctor,62,
10301755,Pisa,,,,civit.,141,
10301757,Pistoja,Pistorien.,,eccl.,archidiacon.,63,
10301757,Pistoja,Pistorien.,,,dioc.,336,
10301757,Pistoja,Pistorien.,,,opid.,321,
10301758,Pitschen,Pitzcin,Wratisl. dioc.,par. eccl.,,113,
10301758,Pitschen,Pitzcin,Wratisl. dioc.,capel. s. Hedwigis,,113,
10301761,Plass,Plas,Prag. dioc.,par. eccl. mon. Cist. ord.,,117,
10301762,Plassenburg,Plassenborg,Bamberg. dioc.,capel. in castrum,,103,
10301763,Plattling,Pladling[en],Ratisp. dioc.,par. eccl.,,"110, 210",
10301764,Plittersdorf,"Blidersdorff, Blittersdorf",Argent. dioc.,,villa,"64, 333",
10301765,Plock,Plocen.,,,ep.,133,
10301765,Plock,Plocen.,,eccl.,dign.,338,
10301765,Plock,Plocen.,,eccl.,can.,"69, 232, 338",
10301765,Plock,Plocen.,,mon. b. Marie Magdalene Prem. ord.,prepos.,"5, 24",
10301765,Plock,Plocen.,,,presb.,102,
10301765,Plock,Plocen.,,,cler.,"5, 46, 244",
10301765,Plock,Plocen.,,,dioc.,338,
10301766,Plön,Ploen,Lubic. dioc.,,opid.,266,
10301767,Poditz,Bodicz,Aquil. dioc.,par. eccl. b. Margarete,,170,
10301768,Poel,Pole,Lubic. dioc.,par. eccl.,,154,
10301769,Polen,Polonia,,,rex,"5, 17, 46, 49, 69, 102, 133, 244, 272, 285, 289, 314, 332, 338, 357, 369",
10301769,Polen,Polonia,,,regina,288,
10301769,Polen,Polonia,,,regnum,"17, 21, 22, 51, 63, 67, 82, 261, 266, 277, 285, 386, 399",
10301770,Polling,Polngen,August. dioc.,mon. o. s. A.,prepos.,303,
10301771,Pomesanien,Pomezaniën.,,,ep. (el.),"19, 60, 270, 277, 293",
10301771,Pomesanien,Pomezaniën.,,eccl.,dign.,338,
10301771,Pomesanien,Pomezaniën.,,eccl.,can.,"19, 284, 338",
10301771,Pomesanien,Pomezaniën.,,eccl.,capit.,"19, 60, 277, 293",
10301771,Pomesanien,Pomezaniën.,,,cler.,"63, 293",
10301771,Pomesanien,Pomezaniën.,,,mil.,293,
10301772,Pommern,Pomerania,,,dux,"8, 9",
10301773,Ponigl,Ponikel,Aquil. dioc.,par. eccl. s. Martini,,"170, 321",
10301774,Pont-à-Mousson,Ponsmontionis al. Leodien.,Meten. dioc.,dom. s. Antonii o. s. A.,preceptor.,"60, 321",
10301778,Porto,Portuen.,,,ep.,"56, 108, 169, 184, 351",
10301779,Posen,Poznaniën.,,,ep. (el.),"39, 43, 49, 102, 103, 133, 198, 243, 249, 273, 288, 294, 307, 314, 338, 341, 366, 396, 398",
10301779,Posen,Poznaniën.,,,vic. episc.,"43, 249",
10301779,Posen,Poznaniën.,,,mensa episc.,"37, 49, 199",
10301779,Posen,Poznaniën.,,eccl.,prepos.,"43, 321, 341",
10301779,Posen,Poznaniën.,,eccl.,decan.,308,
10301779,Posen,Poznaniën.,,eccl.,cantor.,"43, 341",
10301779,Posen,Poznaniën.,,eccl.,can.,"39, 43, 49, 198, 222, 249, 282, 283, 294, 303, 307, 308, 309, 314, 333, 338, 397, 398",
10301779,Posen,Poznaniën.,,eccl.,capit.,"49, 199, 294, 321, 396",
10301779,Posen,Poznaniën.,,eccl.,vic.,"282, 283",
10301779,Posen,Poznaniën.,,eccl.,alt.,"243, 309, 341",
10301779,Posen,Poznaniën.,,par. eccl. s. Marie Magdalene,,282,
10301779,Posen,Poznaniën.,,,presb.,"69, 114",
10301779,Posen,Poznaniën.,,,cler.,63,
10301779,Posen,Poznaniën.,,,subcollect.,283,
10301779,Posen,Poznaniën.,,,scolar.,304,
10301779,Posen,Poznaniën.,,,mil.,332,
10301779,Posen,Poznaniën.,,,domic.,375,
10301779,Posen,Poznaniën.,,,com. palat.,332,
10301781,Pössneck,Pesznig,Magunt. dioc.,par. eccl.,,334,
10301785,Prag,,,,aep.,"41, 98, 218, 353, 364",
10301785,Prag,,,eccl.,prepos.,17,
10301785,Prag,,,eccl.,custod.,20,
10301785,Prag,,,eccl.,archidiacon.,284,
10301785,Prag,,,eccl.,dign.,"20, 308",
10301785,Prag,,,eccl.,can.,"20, 41, 48, 49, 98, 142, 247, 308",
10301785,Prag,,,eccl.,capit.,"41, 218, 353",
10301785,Prag,,,eccl.,alt.,"240, 352",
10301785,Prag,,,eccl. s. Appollinaris,can.,251,
10301785,Prag,,,eccl. Omniumsanctorum in castro,decan.,334,
10301785,Prag,,,capel. s. Mauritii in castro,,20,
10301785,Prag,,,mon. s. Georgii o. s. B. in castro,benef.,58,
10301785,Prag,,,mon. Strahouien. e. m.,abb.,9,
10301785,Prag,,,studium,,"58, 164, 334, 375, 385",
10301785,Prag,,,,presb.,"49, 190, 294, 313",
10301785,Prag,,,,cler.,286,
10301785,Prag,,,,provincia,"223, 365",
10301785,Prag,,,,dioc.,"17, 20, 99, 218",
10301785,Prag,,,,legatus,306,
10301785,Prag,,,,nuntius,364,
10301785,Prag,,,,armig.,385,
10301785,Prag,,,,mil.,149,
10301785,Prag,,,,baron.,30,
10301787,Praunheim,Prumheym,Magunt. dioc.,par. eccl.,,203,
10301788,Preetz,Pretz,Lubic. dioc.,mon. o. s. B.,monial.,177,
10301789,Premontré,Premonstraten.,Laudun. dioc.,mon. Prem. ord.,abb.,76,
10301791,Prenzlau,Prem sloen.,Camin. dioc.,par. eccl.,,361,
10301793,Preussen,Prusia,,,,"51, 63, 67, 70, 266, 272, 285, 322, 367, 369",
10301794,Prien,,Chiem. dioc.,par. eccl.,,160,
10301796,Priment,Przemanth,Poznan. dioc.,par. eccl. s. Andree,,357,
10301796,Priment,Przemanth,Poznan. dioc.,,civit.,357,
10301798,Prüll,Pruel,Ratisp. dioc.,mon. s. Viti o. s. B.,abb.,125,
10301799,Prüm,Prumien.,Trev. dioc.,mon. o. s. B.,abb.,346,
10301810,Putten,,Traiect. dioc.,par. eccl.,,390,
10301812,Pyhrn,Pirmons,Patav. dioc.,par. eccl. s. Marie hospit.,,264,
10301814,Quakenbrück,Quakenbrugghe,Osnab. dioc.,eccl.,vic.,64,
10301815,Quedlinburg,"Quedeleborghe, Quedelingborch",Halberst. dioc.,eccl. secul. s. Seruacii,abbat. et capit.,322,
10301815,Quedlinburg,"Quedeleborghe, Quedelingborch",Halberst. dioc.,eccl. secul. s. Seruacii,vic.,282,
10301819,Raab,Rab,Patav. dioc.,par. eccl.,,97,
10301819,Raab,Rab,Salzb. dioc.,par. eccl. s. Ruperti,,146,
10301821,Rade,,Colon. dioc.,capel.,,241,
10301822,Radomierz,Magna Radomirz,Poznan. dioc.,,villa,357,
10301823,Radomsk,Radomske,Gnezn. dioc.,,civit.,358,
10301824,Raede,? Sgrauenraade,Traiect. dioc.,par. eccl.,,26,
10301825,Rambach,Vfderambach,Magunt. dioc.,capel. s. Alexii,,68,
10301826,Ramelsloh,Ramesloen.,Bremen. dioc.,eccl.,prep. et capit.,"322, 323",
10301826,Ramelsloh,Ramesloen.,Bremen. dioc.,eccl.,can.,236,
10301826,Ramelsloh,Ramesloen.,Bremen. dioc.,eccl.,alt.,286,
10301827,Ramersdorf,Ramelstorff,Frising. dioc.,,filial. eccl. b. Marie Virg.,323,
10301828,Ramsau,Romsow,Frising. dioc.,dom. ord. Herem.,,125,
10301831,Ransdorp,Randorp,Traiect. dioc.,par. eccl.,,347,
10301833,Ratibor,,Wratisl. dioc.,par. eccl.,,191,
10301833,Ratibor,,Wratisl. dioc.,,dux,191,
10301833,Ratibor,,Wratisl. dioc.,,civit.,191,
10301834,Ratingen,Ratinghen,Colon. dioc.,par. eccl.,,171,
10301836,Ratzeburg,Razeburgen.,,,ep.,"172, 272, 275, 289, 312",
10301836,Ratzeburg,Razeburgen.,,eccl. (Prem. ord.),prior,172,
10301836,Ratzeburg,Razeburgen.,,eccl. (Prem. ord.),prepos.,"172, 235",
10301836,Ratzeburg,Razeburgen.,,eccl. (Prem. ord.),decan.,172,
10301836,Ratzeburg,Razeburgen.,,eccl. (Prem. ord.),can.,"9, 76, 77",
10301836,Ratzeburg,Razeburgen.,,eccl. (Prem. ord.),capit.,"172, 235, 272",
10301836,Ratzeburg,Razeburgen.,,,cler.,"285, 292, 346",
10301836,Ratzeburg,Razeburgen.,,,laici,"74, 134, 284, 351",
10301837,Raubach,Ruboch,Magunt. dioc.,par. eccl.,,292,
10301838,Raunheim,Ruwenheim,Magunt. dioc.,par. eccl.,,"315, 316, 398",
10301839,Rauschau,Rawsaw,Wratisl. dioc.,par. eccl.,,323,
10301840,Ravensburg,Rauenspurg,Const. dioc.,par. eccl. b. Marie,,"95, 96, 360",
10301841,Recklinghausen,Rellinchusen,Colon. dioc.,eccl.,prep. et capit.,103,
10301842,Rees,Reyssen.,Colon. dioc.,eccl. b. Marie,prepos.,"12, 372",
10301842,Rees,Reyssen.,Colon. dioc.,eccl. b. Marie,can.,"63, 346, 395",
10301844,Regen,,Patav. dioc.,par. eccl.,,187,
10301845,Regensburg,Ratisponen.,,,ep. (el.),"5, 27, 39, 40, 47, 87, 93, 110, 121, 185, 193, 234, 323, 328, 360, 395",
10301845,Regensburg,Ratisponen.,,,vic. in spirit.,401,
10301845,Regensburg,Ratisponen.,,eccl.,decan.,230,
10301845,Regensburg,Ratisponen.,,eccl.,scholast.,"27, 121",
10301845,Regensburg,Ratisponen.,,eccl.,dign.,311,
10301845,Regensburg,Ratisponen.,,eccl.,can.,"5, 27, 53, 75, 121, 183, 184, 185, 230, 238, 311, 367",
10301845,Regensburg,Ratisponen.,,eccl.,capit.,"40, 230, 323, 360",
10301845,Regensburg,Ratisponen.,,eccl.,diacon. chori,354,
10301845,Regensburg,Ratisponen.,,eccl.,alt. (capel.),"184, 193, 200",
10301845,Regensburg,Ratisponen.,,eccl. s. Johannis,can.,"40, 106, 230",
10301845,Regensburg,Ratisponen.,,eccl. b. Marie Veteriscapelle,prepos.,"88, 121, 184, 193, 323, 340",
10301845,Regensburg,Ratisponen.,,eccl. b. Marie Veteriscapelle,decan.,331,
10301845,Regensburg,Ratisponen.,,eccl. b. Marie Veteriscapelle,can.,"39, 56, 86, 200, 207, 331, 366",
10301845,Regensburg,Ratisponen.,,eccl. b. Marie Veteriscapelle,capit.,331,
10301845,Regensburg,Ratisponen.,,eccl. b. Marie Veteriscapelle,alt.,"48, 206",
10301845,Regensburg,Ratisponen.,,par. eccl. s. Emerami,,328,
10301845,Regensburg,Ratisponen.,,par. eccl. s. Ruperti,,385,
10301845,Regensburg,Ratisponen.,,mon. s. Emerami o. s. B.,abb. et conv.,"39, 210, 328",
10301845,Regensburg,Ratisponen.,,mon. s. Jacobi Scotorum,,"98, 102",
10301845,Regensburg,Ratisponen.,,mon. s. Jacobi Scotorum,monach.,102,
10301845,Regensburg,Ratisponen.,,mon. Inferiorismonasterii o. s. B.,abb. et conv.,"39, 93, 206",
10301845,Regensburg,Ratisponen.,,mon. Inferiorismonasterii o. s. B.,alt. in eccl.,206,
10301845,Regensburg,Ratisponen.,,mon. s. Pauli o. s. B.,abb. et conv.,39,
10301845,Regensburg,Ratisponen.,,mon. Superiorismonasterii o. s. B.,,323,
10301845,Regensburg,Ratisponen.,,mon. Superiorismonasterii o. s. B.,abb. et conv.,39,
10301845,Regensburg,Ratisponen.,,mon. Superiorismonasterii o. s. B.,summissaria,200,
10301845,Regensburg,Ratisponen.,,priorat. Consecratisanctipetri o. s. B. e. m.,,98,
10301845,Regensburg,Ratisponen.,,priorat. Consecratisanctipetri o. s. B. e. m.,prior,98,
10301845,Regensburg,Ratisponen.,,,presb.,"88, 161, 200, 222, 328, 354, 360, 367, 385, 395, 401",
10301845,Regensburg,Ratisponen.,,,cler.,"93, 106, 149, 210, 234, 284, 331, 367, 376, 385",
10301845,Regensburg,Ratisponen.,,,armig.,350,
10301845,Regensburg,Ratisponen.,,,mil. et domic.,"304, 395",
10301845,Regensburg,Ratisponen.,,,laici,286,
10301846,Reichenau,Augia maior,Const. dioc.,mon. o. s. B.,abb.,"8, 329, 371",
10301846,Reichenau,Augia maior,Const. dioc.,mon. o. s. B.,conv.,371,
10301849,Reichenbach,Richenbach,Magunt. dioc.,par. eccl.,,108,
10301849,Reichenbach,Richenbach,Misn. dioc.,eccl.,alt.,324,
10301849,Reichenbach,,Ratisp. dioc.,mon. Prem. ord.,abb. et conv.,39,
10301849,Reichenbach,,Ratisp. dioc.,mon. Prem. ord.,monach.,47,
10301850,Reichenfels,,Salzb. dioc.,par. eccl.,,152,
10301851,Reichersberg,Reichersperg,Patav. dioc.,mon. o. s. A.,,323,
10301852,Reifferscheid,Reyferscheit,Colon. dioc.,,baron.,63,
10301853,Reims,Remen.,,eccl.,scolast.,212,
10301853,Reims,Remen.,,eccl.,can.,"166, 212",
10301853,Reims,Remen.,,mon. s. Remigii o. s. B.,monach.,225,
10301853,Reims,Remen.,,,cler.,316,
10301853,Reims,Remen.,,,provincia,"21, 307",
10301853,Reims,Remen.,,,dioc.,335,
10301854,Rein,Runa,Salzb. dioc.,mon. ord. Pred.,abb.,6,
10301855,Reinbeck,Reynebeke,Bremen. dioc.,mon. o. s. B.,vic. in eccl.,40,
10301856,Reinfeld,Reyneulde,Lubic. dioc.,mon. s. Marie Virg. Cist. ord.,eccl.,326,
10301857,Reinpantz,,? Misn. dioc.,par. eccl.,,92,
10301859,Reissing,Reussingen,Ratisp. dioc.,par. eccl.,,119,
10301863,Remich,,Trev. dioc.,par. eccl.,,166,
10301865,Remiremont,de Romaricomonte,Tul-len. dioc.,mon. s. Petri o. s. B.,abb. et conv.,252,
10301867,St. Remy,,Remen. dioc.,mon. s. Remigii o. s. B.,,298,
10301870,Rengsdorf,? Rempsdorp,Colon. dioc.,par. eccl.,,241,
10301871,Rensefeld,Renseulde,Lubic. dioc.,par. eccl.,,198,
10301875,Reutlingen,"Rudlingna, Rutlingen",Const. dioc.,par. eccl.,,93,
10301875,Reutlingen,"Rudlingna, Rutlingen",Const. dioc.,,opid.,111,
10301876,Reval,Ryual.,,,dioc.,67,
10301882,Rhein,Renus,,,flumen,"179, 333",
10301882,Rhein,Renus,,,comes palat.,"81, 91",
10301883,Rheindorf,Reinsdorp,Colon. dioc.,par. eccl.,,182,
10301884,Rheine,Rene,Monast. dioc.,par. eccl.,,"215, 327",
10301885,Rheinheim,Rinhem,Const. dioc.,par. eccl.,,340,
10301886,Rhodos,Rodus,Colocen. dioc.,eccl. s. Johannis,,10,
10301886,Rhodos,Rodus,Colocen. dioc.,capel. b. Catherine,,"11, 101",
10301887,Rhynern,Ryneren,Colon. dioc.,par. eccl. s. Willibordi,,344,
10301888,Ribnitz,"Ribnis, Ribenitze",Zwerin. dioc.,capel. s. Spiritus,,91,
10301888,Ribnitz,"Ribnis, Ribenitze",Zwerin. dioc.,mon. o. s. Clare,,61,
10301890,Ried,"Ryet, Ret al. Czel",Eystet. dioc.,par. eccl.,,92,
10301891,Riedern,Rider,Const. dioc.,mon. o. s. A.,can.,312,
10301892,Riga,,,,aep.,189,
10301892,Riga,,,,cler.,399,
10301892,Riga,,,,collector,"66, 194, 226, 267",
10301892,Riga,,,,subcollect.,148,
10301893,Rijnsburg,"Reynborch, Reynsburch",Traiect. dioc.,mon. o. s. B.,abb. et conv.,"58, 336",
10301894,Rimini,Arimin.,,,civit.,13,
10301895,Ringleben,"Rinckeleibin, Rangleibin, Ringleidin",Magunt. dioc.,par. eccl.,,"339, 343, 344",
10301897,Rinkerode,Rinkenrade,Monast. dioc.,par. eccl.,,156,
10301898,Ripen,,,,ep.,307,
10301898,Ripen,,,eccl.,prepos.,48,
10301898,Ripen,,,eccl.,can.,48,
10301898,Ripen,,,hosp. paup.,,48,
10301898,Ripen,,,,dioc.,140,
10301899,Ristelbach,,Bamberg. dioc.,par. eccl. s. Jacobi,,159,
10301903,Rodenberg,Rodemberg,Magunt. dioc.,eccl. b. Marie,can.,394,
10301903,Rodenberg,Rodemberg,Magunt. dioc.,eccl. b. Marie,vic.,243,
10301906,Roermund,Ruremunden.,Leod. dioc.,eccl. s. Spiritus,prepos.,176,
10301906,Roermund,Ruremunden.,Leod. dioc.,eccl. s. Spiritus,scholast.,176,
10301906,Roermund,Ruremunden.,Leod. dioc.,eccl. s. Spiritus,can.,176,
10301907,Roeskilde,Roskilden.,,,ep.,124,
10301907,Roeskilde,Roskilden.,,,mensa episc.,124,
10301907,Roeskilde,Roskilden.,,,cler.,323,
10301907,Roeskilde,Roskilden.,,,dioc.,140,
10301907,Roeskilde,Roskilden.,,,laici,74,
10301908,Rohitsch,"Rohacz, Rochatz",Aquil. dioc.,par. eccl. s. Crucis,,"170, 228",
10301909,Rohrbach,"Rorbach, Rorenbach",Patav. dioc.,par. eccl. s. Michaelis,,"26, 200, 327, 359",
10301910,Rohrdorf,Rordorf,Const. dioc.,par. eccl.,,59,
10301911,Rom,"Roma, Vrbs",,eccl. s. Marie maioris,can.,336,
10301911,Rom,"Roma, Vrbs",,eccl. ss. Petri et Pauli,,305,
10301911,Rom,"Roma, Vrbs",,mon. s. Pauli e. m.,,306,
10301911,Rom,"Roma, Vrbs",,mon. s. Pauli e. m.,monach.,299,
10301911,Rom,"Roma, Vrbs",,,priorat. s. Johannes Ierosol.,53,
10301911,Rom,"Roma, Vrbs",,hosp. paup. b. Marie de Anima Theutonicorum,,362,
10301911,Rom,"Roma, Vrbs",,hosp. paup. in Arenula,,212,
10301911,Rom,"Roma, Vrbs",,,domus,25,
10301911,Rom,"Roma, Vrbs",,,civit.,"81, 87, 207, 288, 307, 336",
10301913,Römhild,Altenromhilt,Herbipol. dioc.,capel. s. Petri,,154,
10301917,Rosazzo,"Rassacen., Rosacen.",Aquil. dioc.,mon. s. Petri,,39,
10301919,Rossdorf,"Rostorf, Rustorf",Magunt. dioc.,dom. s. Antonii,precept.,"21, 25, 176, 222, 228, 308, 310, 327",
10301919,Rossdorf,"Rostorf, Rustorf",Magunt. dioc.,dom. s. Antonii,can.,"16, 176, 222, 327",
10301919,Rossdorf,"Rostorf, Rustorf",Magunt. dioc.,dom. s. Antonii,vic. in eccl.,228,
10301921,Rossthal,Rostal,Herbipol. dioc.,par. eccl.,,126,
10301922,Rostock,"Rostoknen., Rostoccen.",Zwerin. dioc.,,archidiacon.,"160, 224, 283",
10301923,Roth,"Rot, Munichroet, Minchrot",Const. dioc.,par. eccl.,,32,
10301923,Roth,"Rot, Munichroet, Minchrot",Const. dioc.,mon. Prem. ord.,,261,
10301923,Roth,"Rot, Munichroet, Minchrot",Const. dioc.,mon. Prem. ord.,abb. et conv.,"188, 257",
10301924,Rothenburg,"Rottenburg, Rotemburg",Const. dioc.,par. eccl.,,297,
10301925,Rotterdam,Roterdam,Traiect. dioc.,par. eccl.,,"26, 180",
10301926,Rottweil,Rotwil,Const. dioc.,capel. Gloriose Marie Virg.,,328,
10301926,Rottweil,Rotwil,Const. dioc.,,"curia et par. eccl. in Arnoldshof (Arnoleshoff, Arnoltzhoff)",328,
10301926,Rottweil,Rotwil,Const. dioc.,,judicium imper.,111,
10301926,Rottweil,Rotwil,Const. dioc.,,civit.,328,
10301927,Rouen,Rothomag.,,,provincia,21,
10301928,Rozmiszewo,,Poznan. dioc.,par. eccl.,,26,
10301931,Ruda,,Gnezn. dioc.,eccl. s. Marie,can.,37,
10301932,Rüdesheim,"Rudensheim, Rudeshem",Magunt. dioc.,par. eccl.,,"100, 116, 117, 120",
10301934,Ruette,Rutten,Leod. dioc.,eccl. s. Marie,can.,7,
10301935,Ruffach,Rubiacum,Basil. dioc.,mon. s. Valentini o. s. B.,prior,"219, 313",
10301936,Rügheim,Rughem,Herbipol. dioc.,par. eccl.,,302,
10301937,Ruhldorf,"wüst in Hessen, Rodolfftorff",Magunt. dioc.,capel.,,288,
10301941,St. Rupert,prope Sauam [Save],Aquil. dioc.,par. eccl. s. Ruperti,,"46, 242",
10301942,Ruppin,,Havelb. dioc.,,prepos. ruralis,239,
10301944,Russbach,Ruspach,Patav. dioc.,par. eccl. s. Valentini,,"153, 245, 401",
10301945,Russland,Russia,,,,47,
10301946,Rusteberg,,Magunt. dioc.,,castrum,296,
10301948,Rüti,"Ruiti, Ruthin",Const. dioc.,mon. Prem. ord.,,331,
10301951,Rüttgen,Rutghen,Meten. dioc.,capel. ultima in castro,,283,
10301956,Rzeszotarzow,"Rzesotarzowo, Rizessotharzow",Gnezn. dioc.,par. eccl. s. Andree,,"232, 338",
10301957,Saar,Sora,Argent. dioc.,,flumen,179,
10301958,Saarburg,Sarburgum,Meten. dioc.,,archidiacon. ruralis,80,
10301959,Sabina,Sabinen.,,,ep.,"173, 240, 274, 298",
10301960,Sachsen,Saxonia,,,provincia ord. Montecarmelit.,332,
10301960,Sachsen,Saxonia,,,dux,"40, 146, 192, 270, 295, 329, 335",
10301960,Sachsen,Saxonia,,,ducissa,"329, 335",
10301960,Sachsen,Saxonia,,,com. palat.,13,
10301960,Sachsen,Saxonia,,,dominium,"266, 329",
10301961,Säckingen,"Sekingen, Selkinghen",Const. dioc.,eccl.,abbat.,361,
10301961,Säckingen,"Sekingen, Selkinghen",Const. dioc.,eccl.,decan.,155,
10301961,Säckingen,"Sekingen, Selkinghen",Const. dioc.,eccl.,can.,"94, 155",
10301961,Säckingen,"Sekingen, Selkinghen",Const. dioc.,eccl.,capit.,"155, 361",
10301962,Sagan,"Saganum, Sagona",Wratisl. dioc.,mon. s. Marie o. s. A.,,26,
10301962,Sagan,"Saganum, Sagona",Wratisl. dioc.,,dux,192,
10301963,Salem,,Const. dioc.,mon. Cist. ord.,abb. et conv.,89,
10301963,Salem,,Const. dioc.,mon. Cist. ord.,monach.,196,
10301965,Sallern,"Saller, Saler",Ratisp. dioc.,par. eccl.,,230,
10301967,Salzburg,"Salzeburg., Salseburg., Saltzeburg Saresburgh [?]",,,aep.,"11, 22, 46, 58, 89, 103, 112, 129, 150, 151, 209, 223, 238, 324, 333, 339, 364, 365",
10301967,Salzburg,"Salzeburg., Salseburg., Saltzeburg Saresburgh [?]",,eccl.,,323,
10301967,Salzburg,"Salzeburg., Salseburg., Saltzeburg Saresburgh [?]",,eccl.,capit.,"58, 112, 150, 151, 339",
10301967,Salzburg,"Salzeburg., Salseburg., Saltzeburg Saresburgh [?]",,capel. s. Andree,,"22, 26",
10301967,Salzburg,"Salzeburg., Salseburg., Saltzeburg Saresburgh [?]",,,presb.,"112, 129, 146, 211, 260, 262, 287, 291, 352, 353",
10301967,Salzburg,"Salzeburg., Salseburg., Saltzeburg Saresburgh [?]",,,cler.,"9, 17, 30, 46, 48, 61, 78, 146, 161, 205, 227, 234, 238, 275, 375",
10301967,Salzburg,"Salzeburg., Salseburg., Saltzeburg Saresburgh [?]",,,provincia,"119, 223, 365",
10301967,Salzburg,"Salzeburg., Salseburg., Saltzeburg Saresburgh [?]",,,dioc.,146,
10301967,Salzburg,"Salzeburg., Salseburg., Saltzeburg Saresburgh [?]",,,legatus,306,
10301967,Salzburg,"Salzeburg., Salseburg., Saltzeburg Saresburgh [?]",,,nuntius,364,
10301967,Salzburg,"Salzeburg., Salseburg., Saltzeburg Saresburgh [?]",,,collector,365,
10301967,Salzburg,"Salzeburg., Salseburg., Saltzeburg Saresburgh [?]",,,subcollect.,278,
10301967,Salzburg,"Salzeburg., Salseburg., Saltzeburg Saresburgh [?]",,,offic.,"22, 275",
10301967,Salzburg,"Salzeburg., Salseburg., Saltzeburg Saresburgh [?]",,,armig.,"54, 74, 110, 128, 277, 290, 335",
10301967,Salzburg,"Salzeburg., Salseburg., Saltzeburg Saresburgh [?]",,,mil.,"61, 363",
10301967,Salzburg,"Salzeburg., Salseburg., Saltzeburg Saresburgh [?]",,,domic.,261,
10301967,Salzburg,"Salzeburg., Salseburg., Saltzeburg Saresburgh [?]",,,opid.,"22, 363",
10301967,Salzburg,"Salzeburg., Salseburg., Saltzeburg Saresburgh [?]",,,laici,"78, 90, 107, 232",
10301967,Salzburg,"Salzeburg., Salseburg., Saltzeburg Saresburgh [?]",,,civit.,259,
10301968,Sambach,Sampach,Magunt. dioc.,par. eccl.,,211,
10301970,Samland,Sambien.,,,el.,163,
10301970,Samland,Sambien.,,eccl.,,164,
10301970,Samland,Sambien.,,,cler.,"42, 125",
10301970,Samland,Sambien.,,,opid.,202,
10301984,"Sandomirz, Sendomir",Sandomirien.,Cracov. dioc.,eccl.,can.,338,
10301985,Saneyeum,,? Meten. dioc.,par. eccl.,,294,
10301986,Sanskau,Sanczkowo,Poznan. dioc.,,villa,357,
10301987,Sarau,Zarow,Lubic. dioc.,par. eccl.,,148,
10301990,Sarepta,,,,ep.,363,
10301992,Sarleinsbach,? Scherlempach,Patav. dioc.,capel. b. Marie,,364,
10301993,Sarnthein,Sarentina,Trident. dioc.,par. eccl. s. Marie,,138,
10301994,Sarstedt,Tzerstede,Hildesem. dioc.,,archidiacon.,264,
10301995,Sasbach,Saspach,Const. dioc.,par. eccl.,,"97, 227",
10302000,Schaleck,Schalach,Aquil. dioc.,par. eccl.,,"24, 125",
10302001,Scharrachbergheim,Scharrochbergheim,Argent. dioc.,par. eccl.,,371,
10302002,Scheessel,Scheslo,Verden. dioc.,,archidiacon.,44,
10302003,Scheiern,"Scheyrn, Scheyren",Frising. dioc.,mon. o. s. B.,,"7, 26, 245",
10302005,Scherzheim,"Schertzheim, Scerzheim",Argent. dioc.,par. eccl.,,"200, 341",
10302006,Schienen,Sinna,Const. dioc.,par. eccl.,,26,
10302006,Schienen,Sinna,Const. dioc.,mon. o. s. B.,,26,
10302007,Schildesche,Schildessche,Padeb. dioc.,eccl.,prepos.,400,
10302007,Schildesche,Schildessche,Padeb. dioc.,eccl.,diacon.,400,
10302008,Schkeuditz,Schudicz,Merseb. dioc.,par. eccl.,,346,
10302009,Schlägl,Plaga,Patav. dioc.,mon. s. Marie Prem. ord.,,26,
10302010,Schlesien,"Silesia, Slesia, Slezia",,,dux,"50, 81, 82, 192, 232, 260, 286, 392",
10302010,Schlesien,"Silesia, Slesia, Slezia",,,ducissa,"81, 192",
10302011,Schleswig,Sleswicen.,,,ep.,"48, 190",
10302011,Schleswig,Sleswicen.,,eccl.,archidiacon.,11,
10302011,Schleswig,Sleswicen.,,eccl.,can.,"11, 48",
10302011,Schleswig,Sleswicen.,,,dioc.,140,
10302011,Schleswig,Sleswicen.,,,collector,"190, 194, 226",
10302011,Schleswig,Sleswicen.,,,subcollect.,236,
10302011,Schleswig,Sleswicen.,,,dux,60,
10302011,Schleswig,Sleswicen.,,,ducissa,190,
10302011,Schleswig,Sleswicen.,,,armig.,"113, 190, 337",
10302011,Schleswig,Sleswicen.,,,mil.,"143, 190, 337",
10302011,Schleswig,Sleswicen.,,,ducatus,337,
10302012,Schlettstadt,Sletzstad,Argent. dioc.,par. eccl.,,202,
10302013,Schlicht,Slucht,Ratisp. dioc.,par. eccl.,,"75, 86",
10302014,Schliersee,Sliers,Frising. dioc.,eccl. s. Sixti,prepos.,170,
10302015,Schluchsee,Slose,Argent. dioc.,par. eccl.,,64,
10302015,Schluchsee,Slose,Argent. dioc.,mon. o. s. B.,abb. et conv.,64,
10302016,Schmedehausen,Smedehusen [Monast. dioc. ?],,par. eccl.,,151,
10302017,Schnaitsee,Snaitsee,Salzb. dioc.,par. eccl.,,275,
10302018,Schnaittach,Sneytach,Bamberg. dioc.,,canon,61,
10302019,Schnersheim,Snerscheim,Argent. dioc.,par. eccl.,,256,
10302020,Schönberg,Schonenberg,Razel. dioc.,par. eccl.,,312,
10302021,Schöningen,Schoningen,Hildesem. dioc.,capel. b. Marie,,56,
10302022,Schönthal,Schoental,Basil. dioc.,mon. o. s. B. (ord. Serv. s. Marie),,332,
10302023,Schopfheim,Schopfhem,Const. dioc.,par. eccl.,,155,
10302026,Schuttern,Schuttera,Argent. dioc.,mon. o. s. B.,abb. et conv.,333,
10302027,Schwabhausen,Swabenhuse,Magunt. dioc.,par. eccl.,,"150, 151",
10302028,Schwäbisch-Hall,Hall,Herbipol. dioc.,par. eccl. s. Michaelis,,269,
10302029,Schwabstedt,Swauestede,Sleswic. dioc.,eccl.,vic.,375,
10302030,Schwarzach a. M,"Zwarzach, Swartzach",Herbipol. dioc.,mon. o. s. B.,abb.,"80, 281",
10302031,Schwarzach a. Rh,Swartzach,Argent. dioc.,mon. o. s. B.,,341,
10302031,Schwarzach a. Rh,Swartzach,Argent. dioc.,mon. o. s. B.,abb. et conv.,335,
10302032,Schwarzach,Swartzach,Salzb. dioc.,par. eccl. s. Johannis bapt.,,112,
10302033,Schwarzburg,Swartzpurg,,,comes,186,
10302034,Schwarzenberg,Swarczenberg in Siluaprigantina (Bregenzer Wald),Const. dioc.,par. eccl.,,201,
10302035,Schwarzhof,Czarnotzin,Gnezn. dioc.,par. eccl.,,291,
10302037,Schwebenried,Swebriet,Herbipol. dioc.,par. eccl.,,121,
10302038,Schweden,Suecia,,,regnum,"21, 146, 267",
10302039,Schweidnitz,Swidenicz,Wratisl. dioc.,par. eccl. s. Wenceslai,,"18, 186, 276",
10302039,Schweidnitz,Swidenicz,Wratisl. dioc.,capel. s. Laurentii e. m.,,186,
10302040,Schwerin,"Zwerin., Swerin.",,,ep.,"95, 272",
10302040,Schwerin,"Zwerin., Swerin.",,eccl.,prepos.,226,
10302040,Schwerin,"Zwerin., Swerin.",,eccl.,archidiacon.,95,
10302040,Schwerin,"Zwerin., Swerin.",,eccl.,decan.,"172, 330",
10302040,Schwerin,"Zwerin., Swerin.",,eccl.,can.,"32, 91, 160, 172, 226, 256, 283, 390",
10302040,Schwerin,"Zwerin., Swerin.",,eccl.,capit.,"95, 272",
10302040,Schwerin,"Zwerin., Swerin.",,eccl.,vic.,235,
10302040,Schwerin,"Zwerin., Swerin.",,,presb.,"145, 226",
10302040,Schwerin,"Zwerin., Swerin.",,,cler.,"144, 290, 292",
10302040,Schwerin,"Zwerin., Swerin.",,,armig.,"144, 195",
10302040,Schwerin,"Zwerin., Swerin.",,,mil.,144,
10302040,Schwerin,"Zwerin., Swerin.",,,laici,74,
10302041,Schwetz,Zwetzko,Poznan. dioc.,par. eccl.,,63,
10302043,Searbimirzicze,,Gnezn. dioc.,par. eccl.,,294,
10302047,Seefelden,Seulden,Const. dioc.,par. eccl.,,100,
10302048,Seeland,"Zelandia, Zallandia",,,comes,"31, 271",
10302048,Seeland,"Zelandia, Zallandia",,,terra,145,
10302049,Seeon,Sewn,Salzb. dioc.,mon. s. Lamperti o. s. B.,,333,
10302049,Seeon,Sewn,Salzb. dioc.,mon. s. Lamperti o. s. B.,abb.,"110, 334",
10302049,Seeon,Sewn,Salzb. dioc.,mon. s. Lamperti o. s. B.,conv.,110,
10302049,Seeon,Sewn,Salzb. dioc.,mon. s. Lamperti o. s. B.,capel. in ambitu,334,
10302050,Seger,Segoria,,,comes,"118, 170",
10302051,Seitenstetten,Seytensteden,Patav. dioc.,mon. o. s. B.,abb. et conv.,213,
10302052,Seitsch,Cicz,Wratisl. dioc.,par. eccl.,,263,
10302054,Sekkau,Seccow.,,,ep.,182,
10302054,Sekkau,Seccow.,,eccl. o.s.A.,prepos.,359,
10302054,Sekkau,Seccow.,,eccl. o.s.A.,archidiacon.,359,
10302054,Sekkau,Seccow.,,eccl. o.s.A.,can.,359,
10302054,Sekkau,Seccow.,,eccl. o.s.A.,capit.,359,
10302054,Sekkau,Seccow.,,par. eccl. s. Stephani,,333,
10302054,Sekkau,Seccow.,,,armig.,91,
10302055,Selent,Zelente,Lubic. dioc.,eccl.,vic.,375,
10302056,Selz,"Selsz, Salsz",Argent. dioc.,mon. s. Adelheydis o. s. B.,,333,
10302056,Selz,"Selsz, Salsz",Argent. dioc.,mon. s. Adelheydis o. s. B.,abb. et conv.,191,
10302060,Sens,Senon.,,,provincia,21,
10302061,Sensburg,Senasburgh,Gnezn. dioc.,eccl. s. Nicolai,can.,"80, 112",
10302062,Sept,,Basil. dioc.,par. eccl.,,237,
10302063,Serlingoszdorff,,? Argent. dioc.,par. eccl.,,73,
10302065,Sewastopol,Sevastopol.,,,ep.,281,
10302067,Sexau,Sexowe,Const. dioc.,par. eccl.,,43,
10302070,Sidon,Sydonien.,,,ep.,348,
10302071,Siebenbronn,Sunbronnen,August. dioc.,eccl.,primaria,88,
10302071,Siebenbronn,Sunbronnen,August. dioc.,capel. Amatoris Trium Regum,,88,
10302072,Siegberg,"Sibergen., Syberg.",Colon. dioc.,mon. o. s. B.,,313,
10302072,Siegberg,"Sibergen., Syberg.",Colon. dioc.,mon. o. s. B.,abb. et conv.,393,
10302073,Siena,Senen.,,mon. s. Michaelis,abb.,373,
10302073,Siena,Senen.,,,civit.,13,
10302074,Sieradz,Syradia,Gnezn. dioc.,par. eccl.,,283,
10302075,Sierning,Syernick,Patav. dioc.,par. eccl.,,24,
10302077,Sigolsheim,Sigoltzheim,Basil. dioc.,par. eccl.,,236,
10302080,Simbalien,,,,ep.,355,
10302082,Sinnich,Zinnich,Leod. dioc.,mon. o. s. A.,monial.,108,
10302083,Sinzig,Zynsich,Colon. dioc.,par. eccl.,,183,
10302084,Sion bei Morschheim,Syon,Magunt. dioc.,mon. Cist. ord.,benef. in eccl.,"79, 286",
10302085,Sipperhausen,Syprigehusen,Magunt. dioc.,par. eccl.,,317,
10302086,Sipplingen,,Const. dioc.,par. eccl.,,371,
10302087,Sittard,Zitterden.,Leod. dioc.,eccl.,cantor.,166,
10302087,Sittard,Zitterden.,Leod. dioc.,eccl.,can.,166,
10302087,Sittard,Zitterden.,Leod. dioc.,eccl.,capit.,166,
10302088,Sitten,Sedunen.,,,ep.,370,
10302088,Sitten,Sedunen.,,eccl.,capit.,"333, 370",
10302088,Sitten,Sedunen.,,hosp. paup.,,179,
10302088,Sitten,Sedunen.,,,presb.,241,
10302088,Sitten,Sedunen.,,,collector,370,
10302089,Sittich,Sitich,Aquil. dioc.,mon. Cist. ord.,abb.,"6, 307",
10302090,Slawien,Slauia inferior,,,princeps,"60, 192",
10302097,Smedburg,,Wratisl. dioc.,,advocatus,195,
10302102,Sobotka,Sobothka,Gnezn. dioc.,par. eccl.,,199,
10302103,Soest,"Susacien., Susazien., Suzacien.",Colon. dioc.,eccl. s. Patrocli,prepos.,"12, 241",
10302103,Soest,"Susacien., Susazien., Suzacien.",Colon. dioc.,eccl. s. Patrocli,can.,"27, 159, 162",
10302103,Soest,"Susacien., Susazien., Suzacien.",Colon. dioc.,eccl. s. Patrocli,capel.,"172, 254, 392",
10302104,Soldin,,Camin. dioc.,eccl.,prepos.,86,
10302104,Soldin,,Camin. dioc.,eccl.,can.,86,
10302105,Solec,Solecz,Poznan. dioc.,eccl. filial. s. Adalberti,,102,
,Solothurn,Solodoren.,Lausan. dioc.,eccl. s. Ursi,prepos.,208,
,Solothurn,Solodoren.,Lausan. dioc.,eccl. s. Ursi,can.,208,
10302107,Sömmerda,"Samerde, Maior Somerde",Magunt. dioc.,par. eccl. s. Petri,,"16, 175",
10302108,Sonderhofen,Sunderhofen,Herbipol. dioc.,par. eccl.,,167,
10302109,Sonsbeck,"Sonsbeke, Seckbech, Seck",Colon. dioc.,par. eccl.,,"25, 117, 118",
10302111,Sossmar,Zosserim,Hildesem. dioc.,par. eccl.,,250,
10302112,Spalt,,Eystet. dioc.,eccl. s. Nicolai Nouicolegii,,337,
10302112,Spalt,,Eystet. dioc.,eccl. s. Nicolai Nouicolegii,decan.,"122, 194",
10302112,Spalt,,Eystet. dioc.,eccl. s. Nicolai Nouicolegii,can.,"122, 194",
10302112,Spalt,,Eystet. dioc.,eccl. s. Nicolai Nouicolegii,capit.,194,
10302113,Spanbroek,Spanbroec,Traiect. dioc.,par. eccl.,,232,
10302115,Speier,Spiren.,,,ep.,"8, 271",
10302115,Speier,Spiren.,,eccl.,prepos.,"8, 337",
10302115,Speier,Spiren.,,eccl.,can.,"65, 66, 345",
10302115,Speier,Spiren.,,eccl.,capit.,8,
10302115,Speier,Spiren.,,eccl. s. Germani e. m.,can.,287,
10302115,Speier,Spiren.,,eccl. s. Germani e. m.,capit.,287,
10302115,Speier,Spiren.,,eccl. s. Trinitatis,can.,"108, 134, 205",
10302115,Speier,Spiren.,,eccl. s. Widonis,vic.,73,
10302115,Speier,Spiren.,,capel. s. Christofori,,134,
10302115,Speier,Spiren.,,dom. fr. ord. Pred.,,176,
10302115,Speier,Spiren.,,,cler.,"67, 73, 108, 224, 386, 389, 391, 394",
10302115,Speier,Spiren.,,,dioc.,337,
10302115,Speier,Spiren.,,,subcollect.,391,
10302115,Speier,Spiren.,,,civit.,337,
10302116,Spetilwalt,,Wratisl. dioc.,,silva,281,
10302117,Spicimiersz,Spicimirz,Gnezn. dioc.,par. eccl.,,338,
10302118,Spitz,,Patav. dioc.,par. eccl. s. Mauritii,,337,
10302119,Spohnheim,Spanheim,,,comes,242,
10302120,Srzem,,Poznan. dioc.,,archidiacon.,397,
10302121,Stablo,Stabulen.,Leod. dioc.,mon. s. Remacli o. s. B.,abb. et conv.,145,
10302122,Staddawert,,? Traiect. dioc.,par. eccl.,,337,
10302123,Stade,,Bremen. dioc.,eccl. ss. Cosme et Damiani,vic.,8,
10302123,Stade,,Bremen. dioc.,capel. s. Nicolai,,216,
10302123,Stade,,Bremen. dioc.,capel. s. Spiritus,,72,
10302127,Stams,Stamcz al. Andgardaw,Brixin. dioc.,par. eccl.,,18,
10302127,Stams,Stamcz al. Andgardaw,Brixin. dioc.,mon. s. Johannis Cist. ord.,abb.,191,
10302128,Stargard,"Nouumstargard, Stargardia",Camin. dioc.,eccl. s. Johannis,vic.,105,
10302128,Stargard,"Nouumstargard, Stargardia",Camin. dioc.,eccl. b. Marie et s. Johannis bapt.,vic.,"144, 147",
10302128,Stargard,"Nouumstargard, Stargardia",Camin. dioc.,capel. s. Georgii e. m.,,144,
10302128,Stargard,"Nouumstargard, Stargardia",Camin. dioc.,par. eccl.,,238,
10302128,Stargard,"Nouumstargard, Stargardia",Camin. dioc.,,opid.,144,
10302130,Stedten,Steten.,Magunt. dioc.,capel. s. Wiperti,,149,
10302131,Steenkerke,Steynkerken,Leod. dioc.,par. eccl.,,177,
10302133,Steimke,Stenbeke,Bremen. dioc.,par. eccl.,,175,
10302135,Stein,Stain,Aquil. dioc.,par. eccl. s. Marie,,"242, 321, 337",
10302135,Stein,"Stayn, Stain",Patav. dioc.,par. eccl. s. Nicolai,,"74, 120, 199",
,(Unter-)Steinach,Inferiorsteinach,Bamberg. dioc.,par. eccl.,,99,
10302137,Steinfeld,Steynfelden.,Colon. dioc.,mon. Prem. ord.,abb.,76,
10302138,Steinkirchen,"Steinakirchen, Sthainakirchen",Patav. dioc.,par. eccl.,,"234, 365, 366",
10302141,Stendal,,Halberst. dioc.,eccl. s. Nicolai,,338,
10302141,Stendal,,Halberst. dioc.,eccl. s. Nicolai,prepos.,151,
10302141,Stendal,,Halberst. dioc.,eccl. s. Nicolai,decan.,342,
10302141,Stendal,,Halberst. dioc.,eccl. s. Nicolai,can.,"18, 275, 342, 349",
10302141,Stendal,,Halberst. dioc.,eccl. s. Nicolai,capit.,151,
10302143,Stettin,Stetinen.,Camin. dioc.,eccl. b. Marie,prepos.,361,
10302143,Stettin,Stetinen.,Camin. dioc.,eccl. b. Marie,scholast.,292,
10302143,Stettin,Stetinen.,Camin. dioc.,eccl. b. Marie,can.,"84, 147, 292, 361",
10302143,Stettin,Stetinen.,Camin. dioc.,eccl. b. Marie,capit.,341,
10302143,Stettin,Stetinen.,Camin. dioc.,eccl. b. Marie,vic.,105,
10302143,Stettin,Stetinen.,Camin. dioc.,eccl. s. Ottonis,can.,"135, 361",
10302143,Stettin,Stetinen.,Camin. dioc.,eccl. s. Ottonis,capit.,341,
10302143,Stettin,Stetinen.,Camin. dioc.,par. eccl. s. Jacobi,,84,
10302143,Stettin,Stetinen.,Camin. dioc.,mon. s. Marie Magdalene e. m.,vic. in eccl.,84,
10302143,Stettin,Stetinen.,Camin. dioc.,,dux,"341, 361",
10302143,Stettin,Stetinen.,Camin. dioc.,,opid.,220,
10302146,Stockholm,,,dom. fr. ord. Pred.,,179,
10302147,Stolberg,Stalburg,Misn. dioc.,par. eccl.,,"27, 223",
10302147,Stolberg,Stalburg,Misn. dioc.,,civit.,27,
10302147,Stolberg,Stalburg,Misn. dioc.,,castrum,27,
10302149,Stolpe,Stolp,Camin. dioc.,mon. Cist. ord.,abb. et conv.,85,
10302149,Stolpe,Stolp,Camin. dioc.,,archidiacon.,"65, 237",
10302149,Stolpe,"Stolpen., Yogkrim",Misn. dioc.,eccl.,,28,
10302149,Stolpe,"Stolpen., Yogkrim",Misn. dioc.,par. eccl.,,28,
10302149,Stolpe,"Stolpen., Yogkrim",Misn. dioc.,,castrum,28,
10302151,Stralsund,Sunden.,Lubic. (!) dioc.,nova capel.,,227,
10302152,Strassburg,Argentinen.,,,ep. (el.),"30, 32, 54, 81, 94, 189, 219, 271, 371",
10302152,Strassburg,Argentinen.,,,vic. episc.,94,
10302152,Strassburg,Argentinen.,,,mensa episc.,"54, 81",
10302152,Strassburg,Argentinen.,,eccl.,,54,
10302152,Strassburg,Argentinen.,,eccl.,prepos.,232,
10302152,Strassburg,Argentinen.,,eccl.,decan.,"54, 179",
10302152,Strassburg,Argentinen.,,eccl.,archidiacon.,"179, 203",
10302152,Strassburg,Argentinen.,,eccl.,subcamerar.,367,
10302152,Strassburg,Argentinen.,,eccl.,thesaurar.,329,
10302152,Strassburg,Argentinen.,,eccl.,portarius,203,
10302152,Strassburg,Argentinen.,,eccl.,can.,"123, 179",
10302152,Strassburg,Argentinen.,,eccl.,vic.,"54, 203, 236, 254, 280, 290",
10302152,Strassburg,Argentinen.,,eccl.,choriclerici,54,
10302152,Strassburg,Argentinen.,,eccl.,summisaria chori,93,
10302152,Strassburg,Argentinen.,,eccl.,alt. (capel.),"118, 120, 292",
10302152,Strassburg,Argentinen.,,eccl. s. Petri iunioris,,54,
10302152,Strassburg,Argentinen.,,eccl. s. Petri iunioris,prepos.,"237, 345",
10302152,Strassburg,Argentinen.,,eccl. s. Petri iunioris,decan.,"45, 53",
10302152,Strassburg,Argentinen.,,eccl. s. Petri iunioris,can.,"45, 53, 65, 118, 180, 192, 202, 237, 243, 345",
10302152,Strassburg,Argentinen.,,eccl. s. Petri iunioris,capit.,"53, 237",
10302152,Strassburg,Argentinen.,,eccl. ss. Petri et Michaelis,,54,
10302152,Strassburg,Argentinen.,,eccl. ss. Petri et Michaelis,thesaurar.,340,
10302152,Strassburg,Argentinen.,,eccl. ss. Petri et Michaelis,can.,"74, 236, 292, 340",
10302152,Strassburg,Argentinen.,,eccl. s. Thome,,54,
10302152,Strassburg,Argentinen.,,eccl. s. Thome,prepos.,"54, 68, 72, 92, 150",
10302152,Strassburg,Argentinen.,,eccl. s. Thome,decan.,92,
10302152,Strassburg,Argentinen.,,eccl. s. Thome,cantor.,68,
10302152,Strassburg,Argentinen.,,eccl. s. Thome,can.,"13, 45, 54, 68, 72, 73, 127, 128, 150, 188, 202, 209, 216, 256, 292, 345",
10302152,Strassburg,Argentinen.,,eccl. s. Thome,capit.,"68, 92, 150",
10302152,Strassburg,Argentinen.,,eccl. s. Thome,alt.,"185, 186",
10302152,Strassburg,Argentinen.,,par. eccl.,,54,
10302152,Strassburg,Argentinen.,,par. eccl. s. Nicolai ultra Bruscam (Breusch),,250,
10302152,Strassburg,Argentinen.,,mon. s. Agnetis o. s. B. (o. s. A.),,75,
10302152,Strassburg,Argentinen.,,mon. s. Agnetis o. s. B. (o. s. A.),monial.,143,
10302152,Strassburg,Argentinen.,,mon. s. Clare e. m.,,75,
10302152,Strassburg,Argentinen.,,dom. fr. ord. Min. et Pred.,,54,
10302152,Strassburg,Argentinen.,,,presb.,"237, 250, 256, 335",
10302152,Strassburg,Argentinen.,,,subdiacon.,"200, 237",
10302152,Strassburg,Argentinen.,,,cler.,"74, 118, 150, 186, 202, 209, 216, 219, 340",
10302152,Strassburg,Argentinen.,,,subcollect.,120,
10302152,Strassburg,Argentinen.,,,sigillifer et examinator curie iudicialis,219,
10302152,Strassburg,Argentinen.,,,armig.,143,
10302152,Strassburg,Argentinen.,,,mil.,73,
10302152,Strassburg,Argentinen.,,,domic.,"37, 143",
10302152,Strassburg,Argentinen.,,,laici,"107, 123, 139, 314",
10302152,Strassburg,Argentinen.,,,civit.,337,
10302153,Straubing,"Strawbing, Straubinga",Ratisp. dioc.,,opid.,"91, 304",
10302154,Stromberg,"Stroemberg, Stroemberch",Monast. dioc.,par. eccl.,,246,
10302155,Stuhlfelden,Stulueden,Salzb. dioc.,par. eccl.,,126,
10302156,Sulzbach,Sultzbach,Argent. dioc.,par. eccl.,,200,
,"Sulzberg, Val di Sole","Valsunna, Vallis solis",Trident. dioc.,par. eccl. s. Vigilii,,279,
10302164,Surburg,,Argent. dioc.,eccl. s. Arbogasti (ss. Martini et Erbogasti),prepos.,73,
10302164,Surburg,,Argent. dioc.,eccl. s. Arbogasti (ss. Martini et Erbogasti),decan.,341,
10302164,Surburg,,Argent. dioc.,eccl. s. Arbogasti (ss. Martini et Erbogasti),cellerar.,"13, 127, 128, 219",
10302164,Surburg,,Argent. dioc.,eccl. s. Arbogasti (ss. Martini et Erbogasti),can.,"13, 165",
10302164,Surburg,,Argent. dioc.,eccl. s. Arbogasti (ss. Martini et Erbogasti),capit.,"73, 341",
10302166,Süssenheim,Susenham,Aquil. dioc.,par. eccl. s. Jacobi,,341,
10302167,Susteren,,Leod. dioc.,par. eccl.,,176,
10302167,Susteren,,Leod. dioc.,mon. o. s. B.,can.,176,
10302168,Sutrop,Suttorp,Colon. dioc.,par. eccl.,,176,
10302178,Swine,Swyne,Roskild. dioc.,,insula,124,
10302181,Syburg,Syborch,Colon. dioc.,par. eccl.,,"44, 71",
10302187,Szadek,,Gnezn. dioc.,par. eccl.,,289,
10302190,Tamsweg,"Themswig, Thengwig",Salzb. dioc.,par. eccl.,,297,
10302191,Tangermünde,Tanghermunden.,Halberst. dioc.,eccl. ss. Johannis bapt. et evang.,,342,
10302191,Tangermünde,Tanghermunden.,Halberst. dioc.,eccl. ss. Johannis bapt. et evang.,prepos.,"18, 342",
10302191,Tangermünde,Tanghermunden.,Halberst. dioc.,par. eccl. s. Stephani in suburbio,,"275, 342",
10302194,Teck,Deck,,,dux,"188, 261, 358",
10302194,Teck,Deck,,,ducissa,358,
10302195,Tecklenburg,"Thekennenborch, Tekeneborch",Osnab. dioc.,,cometa,145,
10302195,Tecklenburg,"Thekennenborch, Tekeneborch",Osnab. dioc.,,civit.,220,
,Tegernheim,"Teghneim, Tengernheim",Ratisp. dioc.,par. eccl.,,"240, 323",
10302197,Telfs,,Brixin. dioc.,par. eccl.,,126,
10302198,Tempzin,Tempczin,Zwerin. dioc.,dom. s. Antonii o. s. A.,preceptor.,307,
10302198,Tempzin,Tempczin,Zwerin. dioc.,dom. s. Antonii o. s. A.,can.,307,
10302199,Tengen,Tenginde,Const. dioc.,,baron.,340,
10302201,Tennstedt,Maiortenstede,Magunt. dioc.,par. eccl.,,40,
10302204,Terouane,Morinen.,,,dioc.,127,
10302205,Teschen,Teschinen.,,,dux,69,
10302206,Tettenwang,"Teswang, Tesswang",Ey-stet. dioc.,par. eccl.,,"42, 210",
10302207,Tettingen,Tetengneyo,Trev. dioc.,par. eccl.,,46,
10302209,Thaldorf,Taldorf,Const. dioc.,par. eccl.,,360,
10302210,Thalonien,,,,ep.,58,
10302211,Thannkirchen,Dankirchen,Frising. dioc.,par. eccl.,,354,
10302212,Theben,Thebanen.,,,ep.,360,
10302218,Thermopyle,Termopolen.,,,ep.,360,
10302219,Thierhaupten,Caputferrarum,August. dioc.,mon. o. s. B.,monach.,23,
10302220,Thierstein,Tierstein,Nuemb. dioc.,,castrum,13,
10302222,Tholen,Tolne,Leod. dioc.,eccl. b. Marie,can.,218,
10302223,Thorn,Thoren.,Leod. dioc.,mon. o. s. B.,can.,176,
10302224,Throndanes,,Nidros. dioc.,par. eccl.,,196,
10302225,Thüngenthal,Tungental,Herbipol. dioc.,par. eccl.,,269,
10302228,Thüringen,Thuringia,,,lantgravii,"12, 373",
10302228,Thüringen,Thuringia,,,terra,89,
10302233,Tirol,Trealli,,,com.,"192, 210",
10302234,Tisens,"Tysana, Tysens",Trident. dioc.,par. eccl.,,"226, 250",
10302235,Toggenburg,,,,com.,122,
,Tongern,Tongren.,Leod. dioc.,eccl.,prepos.,303,
,Tongern,Tongren.,Leod. dioc.,eccl.,can.,318,
10302239,Torgau,Torgaw,Misn. dioc.,,baron.,247,
10302241,Toul,Tullen.,,,ep.,"201, 292",
10302241,Toul,Tullen.,,eccl.,decan.,102,
10302241,Toul,Tullen.,,eccl.,can.,"70, 85, 102, 180, 194, 229, 335",
10302241,Toul,Tullen.,,eccl.,capit.,201,
10302241,Toul,Tullen.,,,presb.,"199, 342",
10302241,Toul,Tullen.,,,cler.,"201, 229, 268",
10302241,Toul,Tullen.,,,dioc.,"85, 194, 201, 235, 336, 371",
10302242,Toulouse,Tolosan.,,,aep. et capit. eccl.,336,
10302242,Toulouse,Tolosan.,,,dioc.,"114, 400",
10302243,Tour,Turonen.,,eccl. b. Martini,dign.,102,
10302243,Tour,Turonen.,,eccl. b. Martini,can.,102,
10302243,Tour,Turonen.,,mon. Maiorismonasterii o. s. B. e. m.,abb. et conv.,275,
10302243,Tour,Turonen.,,,provincia,21,
10302243,Tour,Turonen.,,,ducissa,271,
10302244,Tournay,Tornacen.,,,ep.,291,
10302244,Tournay,Tornacen.,,,vic. gen.,291,
10302244,Tournay,Tornacen.,,eccl.,dign.,102,
10302244,Tournay,Tornacen.,,eccl.,can.,"13, 60, 102",
10302244,Tournay,Tornacen.,,,dioc.,"60, 185, 203",
10302246,Traismauer,Traysenmawr,Patav. dioc.,par. eccl.,,358,
10302247,Tramin,Tramenum,Trident. dioc.,capel. ss. Quirici et Julete,,356,
10302247,Tramin,Tramenum,Trident. dioc.,,villa,356,
10302248,Trapezunt,,,,ep.,"23, 303",
10302249,Traubach,Grafen- oder Holz-Tr.? Trawpach,Ratisp. dioc.,par. eccl.,,395,
10302250,Traunkirchen,Trawnkirchen,Patav. dioc.,par. eccl. s. Marie,,29,
10302250,Traunkirchen,Trawnkirchen,Patav. dioc.,mon. o. s. B.,,29,
10302254,Trebnitz,Trebnicen.,Wratisl. dioc.,mon. Cist. ord.,abb. et conv.,295,
10302254,Trebnitz,Trebnicen.,Wratisl. dioc.,mon. Cist. ord.,alt. in eccl.,"127, 256",
10302256,Treptow a. R,Treptow,Camin. dioc.,par. eccl. in Wiskow e. m.,,253,
10302256,Treptow a. R,Treptow,Camin. dioc.,,op. nouum,253,
10302257,Treuenbrietzen,Bretzen,Brandeb. dioc.,par. eccl.,,342,
10302259,Tribsees,"Tribuxeten., Tribuzes",Zwerin. dioc.,par. eccl.,,196,
10302259,Tribsees,"Tribuxeten., Tribuzes",Zwerin. dioc.,,archidiacon.,86,
10302260,Tribur,,Magunt. dioc.,par. eccl.,,24,
10302261,Trient,Tridentin.,,,ep.,"13, 77, 124, 233",
10302261,Trient,Tridentin.,,,vic. gen.,356,
10302261,Trient,Tridentin.,,eccl.,decan.,"52, 181, 219, 356",
10302261,Trient,Tridentin.,,eccl.,can.,"52, 126, 219, 250, 389, 394",
10302261,Trient,Tridentin.,,eccl.,capit.,"250, 356, 394",
10302261,Trient,Tridentin.,,eccl.,vic.,260,
10302261,Trient,Tridentin.,,eccl.,alt.,"283, 356",
10302261,Trient,Tridentin.,,,cler.,"119, 241, 260",
10302261,Trient,Tridentin.,,,dioc.,"90, 359",
10302261,Trient,Tridentin.,,,collector,359,
10302261,Trient,Tridentin.,,,armig.,255,
10302261,Trient,Tridentin.,,,mil.,318,
10302261,Trient,Tridentin.,,,opid.,"283, 356",
10302261,Trient,Tridentin.,,,laici,"38, 77, 160",
10302261,Trient,Tridentin.,,,civit.,259,
10302262,Trier,Treveren.,,,aep.,"180, 366",
10302262,Trier,Treveren.,,eccl.,can.,"28, 194",
10302262,Trier,Treveren.,,eccl.,vic.,"8, 28",
10302262,Trier,Treveren.,,eccl. s. Paulini e. m.,can.,"8, 28, 215",
10302262,Trier,Treveren.,,eccl. s. Symeonis,can.,"8, 28",
10302262,Trier,Treveren.,,mon. s. Maximini o. s. B. e. m.,abb.,"258, 395",
10302262,Trier,Treveren.,,mon. s. Maximini o. s. B. e. m.,monach.,258,
10302262,Trier,Treveren.,,,presb.,319,
10302262,Trier,Treveren.,,,cler.,"46, 62, 101, 134, 157, 169, 183, 231, 274, 387, 393, 395",
10302262,Trier,Treveren.,,,provincia,"271, 307, 365",
10302262,Trier,Treveren.,,dom. s. Antonii,,"30, 59, 131",
10302262,Trier,Treveren.,,,legatus,"21, 306",
10302262,Trier,Treveren.,,,collector,27,
10302262,Trier,Treveren.,,,mil.,391,
10302263,Trossingen,Trohsingen,Const. dioc.,eccl.,decan.,328,
10302263,Trossingen,Trohsingen,Const. dioc.,par. eccl.,,328,
10302265,Trub,,Const. dioc.,mon. o. s. B.,,357,
10302266,Trunstadt,Tronstat,Herbipol. dioc.,par. eccl.,,276,
10302267,Tüchern,Tichern,Aquil. dioc.,par. eccl.,,355,
10302268,Tuchtfeld,Tuffelde,Minden. dioc.,capel. b. Marie,,174,
10302270,Tuil,Tuul,Traiect. dioc.,par. eccl.,,350,
10302274,Tündern,Tundern,Minden. dioc.,par. eccl.,,56,
10302276,Turek,Thurek,Gnezn. dioc.,par. eccl.,,142,
10302280,Twente,Twenthia,,,terra,145,
10302281,Tyner,Tiner,Aquil. dioc.,par. eccl. s. Martini,,"53, 170, 278",
10302285,Uden,Vde,Colon. dioc.,par. eccl.,,299,
10302286,Udine,Vtinen.,Aquil. dioc.,eccl.,mansionarius,354,
10302289,Ulm,,Const. dioc.,mon. o. s. A. in Insulis in Wengen,prepos.,8,
10302289,Ulm,,Const. dioc.,mon. o. s. A. in Insulis in Wengen,can.,8,
10302289,Ulm,,Const. dioc.,mon. o. s. A. in Insulis in Wengen,capit.,8,
10302289,Ulm,,Const. dioc.,,vic. Trium Regum,86,
10302289,Ulm,,Const. dioc.,,opid.,160,
10302290,St. Ulrich,,Salzb. dioc.,par. eccl. s. Vdalrici,,285,
10302291,Ulrichskirchen,Vlreichskirchen,Patav. dioc.,par. eccl.,,332,
10302292,Ülzen,Vlsen,Verden. dioc.,par. eccl. (prepos. ruralis),,144,
10302293,Ungarn,Hungaria,,,rex,"47, 70, 111, 113, 238, 251, 306, 320, 328, 334, 342, 347, 368",
10302293,Ungarn,Hungaria,,,regina,"59, 61, 368",
10302293,Ungarn,Hungaria,,,regnum,"17, 47, 53, 63, 69, 70, 324, 335",
10302294,Uniejów,"Vnieuien., Vneyouien., Vnegen.",Gnezn. dioc.,eccl. (s. Floriani),prepos.,30,
10302294,Uniejów,"Vnieuien., Vneyouien., Vnegen.",Gnezn. dioc.,eccl. (s. Floriani),can.,"200, 339",
10302294,Uniejów,"Vnieuien., Vneyouien., Vnegen.",Gnezn. dioc.,,archidiacon.,358,
10302295,Unter-Reitnau,"Niderratenow, Nidder- raitenow",Const. dioc.,par. eccl.,,257,
10302297,St. Urban,,Const. dioc.,mon. s. Urbani Cist. ord.,abb. et conv.,203,
10302299,Ürdingen,Vrdingen,Colon. dioc.,,opid.,197,
10302300,Uri,Vrannen,Const. dioc.,,"incole, decime",361,
10302302,Ursberg,Vrsenperg,Frising. dioc.,par. eccl.,,262,
10302304,Utrecht,Traiecten.,,,ep.,"5, 43, 108, 115, 130, 161, 227, 267, 313, 319, 343, 355, 368",
10302304,Utrecht,Traiecten.,,,chorep.,"267, 313",
10302304,Utrecht,Traiecten.,,eccl.,,"29, 355",
10302304,Utrecht,Traiecten.,,eccl.,prepos.,"154, 227, 319, 341, 373",
10302304,Utrecht,Traiecten.,,eccl.,decan.,319,
10302304,Utrecht,Traiecten.,,eccl.,archidiacon.,"154, 227, 319, 341",
10302304,Utrecht,Traiecten.,,eccl.,dign.,"318, 325",
10302304,Utrecht,Traiecten.,,eccl.,can.,"13, 20, 21, 29, 60, 66, 77, 127, 128, 154, 161, 173, 199, 202, 251, 313, 318, 319, 324, 325, 341, 373",
10302304,Utrecht,Traiecten.,,eccl.,capit.,"5, 108, 161, 267, 313, 319, 355",
10302304,Utrecht,Traiecten.,,eccl.,vic.,"136, 258, 347",
10302304,Utrecht,Traiecten.,,eccl. s. Johannis,prepos.,215,
10302304,Utrecht,Traiecten.,,eccl. s. Johannis,dign.,303,
10302304,Utrecht,Traiecten.,,eccl. s. Johannis,can.,"21, 29, 130, 236, 258, 303, 319, 343",
10302304,Utrecht,Traiecten.,,eccl. s. Johannis,capit.,215,
10302304,Utrecht,Traiecten.,,eccl. s. Johannis,vic.,44,
10302304,Utrecht,Traiecten.,,eccl. b. Marie,prepos.,"132, 181, 218",
10302304,Utrecht,Traiecten.,,eccl. b. Marie,can.,"20, 27, 29, 161, 162, 177, 194, 225, 258, 303, 351",
10302304,Utrecht,Traiecten.,,eccl. b. Marie,vic. (benef.),"15, 29, 44",
10302304,Utrecht,Traiecten.,,eccl. b. Marie,alt.,29,
10302304,Utrecht,Traiecten.,,eccl. ss. Petri et Pauli,prepos.,390,
10302304,Utrecht,Traiecten.,,eccl. ss. Petri et Pauli,scholast.,313,
10302304,Utrecht,Traiecten.,,eccl. ss. Petri et Pauli,dign.,313,
10302304,Utrecht,Traiecten.,,eccl. ss. Petri et Pauli,can.,"136, 137, 233, 247, 402",
10302304,Utrecht,Traiecten.,,eccl. s. Saluatoris,,347,
10302304,Utrecht,Traiecten.,,eccl. s. Saluatoris,prepos.,"42, 47, 61, 95, 105, 267, 368, 372",
10302304,Utrecht,Traiecten.,,eccl. s. Saluatoris,decan.,14,
10302304,Utrecht,Traiecten.,,eccl. s. Saluatoris,thesaurar.,356,
10302304,Utrecht,Traiecten.,,eccl. s. Saluatoris,dign.,318,
10302304,Utrecht,Traiecten.,,eccl. s. Saluatoris,can.,"14, 21, 251, 255, 318, 319, 372",
10302304,Utrecht,Traiecten.,,eccl. s. Saluatoris,capit.,"42, 47, 62, 95, 105, 267, 355, 368, 372",
10302304,Utrecht,Traiecten.,,eccl. s. Saluatoris,vic.,"18, 62",
10302304,Utrecht,Traiecten.,,eccl. s. Saluatoris,alt.,44,
10302304,Utrecht,Traiecten.,,"par. eccl. b. Marie, Burkerke (Buerkerch)",,"15, 251",
10302304,Utrecht,Traiecten.,,par. eccl. s. Mathie,,256,
10302304,Utrecht,Traiecten.,,par. eccl. s. Nicolai,,"130, 343",
10302304,Utrecht,Traiecten.,,parochia s. Martini de Aggere,,356,
10302304,Utrecht,Traiecten.,,capel. s. Crucis,,347,
10302304,Utrecht,Traiecten.,,mon. s. Pauli,monach.,373,
10302304,Utrecht,Traiecten.,,mon. s. Laurentii in Oestbroek (Oostbroek) e. m.,vic. in capel.,129,
10302304,Utrecht,Traiecten.,,mon. o. s. B. in Oudwika (Oudwijk) e. m.,monial.,112,
10302304,Utrecht,Traiecten.,,dom. fr. Min.,,355,
10302304,Utrecht,Traiecten.,,hosp. s. Johannis Ierosol.,preceptor.,56,
10302304,Utrecht,Traiecten.,,,presb.,"43, 108, 119, 134, 311, 316, 343, 344, 347, 355, 363, 373, 393, 400",
10302304,Utrecht,Traiecten.,,,subdiacon.,47,
10302304,Utrecht,Traiecten.,,,cler.,"14, 25, 55, 59, 61, 105, 108, 119, 130, 131, 136, 154, 158, 161, 165, 177, 181, 185, 194, 207, 213, 224, 235, 236, 252, 255, 258, 265, 267, 277, 289, 299, 310, 311, 336, 345, 347, 350, 351, 367, 371, 373, 374, 387, 392, 402",
10302304,Utrecht,Traiecten.,,,fr. ord. Min.,229,
10302304,Utrecht,Traiecten.,,,dioc.,"140, 203",
10302304,Utrecht,Traiecten.,,,collector,"202, 356",
10302304,Utrecht,Traiecten.,,,subcollect.,173,
10302304,Utrecht,Traiecten.,,,offic.,130,
10302304,Utrecht,Traiecten.,,,armig.,"98, 107, 133, 240, 259",
10302304,Utrecht,Traiecten.,,,mil.,"65, 113, 252, 254, 355, 371",
10302304,Utrecht,Traiecten.,,,baron.,362,
10302304,Utrecht,Traiecten.,,,domic.,"65, 75, 348, 370",
10302304,Utrecht,Traiecten.,,,opid.,320,
10302304,Utrecht,Traiecten.,,,laici,"47, 75, 143, 180, 290, 297, 301, 321, 337, 348, 350, 356, 371, 372",
10302304,Utrecht,Traiecten.,,,civit.,356,
10302305,Ützleben,Vezleuben,Halberst. dioc.,,archidiacon.,204,
10302309,Valenciennes,Valenthene,Camerac. dioc.,par. eccl. s. Gaugerici,,60,
10302311,Valle di Ledro,Vallisleodri,Trident. dioc.,par. eccl. s. Marie,,293,
10302326,Varangéville,Warengueilla,Tullen. dioc.,,priorat. de Portu o. s. B.,159,
10302328,Varnen,,,,ep.,295,
10302330,Vaux-de-Cernay,Vallessarnar.,Paris. dioc.,mon. o. s. B.,,183,
10302331,Vechingen,Vekingen,Meten. dioc.,par. eccl.,,"319, 320",
10302332,Vechta,Vechte,Osnab. dioc.,par. eccl.,,213,
10302333,Veen,,Traiect. dioc.,,domina,139,
10302334,Vehra,Veere,Magunt. dioc.,,locus,281,
10302335,Veilsdorf,Veylstorff,Herbipol. dioc.,mon. o. s. B.,abb. et conv.,79,
10302336,Veitshöchheim,Feitzchochem,Herbi-pol. dioc.,par. eccl.,,216,
10302340,Venecompen,,,,ep.,"10, 348",
10302341,Venedig,Venetia,,,civit.,"48, 209",
10302341,Venedig,Venetia,,,ducatus,307,
10302343,Verden,,,,ep. (el.),"15, 22, 57, 145, 217, 231, 271, 357, 375",
10302343,Verden,,,,vic. gen.,231,
10302343,Verden,,,eccl.,celeraria,343,
10302343,Verden,,,eccl.,dign.,"145, 343",
10302343,Verden,,,eccl.,can.,"145, 254, 343",
10302343,Verden,,,eccl.,capit.,"57, 357, 375",
10302343,Verden,,,eccl.,vic.,"57, 246, 247, 349",
10302343,Verden,,,eccl. s. Andree,vic.,"82, 83, 84",
10302343,Verden,,,eccl. s. Nicolai,vic.,140,
10302343,Verden,,,,presb.,"231, 396",
10302343,Verden,,,,cler.,"57, 83, 122, 148, 151, 156, 183, 220, 265, 266, 286, 322, 357, 395",
10302343,Verden,,,,dioc.,145,
10302343,Verden,,,,nuntius,66,
10302343,Verden,,,,collector,"194, 226, 267",
10302343,Verden,,,,subcollect.,236,
10302343,Verden,,,,laici,357,
10302344,Verdun,Virdunen.,,eccl.,decan.,101,
10302344,Verdun,Virdunen.,,eccl.,scolast.,102,
10302344,Verdun,Virdunen.,,eccl.,can.,"46, 102, 180, 184, 229, 268, 314, 315, 398",
10302344,Verdun,Virdunen.,,eccl. b. Marie Magdalene,can.,102,
10302344,Verdun,Virdunen.,,,dioc.,335,
10302345,Verviers,Veruiers,Leod. dioc.,par. eccl.,,318,
10302350,Vianen,Vyanen,Traiect. dioc.,,domicellus,189,
10302351,Viechtach,Vichtach,Ratisp. dioc.,par. eccl.,,"48, 359, 401",
10302352,Vienne,,,mon. s. Antonii,,"21, 25, 60, 219, 222, 307, 308, 310, 329",
10302352,Vienne,,,mon. s. Antonii,abb. et conv.,308,
10302352,Vienne,,,mon. s. Antonii,can.,"25, 30, 59, 131, 228, 308, 310",
10302353,S. Vigilio in Rendena-Tal,in Randena,Trident. dioc.,par. eccl. s. Vigilii,,233,
,Vilich,"Vilica, Vilika",Colon. dioc.,mon. o. s. B.,abb. et conv.,169,
,Vilich,"Vilica, Vilika",Colon. dioc.,mon. o. s. B.,can.,169,
10302357,Villach,,Salzb. dioc.,,civit. et castrum,116,
10302358,Villafranca,,,,portus,334,
10302359,Ville-Haute,Vilhaute,Leod. dioc.,,person.,11,
,Villingen,Vilingen,Const. dioc.,,decan.,115,
,Villingen,Vilingen,Const. dioc.,par. eccl. in Vetereuilla e. m.,,327,
,Villingen,Vilingen,Const. dioc.,capel. s. Johannis bapt.,,327,
10302363,Vilshofen,Wilshofen,Patav. dioc.,eccl. s. Johannis,can.,364,
10302364,Vimbuch,"Bintburch, Vinburch",Argent. dioc.,par. eccl.,,341,
10302365,Virchenzin,Verchetin,Camin. dioc.,par. eccl.,,145,
10302367,Virnays,,Leod. dioc.,,dominus,109,
10302371,Viterbo,,,,civit.,20,
10302372,Vivente,Viventin.,,,"opid., civit.",6,
10302373,Vlake,,Traiect. dioc.,par. eccl.,,218,
10302376,Vlissingen,"AntiquaVlissinghen, Ouder-vlissinghen",Traiect. dioc.,par. eccl.,,"62, 136",
10302377,Vlodrop,Vlodorp,Leod. dioc.,par. eccl.,,177,
10302379,Vöcklabruck,Wegklaprük,Patav. dioc.,par. eccl. cum hosp. paup.,,62,
10302381,Voettere,,Osnab. dioc.,par. eccl.,,30,
10302382,Vogelsdorf,Vggeldorp,Sleswic. dioc.,par. eccl.,,11,
10302383,Vogtareuth,Vogcterrawt,Salzb. dioc.,par. eccl. s. Emerami,,210,
10302384,Vohburg,Vochburg,Ratisp. dioc.,par. eccl.,,26,
10302385,Voigtshagen,Woghedehaghen,Zwerin. dioc.,par. eccl.,,196,
10302386,Voitzberg,Voyczperg,Seccov. dioc.,par. eccl.,,182,
10302387,Völkermarkt,Volkrmarcht,Salzb. dioc.,,civit.,138,
10302388,Volkerode,Wolkenderode,Magunt. dioc.,mon. Cist. ord.,abb.,81,
10302389,Vollmaringen,Vilmeringhen,Const. dioc.,par. eccl.,,226,
10302390,Volterra,Vulterran.,,,ep.,"55, 111, 261",
10302390,Volterra,Vulterran.,,eccl.,can.,185,
10302391,Voorhout,Voerhaut,Traiect. dioc.,par. eccl. b. Marie,,42,
10302392,Voorne,Vorne,Traiect. dioc.,capel. s. Pancratii,,190,
10302393,Voorschoten,Voorscoten,Traiect. dioc.,par. eccl.,,180,
10302400,Vrechen,,Colon. dioc.,par. eccl.,,171,
10302401,Vreden,,Monast. dioc.,mon. o. s. B.,abbat. et conv.,367,
10302402,Vrisheim,Vrishem,Colon. dioc.,par. eccl.,,171,
10302405,Vulensike,,? Bremen. dioc.,par. eccl.,,57,
10302410,Wagram,,Patav. dioc.,par. eccl. s. Stephani,,"50, 261, 262, 300, 352",
10302412,Waibstadt,Weypstad,Wormat. dioc.,par. eccl.,,205,
10302413,Waidhofen,Waydehouen super Ybsam [Ybbs],Patav. dioc.,par. eccl. s. Lamperti,,"119, 122, 170, 223",
10302414,Walchern,Wallacia,Traiect. dioc.,eccl. b. Marie in partibus W.,alt.,220,
10302415,Waldbergheim,"? Bergen, Bergem, Berghen",Magunt. dioc.,par. eccl.,,"315, 316, 398",
10302416,Waldhausen,Walthusen,Magunt. dioc.,capel. s. Martini,,120,
10302417,Waldhilbersheim,Walthilbershem,Magunt. dioc.,par. eccl.,,"116, 117",
10302418,Waldsassen,"Waldsachsen, Walt-sachsen",Ratisp. dioc.,mon. Cist. ord.,abb.,"39, 81, 87",
10302418,Waldsassen,"Waldsachsen, Walt-sachsen",Ratisp. dioc.,mon. Cist. ord.,conv.,39,
10302419,Waldsee,Walsse,Const. dioc.,mon. o. s. A.,prepos.,181,
10302419,Waldsee,Walsse,Const. dioc.,,civit. op.,362,
10302420,Walhausen,Walhusen,Magunt. dioc.,capel. s. Martini,,387,
10302421,Walkenried,Valkinreid,Magunt. dioc.,mon. Cist. ord.,abb.,81,
10302422,Walkershofen,,Frising. dioc.,par. eccl. b. Marie,,359,
10302424,Wallenbrück,Woldenbrucge,Osnab. dioc.,par. eccl.,,19,
10302425,Walleshausen,Valleshausen,August. dioc.,par. eccl.,,303,
10302426,Walpertsweiler,Walpertswiler,Const. dioc.,par. eccl.,,371,
10302427,Walsede,Walsiede,Verden. dioc.,eccl.,prepos.,231,
10302430,Waltersau,,Waltzerczow-Prag. dioc.,par. eccl.,,352,
10302431,Waltersdorf,Walthersdorf,Salzb. dioc.,par. eccl.,,287,
10302432,Waltfeucht,Waltbuht,Leod. dioc.,par. eccl.,,108,
10302436,Wandris,,Wratisl. dioc.,par. eccl.,,240,
10302437,Wansen,Wansaw,Wratisl. dioc.,par. eccl.,,"28, 298, 351",
10302438,Warburg,"Wartberg, Wartemberg",Padeb. dioc.,par. eccl. s. Johannis bapt. Noui-opidi,,221,
10302440,Warmbrunn,Warmborn,Wratisl. dioc.,par. eccl.,,281,
10302440,Warmbrunn,Warmborn,Wratisl. dioc.,,prepos.,281,
,Warnow,Warne,Zwerin. dioc.,capel. b. Marie,,145,
10302443,Warschau,Warszouien.,Poznan. dioc.,par. eccl. s. Johannis,,102,
10302445,Wassenberg,Wassenburg,Leod. dioc.,eccl. s. Georgii,prepos.,239,
10302445,Wassenberg,Wassenburg,Leod. dioc.,eccl. s. Georgii,scholast.,120,
10302445,Wassenberg,Wassenburg,Leod. dioc.,eccl. s. Georgii,can.,239,
10302445,Wassenberg,Wassenburg,Leod. dioc.,eccl. s. Georgii,matricularia,157,
10302447,Weddern,Wederden,Monast. dioc.,capel.,,166,
10302451,Wehingen,Wahingen,Const. dioc.,par. eccl.,,328,
10302452,Weiarn,Weyr,Frising. dioc.,mon. s. Petri o. s. A.,can.,363,
10302453,Weiding,Weyding,Patav. dioc.,capel. ss. Petri et Catherine,,360,
10302454,Weihmörting,Weihenmerting,Patav. dioc.,par. eccl.,,364,
10302455,Weilburg,Wileborg,Trev. dioc.,eccl. s. Walburgis,can.,387,
10302456,Weiler,"Maior Wyler, Viller",August. dioc.,par. eccl. s. Michaelis,,124,
10302457,"Weilerthal, Val de Villè",Wilrtal,Argent. dioc.,mon. o. s. B.,abb. et conv.,374,
10302458,Weimersheim,Weymersheim,Eystet. dioc.,par. eccl. s. Viti,,363,
10302459,Weingarten,Wingarten,Const. dioc.,mon. o. s. B.,,95,
10302459,Weingarten,Wingarten,Const. dioc.,mon. o. s. B.,abb.,"193, 330",
10302459,Weingarten,Wingarten,Const. dioc.,mon. o. s. B.,conv.,330,
10302459,Weingarten,Wingarten,Const. dioc.,mon. o. s. B.,capel. in eccl.,193,
10302460,Weinheim,Wynheym,Wormat. dioc.,par. eccl.,,98,
10302461,Weissenhorn,Wissenhorn,August. dioc.,par. eccl.,,375,
10302462,Weisskirchen,Wyskirchen,Colon. dioc.,par. eccl.,,393,
10302463,Welden,,Traiect. dioc.,par. eccl.,,256,
10302465,Wels,Welcz,Patav. dioc.,par. eccl. (s. Johannis evang.),,"123, 164, 170, 316, 320",
10302466,Weltenburg,,Ratisp. dioc.,mon. s. Georgii mart.,abb.,47,
10302467,Wemeldingen,Welmeldingen,Traiect. dioc.,eccl.,alt.,44,
10302470,Werde,Werdea,Passav. dioc.,eccl. ss. Primi et Feliciani,prepos.,170,
10302471,Werden,,Colon. dioc.,eccl. s. Swiberti,can.,"70, 171, 241",
10302473,Werle,,,dominus terre,,"60, 192",
10302474,Wernigerode,Werningerode,,,comes,167,
10302475,Werschweiler,Werinuillerium,Meten. dioc.,mon. Cist. ord.,abb.,146,
10302476,Wertheim,,Herbipol. dioc.,par. eccl. b. Marie,,367,
10302476,Wertheim,,Herbipol. dioc.,,comes,"123, 253",
10302478,Wesel,Wesele,Colon. dioc.,,curtes et decime,79,
10302479,Wesprim,Vesprimen.,,,administrator,345,
10302479,Wesprim,Vesprimen.,,,dioc.,"251, 258",
10302481,West-Zouburg,Vesterzuborch prope,Middelborch-Traiect. dioc.,par. eccl.,,29,
10302482,Wetzendorf,Wetzendorff,Bamberg. dioc.,,decima,61,
10302483,Wetzlar,"Wetflarien, Wetzflarien.",Trev. dioc.,eccl. b. Marie,prepos.,"301, 311",
10302484,Wetzstein,Wethstein,Herbipol. dioc.,par. eccl.,,91,
10302485,Weutsch,Vels,Aquil. dioc.,capel.,,285,
10302489,Wiblingen,Wibblingen,Const. dioc.,mon. o. s. B.,monach.,191,
10302490,Wichiolowo,,Gnezn. dioc.,par. eccl. s. Margarethe,,333,
10302493,Wiedenbrück,Wydenburg,Osnab. dioc.,eccl.,can.,108,
10302494,Wiemeringhausen,Wigmerinchusen,Padeb. dioc.,,additamentum eccl. Padeb.,363,
10302495,Wien,Wiennen.,Patav. dioc.,eccl. ss. Stephani et Omniumsanctorum,prepos.,374,
10302495,Wien,Wiennen.,Patav. dioc.,eccl. ss. Stephani et Omniumsanctorum,can.,224,
10302495,Wien,Wiennen.,Patav. dioc.,capel. s. Georgii,,"15, 152, 153, 389",
10302495,Wien,Wiennen.,Patav. dioc.,capel. dom. s. Jeronimi,,30,
10302495,Wien,Wiennen.,Patav. dioc.,mon. Scotorum o. s. B.,abb.,25,
10302495,Wien,Wiennen.,Patav. dioc.,studium,,"15, 275, 298, 358, 360, 376",
10302495,Wien,Wiennen.,Patav. dioc.,,opid.,"48, 355",
10302495,Wien,Wiennen.,Patav. dioc.,,civit.,"138, 153",
10302496,Wieselburg,Wiselburg,Patav. dioc.,par. eccl.,,50,
10302497,Wiesenfeld,"Wysenpfelt, Wisenpfelt",Herbipol. dioc.,par. eccl.,,215,
10302498,Wiesensteig,Wisenstaig,Const. dioc.,eccl. s. Ciriaci,can.,268,
10302500,Wigoltingen,,Const. dioc.,par. eccl.,,94,
10302501,Wijk by Duurstede,"Wiech, Wiick prope Duersteden",Traiect. dioc.,eccl.,,368,
10302501,Wijk by Duurstede,"Wiech, Wiick prope Duersteden",Traiect. dioc.,eccl.,dec. et capit.,"357, 368",
10302501,Wijk by Duurstede,"Wiech, Wiick prope Duersteden",Traiect. dioc.,par. eccl.,,358,
10302501,Wijk by Duurstede,"Wiech, Wiick prope Duersteden",Traiect. dioc.,mon. b. Marie Magdalene o. s. A. (Prem. ord.),priorissa et sorores,368,
10302503,Wildenau,Wildenau,Patav. dioc.,capel. b. Marie Virg. et s. Georgii mart.,,368,
10302504,Wildeshausen,Wildeshusen,Osnab. dioc.,eccl. s. Alexandri,can.,"44, 71, 388",
10302506,Willgottheim,Wiltgothem,Argent. dioc.,eccl.,primissaria,361,
10302509,Wilster,"Wilstria, Wilsnia",Bremen. dioc.,par. eccl.,,"150, 293",
10302510,Windberg,Windperg,Ratisp. dioc.,mon. Prem. ord. (o. s. B.),abb.,"39, 374, 401",
10302510,Windberg,Windperg,Ratisp. dioc.,mon. Prem. ord. (o. s. B.),conv.,39,
10302511,Windischgrätz,Windischgretz,Aquil. dioc.,par. eccl. s. Martini prope W.,,69,
10302511,Windischgrätz,Windischgretz,Aquil. dioc.,par. eccl. s. Pancratii,,69,
10302512,Windsbach,Windsbach,Eystet. dioc.,par. eccl.,,175,
10302514,Winsen,Wynsem,Colon. dioc.,par. eccl.,,402,
10302515,Wintersdorf,Wyntersdorf,Argent. dioc.,,villa,"64, 333",
10302516,Winterswyck,"Winterswick, Wynterswich",Monast. dioc.,par. eccl.,,252,
10302517,Wintzenheim,Witzenheim,Basil. dioc.,par. eccl.,,92,
10302518,Wippach,Wippacum,Aquil. dioc.,par. eccl. s. Stephani,,"228, 310",
10302520,Wiry,"? Wyr, Wiir",Poznan. dioc.,par. eccl.,,"282, 283",
10302521,Wischehrad,Wissegaden.,Prag. dioc.,eccl. s. Petri,decan.,183,
10302521,Wischehrad,Wissegaden.,Prag. dioc.,eccl. s. Petri,can.,"20, 50, 173, 251",
10302527,Wislica,"Vislicien., Wislicien.",Gnezn. dioc.,eccl. b. Marie,cantor.,310,
10302527,Wislica,"Vislicien., Wislicien.",Gnezn. dioc.,eccl. b. Marie,can.,399,
10302528,Wismar,"Wysmarien., Wismer",Raseb. dioc.,par. eccl. s. Georgii,,"235, 290",
10302528,Wismar,"Wysmarien., Wismer",Raseb. dioc.,par. eccl. b. Marie,,"210, 216, 256",
10302532,Wittenberg,,Brandeb. dioc.,eccl. Omniumsanctorum,,"329, 375",
10302532,Wittenberg,,Brandeb. dioc.,,civit.,329,
10302533,Witterda,Witterde,Magunt. dioc.,par. eccl.,,195,
10302534,Witternheim,Wittersheim,Argent. dioc.,par. eccl.,,333,
10302535,Wittichenau,"Wytschenau, Witchenaw",Misn. dioc.,par. eccl.,,"276, 318, 399",
10302536,Wittmund,"Withmunden, Wichtmunden",Traiect. dioc.,par. eccl.,,277,
10302541,Woerden,,Traiect. dioc.,par. eccl.,,244,
10302543,Wognum,? Woggenheim,Traiect. dioc.,par. eccl.,,324,
10302544,Wola,Longawola,Poznan. dioc.,eccl. ﬁlialis ss. Laurentii et Marci,,102,
10302545,Wolborz,"Woybors, Woyborcz",Gnezn. dioc.,par. eccl.,,"37, 289",
10302547,Wolfenbüttel,Vulfelbotel,Halberst. dioc.,capel. s. Longini,,376,
10302547,Wolfenbüttel,Vulfelbotel,Halberst. dioc.,,castrum,"64, 376",
10302548,Wolfensweiler,Woluensuiler,Const. dioc.,par. eccl.,,226,
10302549,Wölfis,Wolfys,Magunt. dioc.,par. eccl.,,158,
10302550,Wolfsbach,Wolfspach,Patav. dioc.,par. eccl. s. Viti,,352,
10302551,Wolfsberg,Wolfsperg,Salzb. dioc.,par. eccl.,,126,
10302553,Wollin,Wolyn,Camin. dioc.,mon. Cist. ord.,priorissa,9,
10302554,Wollmen,Wolmen,Merseb. dioc.,par. eccl.,,147,
10302555,Wondelgem,Wondelgheem,Tornac. dioc.,par. eccl.,,291,
10302556,Wonsees,Wunghesesz,Bamberg. dioc.,par. eccl.,,"349, 401",
10302557,Woringen,Worringen,August. dioc.,par. eccl.,,9,
10302558,Wormditt,Wormedith,Warmien. dioc.,par. eccl.,,125,
10302560,Worms,Wormatien.,,,ep.,"135, 271, 391",
10302560,Worms,Wormatien.,,eccl.,prepos.,24,
10302560,Worms,Wormatien.,,eccl.,can.,"66, 71, 287, 299",
10302560,Worms,Wormatien.,,eccl.,capit.,135,
10302560,Worms,Wormatien.,,eccl.,vic.,315,
10302560,Worms,Wormatien.,,eccl.,alt.,"161, 287",
10302560,Worms,Wormatien.,,eccl. s. Andree,prepos.,224,
10302560,Worms,Wormatien.,,eccl. s. Andree,can.,224,
10302560,Worms,Wormatien.,,eccl. s. Ciriaci Nuhusen. e. m.,prepos.,121,
10302560,Worms,Wormatien.,,eccl. s. Ciriaci Nuhusen. e. m.,can.,"91, 224, 394",
10302560,Worms,Wormatien.,,eccl. s. Ciriaci Nuhusen. e. m.,capit.,121,
10302560,Worms,Wormatien.,,eccl. b. Marie e. m.,vic.,239,
10302560,Worms,Wormatien.,,capel. novi hosp. paup. e. m.,alt.,227,
10302560,Worms,Wormatien.,,mon. Nunnenmunster Cist. ord. e. m.,alt. in eccl.,227,
10302560,Worms,Wormatien.,,,presb.,287,
10302560,Worms,Wormatien.,,,cler.,"121, 177, 211, 224, 260, 292, 394",
10302560,Worms,Wormatien.,,,subcollect.,391,
10302560,Worms,Wormatien.,,,civit.,337,
10302564,Wulfersdorf,Wlfrastorf,Misn. dioc.,par. eccl.,,28,
10302565,Wülfinghausen,"Wlinghusen, Wulinc husen",Hildesem. dioc.,mon. o. s. A.,,376,
10302568,Wunsiedel,Bonsidel,Ratisp. dioc.,par. eccl.,,"86, 87",
10302569,Wunstorf,Vunstorp,Minden. dioc.,,comes,257,
10302570,Wurselde,Worselden,Colon. dioc.,par. eccl.,,10,
10302571,Wursten,Wurzacia,Bremen. dioc.,,archidiacon.,95,
10302572,Württemberg,Wirtenberg,Const. dioc.,,comes,107,
10302573,Würzburg,Herbipolen.,,,ep. (el.),"39, 67, 79, 86, 91, 94, 105, 126, 154, 158, 164, 167, 189, 197, 201, 215, 223, 230, 254, 272, 281, 294, 311, 391",
10302573,Würzburg,Herbipolen.,,,vic. episc.,"86, 94, 269, 281",
10302573,Würzburg,Herbipolen.,,eccl.,,7,
10302573,Würzburg,Herbipolen.,,eccl.,prepos.,301,
10302573,Würzburg,Herbipolen.,,eccl.,decan.,301,
10302573,Würzburg,Herbipolen.,,eccl.,archidiacon.,185,
10302573,Würzburg,Herbipolen.,,eccl.,scholast.,123,
10302573,Würzburg,Herbipolen.,,eccl.,can.,"7, 8, 105, 110, 111, 122, 123, 126, 132, 133, 163, 165, 175, 185, 197, 216, 272, 273, 275, 294, 302, 350, 351",
10302573,Würzburg,Herbipolen.,,eccl.,capit.,"39, 67, 164, 167, 189, 391",
10302573,Würzburg,Herbipolen.,,eccl.,vic.,"55, 109, 165, 168, 299",
10302573,Würzburg,Herbipolen.,,eccl.,alt.,223,
10302573,Würzburg,Herbipolen.,,eccl. s. Johannis in Haugis e. m.,prepos.,175,
10302573,Würzburg,Herbipolen.,,eccl. s. Johannis in Haugis e. m.,can.,"14, 92, 96, 141, 142, 276",
10302573,Würzburg,Herbipolen.,,eccl. s. Johannis Nouimonasterii,prepos.,105,
10302573,Würzburg,Herbipolen.,,eccl. s. Johannis Nouimonasterii,vicedecan.,239,
10302573,Würzburg,Herbipolen.,,eccl. s. Johannis Nouimonasterii,can.,"121, 165, 215, 239, 349, 391, 400",
10302573,Würzburg,Herbipolen.,,eccl. s. Johannis Nouimonasterii,capit.,239,
10302573,Würzburg,Herbipolen.,,mon. s. Burchardi o. s. B. e. m.,,167,
10302573,Würzburg,Herbipolen.,,mon. s. Burchardi o. s. B. e. m.,abb.,281,
10302573,Würzburg,Herbipolen.,,,presb.,"86, 88, 91, 158, 164, 206, 269",
10302573,Würzburg,Herbipolen.,,,cler.,"39, 61, 78, 87, 110, 121, 123, 133, 152, 165, 167, 169, 206, 207, 216, 275, 276, 351",
10302573,Würzburg,Herbipolen.,,,can. in civit.,266,
10302573,Würzburg,Herbipolen.,,,scolar.,172,
10302573,Würzburg,Herbipolen.,,,armig.,"42, 105, 278",
10302573,Würzburg,Herbipolen.,,,laici,"39, 96, 107, 175, 275, 362",
10302573,Würzburg,Herbipolen.,,,castrum Montis b. Marie Virg.,197,
10302574,Wurzen,Wurtzin.,Misn. dioc.,eccl.,can.,176,
10302579,Wynau,? Wunnaw,Const. dioc.,par. eccl.,,203,
10302584,Xanten,Xancten.,Colon. dioc.,eccl. s. Victoris,prepos.,"12, 25, 117, 118, 130, 135, 153, 154",
10302584,Xanten,Xancten.,Colon. dioc.,eccl. s. Victoris,decan.,135,
10302584,Xanten,Xancten.,Colon. dioc.,eccl. s. Victoris,dign.,"346, 372",
10302584,Xanten,Xancten.,Colon. dioc.,eccl. s. Victoris,can.,"12, 25, 31, 37, 58, 117, 118, 132, 134, 217, 237, 316, 317, 324, 325, 344, 346, 372, 395",
10302584,Xanten,Xancten.,Colon. dioc.,eccl. s. Victoris,capit.,"25, 117, 118, 135",
10302584,Xanten,Xancten.,Colon. dioc.,eccl. s. Victoris,offic.,135,
10302585,Ybbs,"Ybsa, Insa",,,flumen,122,
10302586,Yhorst,,Traiect. dioc.,par. eccl.,,145,
10302596,YsselMuiden,Yselmuden,Traiect. dioc.,par. eccl.,,216,
10302598,Zabelstein,Czabelstein,Herbipol. dioc.,,castrum,189,
10302599,Zabern,Zabernia,Argent. dioc.,par. eccl.,,32,
10302599,Zabern,Zabernia,Argent. dioc.,mon. s. Marie,,32,
,(Kl.) Zacken,"Czaken, Wenige Cz.",Wratisl. dioc.,,flumen,281,
10302604,Zandberg,,Traiect. dioc.,,domina,139,
10302607,Zeholfing,Czeolfinghen,Patav. dioc.,par. eccl.,,224,
10302608,Zeitz,"Ciczen., Czicen., Cy cen.",Nuemb. dioc.,eccl.,prepos.,"22, 386",
10302608,Zeitz,"Ciczen., Czicen., Cy cen.",Nuemb. dioc.,eccl.,dign.,398,
10302608,Zeitz,"Ciczen., Czicen., Cy cen.",Nuemb. dioc.,eccl.,can.,"22, 202, 316, 386, 398",
10302608,Zeitz,"Ciczen., Czicen., Cy cen.",Nuemb. dioc.,eccl.,capit.,"22, 394",
10302608,Zeitz,"Ciczen., Czicen., Cy cen.",Nuemb. dioc.,eccl.,vic.,"52, 143, 204, 216, 274, 301, 386, 394",
10302611,Zelking,Czelking,Patav. dioc.,,baron.,167,
10302612,Zell,Celle,Salzb. dioc.,par. eccl. b. Marie Virg.,,258,
10302613,Zengg,Signen.,,,ep.,370,
10302614,Zeven,Tzeuana,Bremen. dioc.,mon. s. Viti o. s. B.,"prep., priorissa ac conv.",246,
10302615,Ziegenhals,Czegenhals,Wratisl. dioc.,par. eccl. s. Laurentii,,"113, 284",
10302618,Zirl,,Brixin. dioc.,eccl. s. Crucis,benef.,19,
10302620,Znin,"Zwena, Znena",Poznan. dioc.,mon.,abb.,282,
10302621,Zoelen,,Traiect. dioc.,par. eccl.,,206,
10302622,Zofingen,,Const. dioc.,eccl. s. Mauritii,can.,"155, 294",
10302622,Zofingen,,Const. dioc.,eccl. s. Mauritii,capit.,32,
10302624,Zollern,Czolrn,,,comes,118,
10302626,Zürich,Thuricen.,,abbatia ss. Felicis et Regule,prepos.,"90, 219",
10302626,Zürich,Thuricen.,,abbatia ss. Felicis et Regule,can.,"90, 92, 208, 219, 220, (233 345), 399",
10302626,Zürich,Thuricen.,,abbatia ss. Felicis et Regule,pleban.,"90, 219",
10302626,Zürich,Thuricen.,,ss. Felicis et Regule,prepos.,354,
10302626,Zürich,Thuricen.,,ss. Felicis et Regule,can.,"100, 101, 147, (208), 219, 220, (233 345), 355, 399",
10302626,Zürich,Thuricen.,,ss. Felicis et Regule,vic.,73,
10302627,Zurzach,Zurcziac.,Const. dioc.,eccl. s. Verene,can.,"284, 340",
10302629,Zutphen,Zutphanen.,Traiect. dioc.,eccl. s. Walburgis,can.,137,
10302629,Zutphen,Zutphanen.,Traiect. dioc.,eccl. s. Walburgis,vic.,"185, 241, 278",
10302629,Zutphen,Zutphanen.,Traiect. dioc.,,cometa,"145, 188",
10302632,Zwentendorf,Czwentendorff,Patav. dioc.,,par eccl.,316,
10302634,Zwettl,Czwetel,Patav. dioc.,par. eccl.,,"339, 340",
10302636,Zwickau,Czwickow,Nuemb. dioc.,capel. hosp. s. Georgii e. m.,,32,
10302637,Zwiefalten,"Zwiffalten, Czwifaltingen",Const. dioc.,mon. o. s. B.,abb.,"273, 375",
10302637,Zwiefalten,"Zwiffalten, Czwifaltingen",Const. dioc.,mon. o. s. B.,conv.,273,
10302638,Zwolle,"Swolle, Zuolle",Traiect. dioc.,par. eccl. s. Michaelis,,"341, 344",
10302638,Zwolle,"Swolle, Zuolle",Traiect. dioc.,mon. o. s. A.,prior et conv.,297,
10302638,Zwolle,"Swolle, Zuolle",Traiect. dioc.,mon. o. s. A.,monach.,140,
10302639,Zyfflich,Zeflicen.,Colon. dioc.,eccl.,can.,135,
